movie_id,question
157336,Can you recommend a science fiction adventure movie about space travel and wormholes?
157336,What’s a good drama movie with an epic journey through space and time?
157336,Suggest a movie about explorers trying to save humanity with advanced space travel
27205,Can you recommend a mind-bending sci-fi action movie about dreams and subconscious infiltration?
27205,I’m looking for an adventure movie with a complex plot and lots of twists—any suggestions?
27205,What’s a good science fiction thriller where the main character has to pull off an impossible mission?
24428,Can you recommend a sci-fi action adventure movie about a team coming together to stop a global threat?
24428,What's a good movie where a secret agency recruits heroes to save the world?
24428,I want an action-packed superhero movie with a big international threat and lots of teamwork—what should I watch?
155,What are some dark superhero movies with intense crime and thriller elements?
155,Can you recommend a movie about a vigilante fighting organized crime in a gritty city?
155,What action thrillers feature a brilliant villain causing chaos and challenging the hero?
19995,Can you recommend an action sci-fi adventure movie about a future mission to an alien planet?
19995,What’s a good movie where a human becomes conflicted between a military order and protecting an alien species?
19995,"I’m looking for a visually epic science fiction film with adventure, aliens, and a battle over a distant moon."
293660,Can you recommend a funny action movie with a sarcastic antihero?
293660,What’s a good adventure-comedy about a superhero with healing powers?
293660,Can you suggest a movie about a mercenary seeking revenge with lots of dark humor?
550,What are some dark psychological thrillers about identity and mental breakdown?
550,Can you recommend movies about underground subcultures and violent male bonding?
550,I want a dramatic thriller with a twisted plot and themes of chaos and rebellion.
299536,Can you recommend an action-packed sci-fi adventure with a big superhero team and a cosmic villain?
299536,What movie should I watch if I want a Marvel-style adventure about saving the universe from an all-powerful enemy?
299536,"Do you know a thrilling science fiction action movie with lots of heroes, epic battles, and high stakes?"
278,Can you recommend a gripping prison drama about hope and friendship?
278,What movie should I watch if I want an emotional story set in prison with strong character development?
278,Do you know any classic crime dramas that are inspiring and highly rated?
680,Can you recommend a darkly funny crime thriller with multiple intersecting stories and non-linear storytelling?
680,"What’s a cult classic movie with crime, comedy, and memorable dialogue that jumps around in time?"
680,"I’m looking for a quirky, violent thriller about hit men, gangsters, and a boxer—any suggestions?"
13,Can you recommend a funny but emotional movie about a simple guy who goes through major historical events and has a bittersweet love story?
13,What’s a good drama-comedy about an underdog who unexpectedly achieves a lot in life?
13,"I’m looking for a romantic, uplifting movie with humor and a memorable main character who endures a lot—what should I watch?"
118340,What are some fun action-packed sci-fi adventure movies with a humorous team of misfits?
118340,Can you recommend a space movie about a reluctant hero who gets caught up in a galactic chase?
118340,"What are good movies involving an important artifact, bounty hunters, and interplanetary adventure?"
671,Can you recommend a fantasy adventure movie about a boy who discovers he is a wizard and goes to a magical school?
671,What’s a good movie for someone who likes stories about orphaned kids uncovering magical powers and hidden family secrets?
671,"Can you suggest a family-friendly adventure film set in a wizarding world with magic, school life, and a mysterious villain?"
1726,Can you recommend an action sci-fi adventure movie about a billionaire who builds a high-tech suit of armor?
1726,What’s a good movie where an engineer becomes a superhero after escaping captivity?
1726,Suggest a movie with a weapons designer who creates an armored suit to fight evil.
68718,Can you recommend a dramatic western about a freed slave seeking to rescue his wife from a plantation owner?
68718,What is a movie like Django Unchained that mixes drama and western elements with a revenge or rescue storyline?
68718,"I’m looking for a gritty Western drama involving a bounty hunter and a mission to free someone from slavery, what should I watch?"
603,Can you recommend a sci-fi action movie about a hacker fighting intelligent machines that control the world?
603,What’s a movie like The Matrix with underground rebels battling a powerful computer system?
603,Suggest a futuristic action film where humans resist a machine-run society.
299534,Can you recommend a superhero movie with a big final battle and lots of action?
299534,I’m looking for an epic sci-fi adventure where the heroes try to save the universe from a powerful villain.
299534,What’s a good movie to watch if I want a thrilling action film about a team coming together to fix past disaster?
475557,What are some dark crime dramas with a psychological descent into madness?
475557,Can you recommend a thriller about a troubled comedian who turns to crime?
475557,What movies are about an antihero becoming a dangerous criminal in a gritty city?
120,Can you recommend an epic fantasy adventure movie with a quest to destroy a powerful magical object?
120,"What’s a good action-packed movie with elves, dwarves, hobbits, and wizards?"
120,I’m looking for a classic fantasy film about a reluctant hero who has to leave home to save the world.
597,Can you recommend a romantic drama set on a historic ship with a tragic ending?
597,What movie should I watch if I want a love story mixed with disaster and historical events?
597,Is there a classic drama-romance about a doomed voyage and forbidden love?
122,Can you recommend an epic fantasy adventure with a final battle between good and evil?
122,"I'm looking for a movie with heroes, magic, and a quest to save the world. What should I watch?"
122,"What are some action fantasy films with kings, ancient forces, and a brave underdog hero?"
106646,Can you recommend a funny crime drama about corruption on Wall Street?
106646,What movie is about a stockbroker involved in fraud and excessive partying?
106646,I want a darkly comedic film based on a true story about financial crime — what should I watch?
11324,Can you recommend a psychological thriller with a dark mystery and lots of twists?
11324,What is a movie about a detective investigating a disappearance in a creepy mental hospital?
11324,I’m looking for a suspenseful drama with eerie visions and an unreliable main character.
99861,Can you recommend an action-packed superhero movie where a team of heroes has to stop an artificial intelligence from threatening the world?
99861,"What’s a good sci-fi adventure film with lots of big battles, teamwork, and a villain creating chaos on a global scale?"
99861,"I’m looking for a Marvel-style movie with a group of heroes, advanced technology, and a plot about saving the planet from a dangerous enemy."
49026,What are some dark action movies with a lot of crime and thriller elements?
49026,Can you recommend a superhero movie with a serious tone and intense villain?
49026,What movies feature Batman facing off against a major terrorist threat in Gotham?
16869,Can you recommend a war movie with intense tension and revenge themes set during World War II?
16869,What are some thriller movies about covert missions in Nazi-occupied Europe?
16869,"I’m looking for a dark, violent drama with strong WWII themes and a unique storyline—what would you suggest?"
76341,Can you recommend an action-packed post-apocalyptic movie with desert settings and intense car chases?
76341,What are some good science fiction adventure films about rebels trying to restore order in a broken world?
76341,I want a high-energy dystopian movie with lots of action and a survival theme—what should I watch?
271110,What action-packed superhero movies involve a team of heroes fighting each other?
271110,Can you recommend a sci-fi adventure movie where the Avengers are split into opposing sides?
271110,What are some Marvel movies about conflict between former allies and government regulation?
121,Can you recommend an epic fantasy adventure with a strong quest and battle scenes?
121,"I'm looking for a movie with elves, dwarves, and a journey to destroy a powerful magical artifact."
121,What are some action-packed fantasy movies similar to The Fellowship of the Ring?
672,"Can you recommend a fantasy adventure movie with magic, mystery, and danger at a wizarding school?"
672,What movie should I watch if I want a family-friendly fantasy with flying cars and magical creatures?
672,Do you know a movie where friends have to solve a dark secret at a magical academy?
284054,Can you recommend an action sci-fi movie with a strong superhero lead and a rich fictional world?
284054,What’s a good adventure movie about a king returning to his homeland and fighting for the throne?
284054,"Suggest a science fiction film with political conflict, advanced technology, and plenty of action."
150540,Can you recommend a family-friendly animated movie about emotions and growing up?
150540,What’s a good adventure comedy for kids that deals with moving to a new city?
150540,I want a heartfelt animated drama with humor that explores friendship and feelings—what should I watch?
284052,What are some fantasy action movies about a talented doctor who learns magic after losing his career?
284052,Can you recommend an adventure movie where a surgeon becomes a sorcerer and fights evil?
284052,"I want a movie with magic, action, and a hero training to save the world—what should I watch?"
68721,Can you recommend an action sci-fi movie with a genius inventor facing a powerful terrorist threat?
68721,What’s a good adventure movie where the hero has to rebuild after everything falls apart?
68721,"Suggest a movie like Iron Man with high-tech suits, explosions, and a revenge storyline."
70160,Can you recommend a dystopian sci-fi action movie with a strong female lead and survival themes?
70160,What’s a thrilling adventure movie where teenagers are forced into a deadly competition?
70160,I want a suspenseful action movie with rebellion against an oppressive society—any suggestions?
315635,Can you recommend an action-packed superhero movie about a teenager balancing high school and fighting crime in New York?
315635,I want a science fiction adventure movie with a young hero mentored by an older hero—any suggestions?
315635,What’s a good Marvel-style movie where Spider-Man faces a new villain while trying to live a normal life?
673,Can you recommend an adventure fantasy movie about a young wizard at school who is in danger from an escaped prisoner?
673,What movie should I watch if I want a magical school story with suspense and an escaped wizard threatening the hero?
673,Suggest a fantasy adventure film like Harry Potter set at Hogwarts with danger and dark magic.
807,Can you recommend a dark crime thriller about detectives hunting a serial killer?
807,What’s a suspenseful mystery movie with a twisted serial killer and psychological elements?
807,I’m looking for a gritty thriller involving a murder investigation and a cat-and-mouse chase with a killer
238,What are some classic crime dramas about mafia families and revenge?
238,Can you recommend a movie about organized crime and family loyalty?
238,What’s a good gangster film with a powerful story about betrayal and succession?
283995,Can you recommend a fun sci-fi adventure movie about a group of misfits becoming a family?
283995,What are some action-packed space movies with humor and emotional family themes?
283995,I’m looking for a science fiction sequel with colorful characters and a story about discovering a hero’s true parentage.
1771,Can you recommend an action-adventure sci-fi movie about a superhero fighting in World War II?
1771,What’s a good movie where an underdog becomes a super-soldier and battles a Nazi villain?
1771,I’m looking for a World War II-set comic book movie with lots of action and a heroic origin story.
272,Can you recommend a dark superhero origin movie about a hero fighting corruption in a crime-ridden city?
272,I’m looking for an action drama about a billionaire who becomes a vigilante to save his city.
272,What’s a good movie about a masked crime-fighter whose story focuses on tragedy and moral conflict?
10138,What are some action-packed superhero movies with lots of adventure and sci-fi elements?
10138,Can you recommend a movie about a genius inventor who wears a high-tech suit and fights powerful enemies?
10138,What’s a good sci-fi action film with a billionaire hero facing pressure from the government and the public?
11,Can you recommend an adventurous sci-fi movie with action and a classic space rescue storyline?
11,"What’s a good movie about rebels, spaceships, and saving a captured princess in a galactic empire?"
11,I want a famous science fiction adventure with heroes like Luke Skywalker and Han Solo—what should I watch?
10195,Can you recommend an action-fantasy movie about a powerful arrogant hero who is punished and sent to Earth?
10195,What are some adventure movies where a mythological warrior has to learn humility and become a true hero?
10195,"I want a superhero-style fantasy film with gods, ancient wars, and an invasion of Earth—what should I watch?"
22,"I want an adventure movie with pirates, sword fights, and a supernatural curse—what should I watch?"
22,Can you recommend a fun fantasy action movie with a rogue pirate hero and lots of sea battles?
22,"What are some movies like Pirates of the Caribbean with treasure, undead pirates, and a rescue mission?"
674,Can you recommend an adventurous fantasy movie about a young wizard competing in a dangerous magical tournament?
674,"What movie should I watch if I want a fantasy adventure with magic schools, a tournament, and a dark villain returning?"
674,"I'm looking for a movie like Harry Potter with magical challenges, friendship, and a big battle for glory. What would you suggest?"
634649,Can you recommend an action-packed superhero movie with adventure and sci-fi elements?
634649,What’s a good movie about Spider-Man dealing with multiverse chaos and big stakes?
634649,Suggest a science fiction adventure film where a hero asks Doctor Strange for help.
297761,Can you recommend an action-packed superhero movie with a team of antiheroes?
297761,What’s a fantasy adventure film about villains forced to work together for the government?
297761,"Suggest a movie with comic book characters, dark humor, and high-risk missions"
284053,What are some action sci-fi movies with a lot of comedy?
284053,Can you recommend a fun superhero movie with epic battles and humor?
284053,"What movies are similar to Thor that mix space adventure, action, and comedy?"
12445,Can you recommend an adventure fantasy movie with young wizards fighting dark magic and epic final battles?
12445,What movie should I watch if I want a magical quest where heroes discover powerful enchanted objects to defeat a villain?
12445,Suggest a fantasy adventure film with a climactic showdown between good and evil in a wizarding world.
105,Can you recommend a fun sci-fi adventure comedy about time travel?
105,What’s a movie where a teenager accidentally goes back in time and has to fix his parents’ relationship?
105,"I’m looking for a classic 80s movie with humor, adventure, and a crazy scientist inventing a time machine."
14160,What are some heartwarming animated adventure movies for the whole family?
14160,Can you recommend a funny movie about unlikely friendship and adventure?
14160,What are good family films with an older main character who goes on a journey?
135397,Can you recommend an adventure sci-fi thriller with dinosaurs and a theme park?
135397,What’s a movie like Jurassic Park but set in a fully functioning dinosaur park?
135397,I want a tense science fiction adventure with dinosaurs escaping on an island—what should I watch?
286217,Can you recommend a smart sci-fi survival movie about an astronaut stranded alone on another planet?
286217,What are some adventure dramas where the main character has to use ingenuity to survive in space?
286217,"Can you suggest a movie like The Martian with a stranded hero, science problem-solving, and a hopeful tone?"
354912,What are some family-friendly animated movies with music and adventure?
354912,Can you recommend a colorful movie about a kid who dreams of becoming a musician?
354912,What’s a good animated film with heartfelt family themes and a journey into the afterlife?
98,Can you recommend an epic historical action movie about a betrayed Roman general who becomes a gladiator?
98,"What’s a dramatic adventure film with battles, betrayal, and ancient Rome?"
98,"I want a movie similar to Gladiator with revenge, honor, and arena combat—what should I watch?"
245891,Can you recommend an action thriller about a retired hitman seeking revenge?
245891,What’s a good movie where a former assassin comes back to track down gangsters?
245891,I want a fast-paced revenge movie with lots of action and a tough protagonist. Any suggestions?
297762,Can you recommend an action-adventure fantasy movie with a strong female lead and epic battles?
297762,"What are some movies set during World War I that mix mythology, action, and adventure?"
297762,I’m looking for a superhero movie about a warrior from a mystical world who comes to protect humanity.
102899,Can you recommend a sci-fi action movie with heists and a superhero who can shrink?
102899,What are some adventure movies about a thief turning into a hero?
102899,"I'm looking for a Marvel-style movie with gadgets, humor, and big action—any suggestions?"
675,What are some fantasy adventure movies about students learning to defend themselves against dark magic at a school?
675,Can you recommend a movie where a young wizard trains others to fight an evil force threatening their school?
675,I want a magical coming-of-age adventure with a dark professor and a battle between good and evil—what should I watch?
767,Can you recommend a fantasy adventure movie where a mentor prepares a young hero for an epic final battle?
767,What’s a good movie about a wizard world under attack by dark forces and chaos spreading into the Muggle world?
767,"I’m looking for a movie with magic, adventure, and a coming-of-age hero facing a big showdown against evil—any suggestions?"
496243,Can you recommend a dark comedy thriller about class inequality and family scheming?
496243,"What’s a great Korean drama with suspense, humor, and social commentary?"
496243,Suggest a movie about a poor family getting involved with a wealthy household that turns unexpected and tense.
557,Can you recommend an action sci-fi movie about a teenager who gets superpowers from a spider bite?
557,What’s a good movie where a high school student becomes a superhero after a science experiment goes wrong?
557,"I’m looking for a movie like Spider-Man with action and science fiction elements, involving a young hero gaining powers."
12,Can you recommend an animated adventure movie for kids about a lost fish and his dad searching for him?
12,"What’s a good family-friendly movie with ocean creatures, humor, and an emotional rescue journey?"
12,Suggest a movie like a fun underwater adventure that kids and adults can enjoy together.
140607,Can you recommend an adventure sci-fi action movie with space battles and a big galaxy-spanning conflict?
140607,"What’s a good movie like Star Wars with Jedi, Stormtroopers, and a new dark villain?"
140607,I’m looking for a thrilling science fiction action film set in a futuristic universe with heroes fighting an evil army.
263115,Can you recommend a gritty action movie with emotional drama and a dark sci-fi setting?
263115,What are some movies about aging heroes protecting a young mutant or child from dangerous pursuers?
263115,I’m looking for a serious superhero film that feels more dramatic and adult than the usual comic book movies—any suggestions?
12444,Can you recommend an adventure fantasy movie about a group of friends on a dangerous quest to destroy powerful objects?
12444,What are some good fantasy films where the heroes go on a journey to stop a dark wizard from becoming immortal?
12444,"I’m looking for a movie with magic, danger, and a final mission to defeat evil—what would you suggest?"
10681,What are some family-friendly animated sci-fi movies with a touching love story?
10681,Can you recommend a movie about a robot discovering a purpose in life on a post-apocalyptic Earth?
10681,What’s a good science fiction film for kids that has adventure and environmental themes?
37165,What are some movies like The Truman Show about someone realizing their life is being controlled or watched?
37165,Can you recommend a comedy-drama with a mind-bending premise and social commentary?
37165,I'm looking for a movie where the main character slowly discovers that their world isn't real.
346364,Can you recommend a scary movie about kids battling a monster in a small town?
346364,What’s a horror thriller with a creepy clown and a group of childhood friends?
346364,Suggest a drama-horror movie where kids have to face bullying and a supernatural evil.
862,Can you recommend a fun animated family movie about toys that come to life?
862,What’s a good comedy-adventure movie for kids with friendship and rivalry?
862,I’m looking for a family-friendly animated movie with memorable characters and humor.
100402,"Can you recommend an action movie with espionage, government conspiracy, and superhero characters?"
100402,What’s a good sci-fi adventure film where the hero uncovers a global conspiracy?
100402,I’m looking for a Marvel movie with Captain America and Black Widow working together—any suggestions?
210577,Can you recommend a dark psychological thriller about a missing wife and a husband who becomes the main suspect?
210577,What are some mystery dramas with intense media attention and a lot of twists?
210577,I’m looking for a suspenseful movie where a marriage hides secrets and nothing is quite what it seems.
585,What are some good animated family movies with funny characters and a heartwarming story?
585,Can you recommend a fantasy comedy movie that's fun for both kids and adults?
585,What movies are similar to a playful animated film about monsters and a little kid?
8587,Can you recommend an animated family movie about a young prince who has to grow into his responsibilities?
8587,"What’s a good drama for kids that includes animals, adventure, and a story about becoming king?"
8587,"Can you suggest a classic family film about betrayal, loss, and a hero finding his place in life?"
259316,Can you recommend a fantasy adventure movie with magical creatures and a hidden wizarding world?
259316,What movie features a wizard traveling with a magical suitcase full of beasts that escape?
259316,"I’m looking for an adventure film set in a magical universe with spells, creatures, and a period setting."
49051,What are some adventure fantasy movies with epic quests and dragons?
49051,Can you recommend a movie about a quiet character who gets pulled into a big journey?
49051,What action fantasy films involve a group of companions trying to reclaim their home?
329865,Can you recommend a thoughtful sci-fi movie about first contact with aliens and language?
329865,What are some mystery dramas with intelligent aliens and a linguist trying to communicate with them?
329865,"I want a science fiction movie that’s emotional and suspenseful, involving a military team and extraterrestrial visitors."
281957,Can you recommend a gritty survival revenge movie set in the frontier?
281957,What are some adventure dramas about someone seeking revenge after being betrayed left for dead?
281957,I’m looking for a Western with intense survival scenes and a story about a frontiersman hunting down the people who betrayed him.
497,Can you recommend a sad supernatural drama set in a prison?
497,What’s a movie like The Shawshank Redemption but with a fantasy element and a death row setting?
497,I want a crime drama with emotional characters and a miraculous healing power—any suggestions?
383498,What are some funny action movies with a sarcastic anti-hero and lots of fight scenes?
383498,Can you recommend a superhero movie that is both violent and comedic?
383498,I want an adventure comedy with a wisecracking main character and a strong villain—what should I watch?
209112,Can you recommend an action movie with superheroes fighting each other and a big threat to humanity?
209112,What’s a fantasy adventure film where Batman and Superman clash?
209112,I want a movie about two famous heroes going to war before teaming up against a bigger enemy. Any suggestions?
24,What are some action crime movies about an assassin seeking revenge after being betrayed by her team?
24,Can you recommend movies where a female assassin survives an attack and plots vengeance?
24,I’m looking for violent crime action films with a strong revenge story—what should I watch?
694,Can you recommend a psychological horror movie set in an isolated location with a family under stress?
694,What’s a classic thriller-horror film about a caretaker losing his mind in a creepy hotel?
694,I want a scary movie with strong suspense and a haunted hotel vibe—what should I watch?
419430,Can you recommend a thriller that mixes horror and mystery with a disturbing social twist?
419430,What’s a suspenseful movie about an interracial couple visiting the girlfriend’s family that turns creepy?
419430,I want a horror movie with psychological tension and a big shocking reveal—what should I watch?
9806,Can you recommend an action-adventure animated family movie about superheroes trying to live normal lives?
9806,What is a good family-friendly movie with a retired superhero coming back for one last mission?
9806,"Suggest an animated movie for kids that has action, adventure, and a superhero family."
808,Can you recommend a funny animated fantasy movie about an ogre and a princess?
808,What’s a good family adventure comedy with a wisecracking donkey and a fairy-tale setting?
808,"I’m looking for a lighthearted animated movie with adventure, humor, and a dragon."
1930,What are some action-adventure sci-fi movies about a teenager who gains powers and discovers secrets about his parents?
1930,"Can you recommend a movie like Spider-Man with a high school hero, superhero action, and a science-fiction origin story?"
1930,I want an adventurous action movie about an outcast teen investigating a family mystery and a secret company—what should I watch?
2062,Can you recommend a funny animated family movie about an unusual friendship and cooking?
2062,What’s a good fantasy comedy for kids that takes place in Paris and involves food?
2062,"I’m looking for a movie about following your dream, even if it’s unconventional—any recommendations?"
77338,What are some good drama comedies about unlikely friendships based on true stories?
77338,Can you recommend a movie about a wealthy disabled man and his caretaker with both emotional and funny moments?
77338,What is a feel-good drama comedy about two very different men who form a friendship?
1891,Can you recommend a sci-fi adventure movie with epic space battles and a dark sequel story?
1891,What’s a classic action movie about heroes fighting an evil empire and training with a wise mentor?
1891,"Suggest a science fiction film with Star Wars-style adventures, Jedi training, and a major showdown with Darth Vader."
129,Can you recommend a family-friendly fantasy movie with beautiful animation and a strong young female lead?
129,What’s a good animated film for kids that features a magical spirit world and adventure?
129,I’m looking for a heartwarming fantasy movie about a brave girl trying to save her family—what should I watch?
101299,Recommend an action-packed sci-fi movie about rebels fighting an oppressive government
101299,"What’s a good sequel with survival, adventure, and a dystopian setting?"
101299,Can you suggest a movie where the heroes are forced back into a deadly competition after winning before?
76338,"Can you recommend an action-packed fantasy movie with gods, cosmic battles, and a big save-the-universe storyline?"
76338,What’s a good adventure movie where a hero has to reunite with an old love interest and face a powerful dark enemy?
76338,"Suggest a movie like Thor with epic mythological world-building, space travel, and high-stakes battles between good and evil."
381288,Can you recommend a psychological thriller about a man with multiple personalities?
381288,What’s a scary movie with an intense cat-and-mouse survival plot and a twisty villain?
381288,I’m looking for a horror-thriller involving kidnapped teens and a disturbed character with split identities.
269149,Can you recommend an animated family adventure with a strong female lead and a funny sidekick?
269149,What are some good kids' movies about unlikely animal partners solving a mystery?
269149,I’m looking for a comedy adventure movie with talking animals and a positive message.
198663,What are some sci-fi mystery movies with teenagers trapped in a dangerous environment?
198663,Can you recommend a thriller about kids trying to escape a maze or prison-like setting?
198663,"I’m looking for action movies with amnesia, survival, and a secret behind the world they’re in."
18785,What are some funny movies about wild bachelor parties gone wrong?
18785,Can you recommend a comedy where friends wake up after a crazy night and can't remember what happened?
18785,What are good movies about a group of friends trying to find someone before a wedding?
313369,What are some romantic dramas about ambitious artists struggling to balance love and career?
313369,Can you recommend a movie about two people chasing their dreams in Los Angeles while falling in love?
313369,What are some feel-good but bittersweet musicals or romantic films with a strong focus on music and ambition?
205596,What are some good historical drama movies about World War II codebreaking and cryptography?
205596,Can you recommend a thriller based on a true story about brilliant scientists or mathematicians?
205596,"I’m looking for a war movie with smart, suspenseful teamwork and a historical setting—any suggestions?"
274,Can you recommend a dark psychological thriller with crime and drama elements?
274,What are some movies like The Silence of the Lambs with a brilliant but dangerous villain?
274,I’m looking for a tense crime thriller about an FBI agent and a serial killer.
329,Can you recommend an adventure sci-fi movie about dinosaurs?
329,What’s a good movie where a theme park with cloned dinosaurs goes wrong?
329,I’m looking for a thrilling science fiction film with dinosaurs and a survival story.
207703,What are some fun action-comedy spy movies with a secret agency and a reluctant young recruit?
207703,"Can you recommend a stylish, over-the-top crime action movie with lots of humor and espionage?"
207703,"What’s a movie like James Bond but with a modern twist, a street-smart hero, and a big tech villain?"
424694,What are some good movies about famous rock bands and their rise to fame?
424694,Can you recommend a drama about a legendary musician's life and struggles?
424694,What's a great music movie about the band Queen or Freddie Mercury?
1124,Can you recommend a movie about rival magicians and intense obsession?
1124,"What’s a good mystery drama with deception, jealousy, and a dark rivalry?"
1124,I’m looking for a science fiction movie that’s psychologically intense and has a twisty story about competition.
374720,Can you recommend a tense World War II movie about survival and evacuation?
374720,What are some war films with intense action and drama?
374720,I’m looking for a realistic historical movie about soldiers trapped behind enemy lines.
109445,"Can you recommend an animated family adventure movie with a princess, magic, and a strong sister relationship?"
109445,"What’s a good fantasy movie for kids that includes friendship, courage, and a journey to save a kingdom?"
109445,"I’m looking for a heartwarming adventure movie with songs, a snowy setting, and characters like a princess, a snowman, and a reindeer."
424,Can you recommend a historical drama about World War II and the Holocaust?
424,What are some powerful war movies based on true stories?
424,I'm looking for a serious movie about someone who saves lives during the Nazi era.
857,Can you recommend a realistic war movie set during World War II?
857,What’s a good dramatic movie about soldiers on a rescue mission behind enemy lines?
857,I’m looking for a historical war film with intense battle scenes and emotional stakes.
324857,What are some animated superhero movies with a lot of action and adventure?
324857,Can you recommend a science fiction movie about a teenager who gets superpowers?
324857,What movies are similar to Spider-Man and involve alternate versions of the same hero?
335983,Can you recommend a sci-fi action movie about an anti-hero with superpowers and a dark alien symbiote?
335983,What movie should I watch if I want an investigative journalist who becomes bonded with a violent alien creature?
335983,Do you know any action movies where a flawed hero teams up with an alien entity to fight a secret organization?
58,What are some adventurous fantasy movies with pirates and a lot of action?
58,Can you recommend a fun swashbuckling movie with supernatural sea monsters and treasure hunting?
58,What’s a good action-adventure fantasy film about a cursed pirate and a dangerous quest?
640,What are some crime dramas based on true stories about con artists and forgery?
640,Can you recommend a movie about a charming criminal being chased by the FBI?
640,What are good drama films with clever scams and cat-and-mouse investigations?
240832,Can you recommend an action sci-fi movie with a strong female lead who gains extraordinary abilities?
240832,I’m looking for a fast-paced sci-fi thriller where the main character evolves into something beyond human limits—any suggestions?
240832,What’s a good movie about someone who turns the tables on their captors and becomes a powerful warrior?
429617,Can you recommend an action-packed superhero movie with adventure and sci-fi elements set during a trip abroad?
429617,What’s a good movie about a young hero dealing with world-threatening disasters while traveling through Europe?
429617,"I’m looking for a fun Marvel-style movie with teenagers, action, and a big mystery involving strange creatures—what should I watch?"
333339,What are some adventure sci-fi movies about a virtual reality game or contest?
333339,Can you recommend an action movie where people compete in a game for a huge prize?
333339,What’s a good science fiction film involving a futuristic video game and treasure hunt?
1892,Can you recommend an adventure sci-fi movie with big space battles and a heroic rescue mission?
1892,What's a great action movie where the hero confronts a villain in a final duel and fights against an empire?
1892,Suggest a science fiction film with rebels attacking a giant space station and a showdown between good and evil.
6479,Can you recommend a sci-fi thriller about a lone survivor in a post-apocalyptic city?
6479,What are some dramatic science fiction movies where a virus wipes out most of humanity?
6479,"I’m looking for a thriller about someone who may be the last person left on Earth, any suggestions?"
339403,Can you recommend an action crime movie about a getaway driver and a heist?
339403,What movie features a young driver forced to work for a crime boss?
339403,I’m looking for a fast-paced crime thriller with car chases and a doomed robbery — any suggestions?
75656,Can you recommend a thriller about clever illusionists pulling off heists?
75656,I’m looking for a crime movie with FBI agents chasing a team of magicians—any suggestions?
75656,What’s a suspenseful movie about bank robberies during live performances?
299537,What are some good action-adventure sci-fi movies with a strong female lead?
299537,Can you recommend a superhero movie set in the 1990s?
299537,What movies feature an alien war and a powerful hero saving Earth?
131631,Can you recommend a tense sci-fi adventure about a rebellion against an oppressive government?
131631,What’s a thriller movie with a strong female lead caught in a political uprising and propaganda war?
131631,"I want a movie similar to The Hunger Games with survival, resistance, and high-stakes conflict—what should I watch?"
244786,What are some intense drama movies about obsessive perfectionism in music?
244786,Can you recommend a thriller about a student and a demanding mentor?
244786,What movies show the dark side of pursuing greatness as a musician?
72190,Can you recommend an action horror movie about a zombie outbreak and a global mission to stop it?
72190,What’s a sci-fi thriller with zombies and a former investigator traveling around the world to find the cause?
72190,I want a tense disaster movie with scary infected people and lots of action—any suggestions?
177572,What are some good animated family movies with action and comedy?
177572,Can you recommend a movie about a friendship between a kid and a robot?
177572,What are some adventure movies with a team of young heroes and lots of high-tech gadgets?
348,Can you recommend a scary science fiction movie set in space?
348,What is a classic horror movie about astronauts encountering an alien creature?
348,I'm looking for a suspenseful sci-fi film with a deadly alien monster on a spaceship.
330459,Can you recommend a sci-fi action movie about a team on a dangerous mission to steal secret plans from a superweapon?
330459,What’s a good adventure movie with rebels fighting an empire and trying to save the galaxy?
330459,I want a Star Wars movie with lots of action and a story about resistance fighters—what should I watch?
558,Can you recommend a superhero movie about a hero dealing with burnout and an identity crisis?
558,What are some action-adventure sci-fi movies where the main character struggles to balance a normal life with being a masked hero?
558,Suggest a movie with a villain like Doc Ock and a storyline about a hero torn between duty and a love interest.
38,Can you recommend a sci-fi romance about erasing memories after a breakup?
38,I want a heartbreaking drama with a unique premise about lost love and memory loss—what should I watch?
38,"What movie is about two people trying to forget each other, but realizing they still love one another?"
181808,Can you recommend an action-packed sci-fi adventure with strong Force abilities and a mentor-student dynamic?
181808,What’s a good movie about the Resistance fighting the First Order in the Star Wars universe?
181808,I’m looking for a space adventure with a powerful young hero being trained by a legendary Jedi—what should I watch?
49047,Can you recommend a tense sci-fi thriller set in space with survival elements?
49047,What’s a drama about astronauts dealing with a disaster in orbit?
49047,Suggest a movie like a realistic space adventure with suspense and high stakes
77,Can you recommend a psychological thriller with a confusing non-linear story?
77,What’s a mystery movie about someone with memory loss trying to solve a murder?
77,I want a thriller like Memento with suspense and a unique narrative structure
127585,Can you recommend an action sci-fi movie with time travel and superhero teamwork?
127585,What’s a good adventure movie about changing the past to save the future?
127585,I want a movie where heroes from different timelines work together to stop a disaster. What should I watch?
1422,Can you recommend a crime thriller about undercover cops and moles inside the police?
1422,What’s a dark drama with organized crime and a cat-and-mouse infiltration plot?
1422,I want a suspenseful movie where both the cops and criminals have someone planted inside—any suggestions?
49521,What are some action-packed superhero movies about discovering your true identity?
49521,Can you recommend science fiction adventure films where an alien hero saves Earth?
49521,I’m looking for movies about young heroes with extraordinary powers and a destiny to protect the world.
101,"Can you recommend a crime drama with intense action and a dark, emotional storyline?"
101,What are some movies about an assassin who becomes attached to a young girl?
101,I’m looking for a suspenseful action movie with a hitman and a revenge plot.
120467,Can you recommend a quirky comedy-drama with stylish visuals and a unique story set in Europe between the wars?
120467,"What’s a movie about a legendary hotel concierge and his young protégé that mixes humor, drama, and a bit of mystery?"
120467,"I’m looking for a film with a clever plot involving a stolen painting, family fortune drama, and a distinctive comedic tone."
118,Can you recommend a fun fantasy adventure movie for kids and families?
118,What’s a good family comedy with a magical and whimsical setting?
118,I’m looking for a colorful adventure movie about a child exploring a strange and imaginative world.
37724,Can you recommend an action thriller about a secret agent whose organization gets attacked after a mission goes wrong?
37724,"I want an adventure movie with spies, espionage, and a mission to stop a mastermind behind a coordinated attack."
37724,"What’s a good thriller featuring James Bond dealing with betrayal, high-stakes action, and MI6 under threat?"
20352,What are some fun animated movies about a villain who gets a change of heart after adopting kids?
20352,Can you recommend a family-friendly comedy with crime and science fiction elements?
20352,What movies are similar to a supervillain trying to steal the moon but ending up becoming a good dad?
321612,Can you recommend a family-friendly fantasy romance movie with a fairy tale vibe?
321612,What’s a good live-action Disney movie about a cursed prince and a young woman who falls in love with him?
321612,I’m looking for a romantic fantasy film that’s suitable for kids and has a classic story feel.
1893,Can you recommend an adventure sci-fi movie with space battles and a young hero discovering their powers?
1893,What’s a good action movie about a hidden evil force returning and a struggle between Jedi and Sith?
1893,"Suggest a sci-fi adventure film with political intrigue, laser sword fights, and a chosen one storyline."
10193,Can you recommend a funny animated family movie about toys going on an adventure?
10193,What’s a good movie for kids that’s emotional and has comedy in it?
10193,I’m looking for a family-friendly animated film about friendship and growing up.
752,Can you recommend a thriller with a masked vigilante fighting an oppressive government?
752,What’s a good sci-fi action movie set in a dystopian future with political resistance?
752,I’m looking for movies similar to V for Vendetta with themes of rebellion and government control.
44214,Can you recommend a psychological thriller about a performer losing their grip on reality?
44214,What’s a dark movie about a dancer dealing with intense pressure and mental breakdown?
44214,I’m looking for a tense drama-horror film centered on ambition and obsession—any suggestions?
285,Can you recommend an epic fantasy adventure movie with pirates and a big final showdown?
285,"What’s a good action-adventure film involving treasure, sea battles, and supernatural elements?"
285,I’m looking for a swashbuckling fantasy movie with a strong ensemble cast and high-stakes adventure at sea.
500,What are some crime thrillers with tense dialogue and a single-location setting?
500,Can you recommend movies about a robbery gone wrong with lots of suspense?
500,What are some stylish violent heist movies with an ensemble cast?
122917,Can you recommend an epic fantasy adventure with a big final battle and multiple armies fighting?
122917,I’m looking for a movie about a small hero who gets caught up in a war over treasure and must help unite different groups.
122917,"What are some action fantasy movies with dwarves, elves, and humans banding together against a dark army?"
447332,Can you recommend a scary movie where characters have to stay completely silent to survive?
447332,What are some horror films about a family hiding from monsters that hunt by sound?
447332,"I’m looking for a suspenseful sci-fi movie with a tense, quiet survival story—any suggestions?"
152601,Can you recommend a romantic sci-fi movie about a lonely person falling in love with artificial intelligence?
152601,What are some thought-provoking dramas about love and technology in the future?
152601,I'm looking for a movie with an unusual love story involving an operating system or AI.
273248,Can you recommend a tense western mystery with a small cast and lots of suspense?
273248,What’s a good movie about people trapped together during a storm with betrayal and secrets?
273248,I’m looking for a dark drama western that feels like a whodunit—any suggestions?
559,Can you recommend an action-packed superhero movie with villains and a dark sci-fi twist?
559,What’s a good adventure sci-fi film about a hero battling multiple enemies and an alien symbiote?
559,"Suggest a movie like Spider-Man with lots of action, a love triangle, and superpowers changing because of an alien organism."
335984,Can you recommend a science fiction drama with a dark futuristic atmosphere and a strong mystery plot?
335984,"What movie should I watch if I want something like Blade Runner with androids, detectives, and a bleak future?"
335984,"Can you suggest a thought-provoking sci-fi film about memory, identity, and uncovering a hidden secret?"
920,What are some fun family movies about cars and racing?
920,Can you recommend an animated adventure comedy for kids about a race car learning a life lesson?
920,I’m looking for a feel-good movie set on Route 66 with memorable characters and a مسابقing plot
137113,Can you recommend an action sci-fi movie with a time loop?
137113,What’s a good movie where the main character keeps reliving the same day in a war against aliens?
137113,Suggest a sci-fi action film with intense combat and a reset-the-day plot
393,Can you recommend an action thriller about a woman taking revenge on the people who tried to kill her and her child?
393,I’m looking for a crime movie where the main character hunts down former associates one by one for revenge.
393,What’s a good violent thriller with a strong female lead on a revenge mission against assassins?
438631,What are some sci-fi adventure movies with epic world-building and political intrigue like Dune?
438631,Can you recommend movies about a young chosen one dealing with a dangerous desert planet and a powerful destiny?
438631,I want a visually stunning space epic with rival factions fighting over a valuable resource—what should I watch?
78,Can you recommend a dark sci-fi thriller with a dystopian future setting?
78,What movie should I watch if I want a science fiction drama about artificial humans and identity?
78,Suggest a classic thriller set in a grim futuristic city with a detective hunting escaped replicants.
863,Can you recommend a fun animated family movie with adventure and humor for kids?
863,What is a good comedy movie about toys going on a rescue mission?
863,Which family movies are similar to Toy Story and feature talking toys?
1895,Can you recommend an action-packed sci-fi adventure with epic space battles and a dark turn?
1895,What movie should I watch if I want a Star Wars film about the fall of Anakin Skywalker?
1895,Suggest a movie where a hero has to choose between good and evil in a galactic war.
1865,Can you recommend an action-adventure fantasy movie about pirates searching for the Fountain of Youth?
1865,What’s a good movie with Captain Jack Sparrow and a clever woman from his past who might be using him?
1865,"I’m looking for a swashbuckling fantasy film with treasure hunting, betrayal, and high-seas adventure."
297802,What are some action-adventure fantasy movies about discovering a hidden royal destiny?
297802,"Can you recommend movies about a half-human, half-mythical hero who has to embrace his heritage?"
297802,What movies are similar to Aquaman with underwater kingdoms and epic kingly journeys?
324786,Can you recommend a war movie based on a true story about a pacifist hero?
324786,What are some historical dramas about World War II medics or soldiers who refuse to carry weapons?
324786,I want a movie about courage and faith during battle without much focus on killing—what should I watch?
466272,Can you recommend a movie set in 1960s Los Angeles about Hollywood actors and the film industry?
466272,What’s a good comedy-drama thriller about a struggling actor and his stuntman friend?
466272,I want a movie involving Sharon Tate and the late 1960s Hollywood scene—what should I watch?
607,Can you recommend a funny sci-fi action movie with aliens and secret agents?
607,What are some adventure comedies like Men in Black?
607,I want a movie about a cop recruited into a secret organization to deal with extraterrestrials—what should I watch?
12155,Can you recommend a family-friendly fantasy adventure movie with a whimsical world and an adventurous heroine?
12155,What movie should I watch if I want something magical and imaginative about discovering your true destiny?
12155,Can you suggest a fantasy film similar to Alice in Wonderland with a young woman returning to a surreal world?
10528,What are some action-packed mystery movies with clever detectives and an English setting?
10528,Can you recommend an adventure movie where two partners solve a dangerous plot and fight a powerful villain?
10528,"What movies are like Sherlock Holmes with eccentric investigators, suspense, and a lot of action?"
1271,What are some action movies with epic battle scenes and warriors fighting against overwhelming odds?
1271,Can you recommend a war movie based on ancient history and famous last stands?
1271,What are good adventure films with a heroic army defending their homeland from a huge invading force?
218,Can you recommend an action thriller with a time-traveling cyborg assassin and a strong sci-fi premise?
218,What’s a good science fiction movie where a resistance fighter protects a woman from a relentless killer robot?
218,I want a tense 1980s sci-fi action movie about a machine from the future hunting someone in the present—any suggestions?
353486,What are some fun adventure movies with lots of comedy and action?
353486,Can you recommend a fantasy movie where characters get transported into a game world?
353486,"What are good movies for teens that mix humor, adventure, and a video game premise?"
769,What are some gritty crime dramas based on true stories?
769,Can you recommend movies about mafia life and gangsters?
769,What’s a classic drama about a criminal rising through the ranks?
10191,Can you recommend an animated fantasy adventure about a shy kid who befriends a dragon instead of fighting it?
10191,What family-friendly movies are there about Vikings and dragons?
10191,I’m looking for a coming-of-age adventure where the main character forms an unlikely friendship with a mythical creature.
280,Can you recommend an action sci-fi thriller with time travel and a robot protector?
280,What’s a movie like The Terminator but with even more action and a shape-shifting villain?
280,I want a tense sci-fi film about preventing a future apocalypse—what should I watch?
8966,Can you recommend a romantic fantasy movie about a human falling in love with a vampire?
8966,What’s a good drama romance with supernatural elements and forbidden love?
8966,Suggest a movie like Twilight with a moody love story between a girl and a mysterious immortal guy.
1894,Can you recommend a sci-fi adventure with epic space battles and Jedi action?
1894,What’s a good Star Wars movie that starts the Clone Wars and follows Anakin and Obi-Wan?
1894,I want an action-packed science fiction film involving political intrigue and a galaxy-wide conflict—what should I watch?
425,Can you recommend an animated family adventure comedy with animal characters on a quest?
425,What’s a good funny kids’ movie about unlikely animal friends traveling together?
425,Suggest a lighthearted adventure movie for families set in a prehistoric icy world.
324552,Can you recommend an action thriller about an ex-assassin pulled back into the underworld by a blood oath?
324552,What’s a good crime movie with intense fight scenes and a secret international assassins’ society?
324552,"Suggest a movie like John Wick with nonstop action, revenge, and a mission that takes place in Rome."
264660,Can you recommend a smart sci-fi thriller about artificial intelligence and ethics?
264660,"What’s a drama-heavy science fiction movie with a tense, psychological feel?"
264660,I’m looking for a movie about a programmer and a robot with a mind of its own.
102382,What are some action-packed superhero movies with a strong science fiction element?
102382,Can you recommend a movie about Spider-Man balancing his relationship and crime fighting?
102382,What adventure movies feature a hero facing a new villain and personal challenges?
76600,What are some visually stunning sci-fi adventure movies with lots of action and family drama?
76600,Can you recommend a movie that is a sequel with underwater exploration and epic battles?
76600,I want an action-adventure sci-fi film about protecting a family in a dangerous alien world
57158,"Can you recommend a fantasy adventure movie with dwarves, a dragon, and an epic quest?"
57158,What’s a good action-packed movie where a group travels with a hobbit and faces a dragon?
57158,"I want a fantasy film similar to The Lord of the Rings with magic, adventure, and a dragon—what should I watch?"
274870,Can you recommend a sci-fi romance movie set in space with a dramatic love story?
274870,What are some movies about two people waking up early on a spaceship headed to a distant planet?
274870,"I’m looking for a space adventure film that mixes science fiction, drama, and romance — any suggestions?"
363088,Can you recommend an action-packed sci-fi adventure with a rescue mission and lots of humor?
363088,What movie should I watch if I want a superhero sequel involving the quantum realm and a high-stakes mission?
363088,"Do you know any adventure movies with scientists, shrinking technology, and time-sensitive danger?"
62177,What are some good animated adventure movies set in a fantasy world with a strong female lead?
62177,Can you recommend a family-friendly fantasy movie with Scottish folklore or a medieval setting?
62177,"What movies are similar to Brave with archery, princesses, and magical adventures?"
546554,Can you recommend a clever mystery movie with lots of twists and humor?
546554,What are some good crime comedies about a family feud and a suspicious death?
546554,I’m looking for a whodunit with an eccentric detective and a cast of shady characters.
637,Can you recommend a comedy-drama about a father protecting his son during the Holocaust?
637,What are some emotional foreign films that mix humor with World War II tragedy?
637,I’m looking for movies like Life Is Beautiful that are both heartwarming and heartbreaking
240,What are some great drama crime movies about mafia families?
240,Can you recommend a movie about the rise of a young immigrant gangster and his family?
240,What’s a classic crime drama that follows a powerful family across different generations?
165,Can you recommend an adventure comedy with time travel and a lot of sci-fi elements?
165,What’s a fun science fiction sequel with humor and a fast-paced plot?
165,"Suggest a movie like Back to the Future with time travel, family trouble, and lots of adventure."
489,Can you recommend a drama about a gifted but troubled young man who needs help from a therapist?
489,I’m looking for a movie about a working-class genius who struggles with personal issues and the law—what should I watch?
489,What are some dramas centered on a brilliant underachiever being mentored by a psychologist?
350,What are some good drama comedies about working for a demanding boss in a big city?
350,Can you recommend a movie about fashion magazine office life and career struggles?
350,What is a funny but dramatic film about a woman trying to make it in New York?
185,Can you recommend a dark science fiction crime movie about youth violence and social control?
185,What’s a disturbing dystopian film where a criminal undergoes a controversial rehabilitation procedure?
185,"Suggest a movie like A Clockwork Orange that explores free will, brutality, and government intervention."
246655,Can you recommend a sci-fi action movie about mutants teaming up to stop a world-ending villain?
246655,I want a fantasy superhero movie with a big battle against an ancient evil force—what should I watch?
246655,What’s a good action-packed movie where the X-Men have to save the world from extinction?
162,Can you recommend a fantasy romance movie with a bittersweet story?
162,What movie should I watch if I want a quirky drama about an outsider in a suburban town?
162,Can you suggest a visually unique fantasy film with a touch of romance and sadness?
87827,Can you recommend an adventure drama about survival at sea with animals on a lifeboat?
87827,What movie features a boy stranded on the ocean with a tiger after a shipwreck?
87827,I'm looking for a visually rich film about a young man's journey of survival and faith in extreme circumstances.
277834,What are some good family-friendly adventure movies with comedy and animation?
277834,Can you recommend an animated movie set in a tropical or Polynesian-inspired world?
277834,I'm looking for a fun movie about a brave girl going on a quest to save her island.
4922,Can you recommend a romantic drama with a fantastical twist and an unusual life story?
4922,What movie is about a man who ages backward and has a long relationship with a woman named Daisy?
4922,I'm looking for a fantasy romance that is emotional and explores love over the course of a lifetime.
102651,Can you recommend a fantasy adventure movie with a strong female lead and lots of action?
102651,"What’s a family-friendly movie with magic, kingdoms, and a darker twist on a fairy tale?"
102651,I’m looking for a romance-adventure film set in a fantasy world with a powerful villain origin story.
260513,What are some good animated family action movies with superheroes?
260513,Can you recommend a fun adventure movie about a family of heroes?
260513,What movies are like The Incredibles with lots of action and family themes?
85,Can you recommend an action-adventure movie with an archaeologist searching for an ancient artifact?
85,"What’s a fun, fast-paced movie about a hero facing Nazis to find a legendary treasure?"
85,Do you know any classic adventure films similar to Indiana Jones with lots of action and exploration?
141052,Can you recommend an action-packed superhero movie with a team of heroes coming together to save the world?
141052,"What’s a good sci-fi adventure film featuring DC superheroes like Batman, Wonder Woman, and Flash?"
141052,I want a movie where a group of metahumans fights an alien threat and searches for powerful ancient artifacts. What should I watch?
64690,Can you recommend a tense crime thriller with a quiet antihero and a lot of style?
64690,What movie should I watch if I want a drama about a getaway driver who gets pulled into a dangerous heist?
64690,Suggest a thriller where protecting a neighbor and her child leads to violent criminal trouble.
190859,Can you recommend a war movie about a skilled sniper in Iraq?
190859,I'm looking for an action film based on a real-life military hero.
190859,What are some intense movies about soldiers struggling with combat and family life?
530915,What are some intense war movies set during World War I?
530915,Can you recommend a dramatic historical film about soldiers on a dangerous mission?
530915,"I want a World War I movie with suspense and emotional story, what should I watch?"
194662,What are some dark comedy dramas about an actor trying to make a comeback?
194662,Can you recommend a movie about someone rebuilding their career while dealing with family problems?
194662,I want a film about a washed-up celebrity struggling on Broadway and trying to prove himself
49538,What are some action sci-fi movies about superheroes discovering their powers for the first time?
49538,Can you recommend a movie about the early friendship between Professor X and Magneto?
49538,I’m looking for an adventure film where mutants team up to stop a major global threat.
809,What’s a funny family fantasy movie with talking animals and fairy tale characters?
809,Can you recommend an animated comedy about a couple dealing with in-laws and romance?
809,"I want a lighthearted movie with adventure, humor, and a magical kingdom setting."
157350,What are some action-adventure sci-fi movies about a dystopian future where society is divided into factions or classes?
157350,Can you recommend movies with a strong female lead who discovers she has special abilities or is different from everyone else?
157350,What are good science fiction movies involving a dangerous conspiracy and young heroes trying to uncover the truth?
103,"Can you recommend a dark crime drama about a lonely, mentally unstable man in a big city?"
103,What movie should I watch if I want something gritty and intense about urban isolation and violence?
103,Do you know any classic films about a disturbed cab driver in New York City?
68726,What are some action sci-fi movies with giant robots fighting monsters?
68726,Can you recommend an adventure movie where humans defend Earth from alien creatures?
68726,"I'm looking for a movie with epic battles, mechs, and a battle to save the world."
141,Can you recommend a dark psychological mystery with supernatural or fantasy elements?
141,"What movie has a troubled teen, strange visions, and an eerie rabbit?"
141,"I'm looking for a weird, thought-provoking drama with time travel or destiny themes."
6977,Can you recommend a dark crime thriller with a tense cat-and-mouse chase and a bleak ending?
6977,What’s a western movie with modern violent crime elements and a relentless killer?
6977,I want a suspenseful movie about a man who finds money in the desert and gets hunted afterward — any suggestions?
131634,Can you recommend an action-packed sci-fi movie about a rebellion against a powerful government?
131634,What are some adventure movies where the main character leads a dangerous mission to overthrow a dictator?
131634,I’m looking for a dystopian science fiction film with strong action and a war for freedom—any suggestions?
296096,Can you recommend a romantic drama about a caregiver who helps someone find meaning in life again?
296096,What’s a good movie like The Fault in Our Stars but with more of a caregiving and romance angle?
296096,Do you know any emotional romance films about an unlikely relationship between a young woman and a man with a disability?
70981,Can you recommend a science fiction mystery movie with horror elements about exploring the origins of humanity?
70981,What’s a good movie where a team of explorers goes into space to uncover a clue about mankind’s origins?
70981,I want a dark sci-fi thriller with alien discoveries and terrifying survival elements—what should I watch?
19908,Can you recommend a funny horror movie with zombies?
19908,What movie has both comedy and horror with a zombie apocalypse theme?
19908,"I want a movie about mismatched survivors traveling together during a zombie outbreak, with a lot of humor."
37799,What are some drama movies about the rise of a tech entrepreneur and the fallout from building a huge company?
37799,Can you recommend a movie about creating a social media platform and the legal drama that follows?
37799,I want a drama based on real events about college students starting a business that becomes massively successful.
72105,Can you recommend a funny fantasy movie about an adult whose childhood toy comes to life?
72105,What's a comedy movie about a man dealing with his living teddy bear and his girlfriend?
72105,"Suggest a movie with an outrageous premise, like a talking teddy bear and adult relationships"
146233,Can you recommend a dark thriller about a parent searching for their kidnapped child?
146233,What’s a gripping crime drama with a tense investigation and moral dilemmas?
146233,"I’m looking for an intense movie about desperation, revenge, and a missing child."
111,Can you recommend a crime drama about a ruthless drug lord rising to power in Miami?
111,What’s a good action movie about an ambitious immigrant who builds a cocaine empire?
111,"I want a violent gangster film centered on betrayal, power, and the drug trade."
82690,What are some family-friendly animated adventure movies with comedy?
82690,"Can you recommend a movie about video game characters with a fun, adventurous story?"
82690,I'm looking for a funny animated film where a villain tries to become a hero.
14,Can you recommend a drama about a middle-aged man going through a midlife crisis?
14,What’s a movie about a suburban father who starts rethinking his life after becoming obsessed with his daughter’s friend?
14,"I want a dramatic film that deals with depression, family tension, and self-discovery—any suggestions?"
228150,What war movies are similar to Fury?
228150,Can you recommend intense World War II action dramas like Fury?
228150,What are some movies about tank crews in World War II?
64682,Can you recommend a romantic drama about obsession and tragic love set in a glamorous wealthy world?
64682,What movie should I watch if I want a story about a mysterious rich man and a narrator drawn into his lavish lifestyle?
64682,"Do you have any drama-romance films based on classic literature with themes of ambition, illusion, and heartbreak?"
745,Can you recommend a suspenseful mystery thriller with a psychological twist and a dramatic story?
745,What are some movies about a child hiding a dark secret and an adult trying to help them?
745,I’m looking for a creepy emotional drama with supernatural mystery elements—what should I watch?
490132,Can you recommend a funny but emotional historical drama about an unlikely friendship?
490132,What’s a good movie about race relations and segregation in the 1960s?
490132,I’m looking for a road trip film based on a true story with comedy and drama.
399055,Can you recommend a romantic fantasy movie with an unusual love story?
399055,What’s a good drama set during the Cold War with a surreal or magical element?
399055,I’m looking for a movie about an unlikely relationship between a human and a fantasy creature.
166426,Can you recommend a fun adventure movie with pirates and supernatural action?
166426,What's a fantasy action film with ghost ships and a treasure hunt?
166426,I want a swashbuckling movie like Pirates of the Caribbean with magic and sea battles.
351286,Can you recommend an action-packed adventure movie about rescuing dinosaurs from a volcanic eruption?
351286,I’m looking for a science fiction thriller with dinosaurs and lots of suspense—what should I watch?
351286,What’s a good movie like Jurassic Park that involves an island full of dinosaurs and a disaster scenario?
61791,Can you recommend a thriller about a smart ape rebelling against humans?
61791,What action sci-fi movies involve animal experiments going wrong?
61791,I’m looking for a dramatic science fiction movie about an uprising and revenge.
138843,What are some scary horror movies about paranormal investigators helping a family haunted by an evil presence?
138843,Can you recommend a thriller with a haunted farmhouse and a demonic spirit?
138843,What horror movies are based on a true paranormal case involving a family and ghost hunters?
14161,What are some disaster movies about the world ending due to natural catastrophes?
14161,Can you recommend an action sci-fi film where scientists discover a global apocalypse is coming?
14161,What movies are about trying to save humanity from a massive Earth catastrophe?
398818,What are some romantic dramas about a coming-of-age summer love story?
398818,"Can you recommend a movie set in Italy with a beautiful, emotional romance?"
398818,I’m looking for a poignant LGBTQ romance film with strong drama and memorable characters.
1724,Can you recommend a science fiction action movie about a scientist who turns into a powerful monster?
1724,What’s a good adventure movie where the main character is trying to control a dangerous power inside him?
1724,Suggest a movie like a superhero action film with a government chase and a deadly enemy
9502,What are some fun family-friendly action comedies with martial arts and an underdog hero?
9502,Can you recommend an animated movie where a clumsy character discovers hidden potential and becomes a hero?
9502,What movies are similar to Kung Fu Panda for kids and adults to enjoy together?
2048,What are some action sci-fi movies about robots and artificial intelligence gone wrong?
2048,Can you recommend a movie where a detective investigates a mysterious death in a futuristic world?
2048,"What’s a good sci-fi thriller with robots, danger to humanity, and lots of action?"
207,Can you recommend a drama about an inspiring teacher who encourages students to think for themselves?
207,What movie should I watch about students at a strict boarding school rebelling against tradition?
207,I’m looking for a heartfelt coming-of-age film set in an elite school with an unconventional teacher.
127380,Can you recommend a family-friendly animated adventure about finding a lost parent and discovering your past?
127380,What movie is about a forgetful fish searching for her family and learning about where she came from?
127380,I want an adventurous kids' movie with ocean characters and a heartwarming quest for answers about identity and parents.
62,What are some mind-bending science fiction movies with a mysterious alien artifact?
62,Can you recommend a classic space adventure movie with a computer gone wrong?
62,What's a good science fiction mystery film about humanity discovering something strange on the moon?
372058,Can you recommend an animated romance with a body-swapping twist?
372058,What are some emotional drama movies about two teenagers whose lives become connected in a strange way?
372058,"I want a movie like Your Name. with high school characters, romance, and a magical story—what should I watch?"
82693,Can you recommend a romantic comedy-drama about two people helping each other heal after major life setbacks?
82693,What’s a movie about someone trying to rebuild their life after losing his job and marriage?
82693,Do you know a film where a guy with mental health struggles forms an unexpected relationship while working through family issues?
73,"Can you recommend a powerful drama about racism, hatred, and redemption?"
73,What are some intense movies about a former gang member trying to change his life?
73,Do you know any films about white supremacist violence and the impact on family?
161,Can you recommend a clever crime thriller about a heist in Las Vegas?
161,What is a good movie about a charismatic thief assembling a team for a big robbery?
161,I want a thrilling movie involving casinos and an elaborate theft plan—what should I watch?
11036,Can you recommend a romantic drama about a lifelong love story that faces major obstacles?
11036,What's a movie about an older couple and a powerful love story involving memory loss?
11036,I want a heartfelt romance movie where two people are separated and later reunite after many years.
771,Can you recommend a funny family Christmas movie where a kid defends his house from burglars?
771,What’s a good comedy movie about a child accidentally left home alone during the holidays?
771,I’m looking for a lighthearted family film with lots of prank-filled scenes and Christmas vibes.
38757,Can you recommend an animated family adventure with a strong female lead and lots of excitement?
38757,"What is a good movie for kids that has princesses, magic, and a fun road trip-style story?"
38757,I want a family-friendly adventure movie with romance and comedy—what should I watch?
194,What are some charming romantic comedies set in Paris?
194,Can you recommend a feel-good movie about a shy woman finding love and helping others?
194,I’m looking for a whimsical French romance with a quirky main character. What should I watch?
23483,Can you recommend an action-crime movie about an ordinary teenager who tries to become a real superhero?
23483,What’s a good movie where a high school student becomes a vigilante without having any powers or training?
23483,I’m looking for a crime action film about a comic book fan who decides to fight crime as a superhero.
216015,"Can you recommend a romantic drama with some thriller elements and a strong, intense love story?"
216015,"What movie is about a young college student falling for a rich, mysterious businessman?"
216015,"I'm looking for a steamy romance movie with emotional tension and a dominant, enigmatic male lead."
1359,Can you recommend a dark psychological thriller about a wealthy businessman with a hidden violent double life?
1359,"What’s a good crime drama with an unreliable, psychopathic protagonist in New York?"
1359,Suggest a movie like Fight Club but focused on an investment banker living a secret murderous fantasy life.
562,What are some action thrillers with a lone hero trapped in a building full of terrorists?
562,Can you recommend a classic 80s action movie about a cop taking down hostages-takers in a skyscraper?
562,I want a suspenseful movie where one man has to save everyone from terrorists in a city building.
8358,What are some survival movies about being stranded on a deserted island?
8358,Can you recommend an adventure drama where the main character has to survive alone after a plane crash?
8358,"I’m looking for a movie about isolation, survival, and a person fighting to make it back home."
1858,Can you recommend an action-packed sci-fi adventure with giant robots?
1858,What movie should I watch if I want transforming robots fighting on Earth?
1858,"I'm looking for a blockbuster with teenagers, aliens, and lots of explosions—any suggestions?"
119450,Can you recommend a sci-fi action movie with a tense post-apocalyptic struggle between humans and intelligent apes?
119450,What’s a good drama-thriller about surviving a deadly plague after civilization collapses?
119450,"Suggest a movie like Planet of the Apes that mixes science fiction, action, and emotional conflict between two species."
115,Can you recommend a funny crime movie with quirky characters and a bizarre plot?
115,What are some cult comedy movies with eccentric antiheroes and lots of weird twists?
115,I want a crime comedy set in Los Angeles with a laid-back main character and unusual humor.
36657,Can you recommend an action sci-fi adventure movie about mutants and superheroes?
36657,What’s a good movie about a team of people with special powers fighting a terrorist group?
36657,I want a film where characters with mutant abilities go to a special academy and join a superhero team—any suggestions?
332562,What are some romantic dramas about musicians and rising singers?
332562,Can you recommend a movie about two artists falling in love while one becomes famous?
332562,I want a heartfelt music drama with a tragic relationship and strong performances. What should I watch?
49530,Can you recommend a sci-fi action thriller where time is literally used as currency?
49530,What are some movies about a future society where the rich can live forever and the poor are hunted for time?
49530,I’m looking for a dystopian movie with a poor man on the run from corrupt authorities after suddenly getting rich—any suggestions?
8681,What are some intense action thrillers about a father rescuing his kidnapped daughter?
8681,Can you recommend a movie where a former spy or operative uses his skills to find someone taken abroad?
8681,I want a suspenseful revenge thriller with a parent fighting human traffickers to save their child. What should I watch?
414906,What are some dark crime thrillers with a mystery plot and a detective-style superhero?
414906,Can you recommend a movie about a vigilante investigating corruption in a city?
414906,"What’s a good thriller with a serial killer, corruption, and a brooding hero?"
812,Can you recommend an animated family adventure with romance and magic?
812,What's a fantasy movie about a street thief who falls in love with a princess?
812,I’m looking for a classic adventure movie with a genie and a magic lamp
601,What are some family-friendly adventure movies with aliens that form a bond with kids?
601,Can you recommend a science fiction movie about an alien trying to get home?
601,What movies are similar to E.T. the Extra-Terrestrial with an emotional story and a child protagonist?
604,What action sci-fi movies have a hero who can manipulate a simulated reality and save humanity?
604,"Can you recommend a thriller with a chosen one, high-tech battles, and a mission to stop machines from destroying a human city?"
604,"I’m looking for an adventure movie similar to The Matrix with intense action, futuristic powers, and a race against time."
93456,What are some funny animated family movies with a supervillain theme?
93456,Can you recommend a comedy sci-fi movie where the main character is a former bad guy?
93456,What’s a good kids’ movie about stopping a powerful criminal with lots of humor?
76203,Can you recommend a historical drama about slavery and survival based on a true story?
76203,What are some powerful movies about resilience and dignity in the face of injustice?
76203,Suggest a serious period drama set in the pre-Civil War United States about an abducted free man.
872585,Can you recommend a historical drama about the development of the atomic bomb?
872585,What’s a good movie about J. Robert Oppenheimer and World War II history?
872585,I want a serious drama based on real events from science and history—what should I watch?
18,What are some action-packed sci-fi adventure movies with a futuristic setting and a hero who has to save humanity?
18,Can you recommend a fun science fiction movie with lots of action and an unexpected reluctant hero?
18,What movies are there about a taxi driver getting caught up in a mission to save the world?
458156,Can you recommend an action thriller with nonstop fight scenes and a lone assassin on the run?
458156,What’s a good crime movie about a hitman being hunted by assassins after a major betrayal?
458156,I want a fast-paced thriller with intense action and a dangerous underworld of killers—what should I watch?
242582,Can you recommend a dark crime thriller about someone who gets involved in unethical journalism?
242582,I’m looking for a suspenseful movie set in Los Angeles with an ambitious antihero—what should I watch?
242582,What are some intense dramas about media manipulation and morally gray characters?
953,Can you recommend a fun animated adventure movie for families with talking animals?
953,What’s a good comedy movie about zoo animals escaping and ending up on an island?
953,I’m looking for a family-friendly adventure film similar to Madagascar with lots of humor.
36557,Can you recommend an action thriller about a spy on his first major mission?
36557,What’s a good adventure movie involving a high-stakes poker game and international espionage?
36557,I’m looking for a suspenseful spy film with James Bond-style action—what should I watch?
1949,What are some suspenseful crime mystery movies about a serial killer investigation?
1949,Can you recommend a thriller based on a true crime case with journalists following the story?
1949,I want a dark detective movie where the investigation becomes an obsession—what should I watch?
291805,What are some crime thrillers with clever heists and lots of twists?
291805,Can you recommend a movie about magicians pulling off an elaborate robbery?
291805,"I want a suspenseful sequel with teamwork, deception, and a big casino-style scam — what should I watch?"
13223,Can you recommend a drama about an angry war veteran who befriends his young neighbor?
13223,What’s a movie like Gran Torino about an older man forming an unlikely bond with a teenager?
13223,"I’m looking for a drama with themes of redemption, neighborhood conflict, and a troubled relationship between an old man and a kid."
578,Can you recommend a suspenseful ocean thriller with a shark attack plot?
578,What’s a classic horror-adventure movie about people hunting a giant sea predator?
578,I want a thrilling movie set in a beach town with a dangerous shark—what should I watch?
196,Can you recommend a fun adventure-comedy sci-fi movie with time travel and a Wild West setting?
196,What’s a good family-friendly science fiction movie with lots of humor and a sequel feel?
196,"I want a movie about traveling to the past, with cowboys, romance, and a lot of action—what should I watch?"
75612,Can you recommend a sci-fi action movie with mystery and a post-apocalyptic Earth setting?
75612,What’s a movie about a lone hero uncovering the truth about humanity after a war with alien invaders?
75612,"I want an adventure thriller with drones, space tech, and a plot twist about a damaged future world—what should I watch?"
222935,What are some romantic dramas about teenagers dealing with serious illness?
222935,Can you recommend a sad love story movie with strong emotional themes?
222935,What movies are similar to The Fault in Our Stars?
411,Can you recommend a family fantasy adventure movie with a magical world and epic battle between good and evil?
411,What’s a good movie like Harry Potter or The Lord of the Rings that kids can watch?
411,I’m looking for a movie with siblings discovering a hidden realm and talking animals—any suggestions?
51876,Can you recommend a thriller about a character who takes a smart drug and suddenly becomes super intelligent?
51876,What are some mystery sci-fi movies where an ordinary person gains extraordinary mental abilities?
51876,I’m looking for a movie about a writer whose life changes after using an experimental enhancement drug.
310,Can you recommend a funny fantasy movie where an ordinary person gets god-like powers?
310,What are some comedy movies about a frustrated man whose life changes after meeting God?
310,I want a lighthearted fantasy film about self-discovery and supernatural powers—what should I watch?
600,Can you recommend a war drama about Marines and the Vietnam War?
600,What are some intense movies about brutal military boot camp training?
600,I’m looking for a gritty film that shows the dehumanizing effects of war on soldiers.
1417,Can you recommend a dark fantasy movie with a strong mix of drama and war themes?
1417,What are some movies set during or after the Spanish Civil War that also have magical or surreal elements?
1417,I’m looking for a movie about a young girl who escapes a harsh现实 through a mysterious fantasy world—any suggestions?
510,What are some great drama movies set in mental institutions?
510,Can you recommend a movie about an antihero who challenges an oppressive authority figure?
510,What’s a classic film about a rebellious patient and a strict nurse in a psychiatric ward?
338952,"Can you recommend a fantasy adventure movie with powerful magic, dark wizards, and an epic battle between good and evil?"
338952,What’s a good movie if I want something set in the wizarding world with magical creatures and a quest to stop a dangerous villain?
338952,Suggest a fantasy film about a wizard facing an old enemy and teaming up with allies to prevent a magical uprising.
508442,What are some good animated movies about music and finding your purpose?
508442,Can you recommend a family-friendly fantasy film with a meaningful story about life and self-discovery?
508442,I'm looking for a drama or comedy-drama about a musician that also works for kids—any suggestions?
629,Can you recommend a crime thriller with a clever twist ending and lots of suspense?
629,What are some drama movies about criminals and an interrogation story?
629,I’m looking for a mystery thriller involving a mythic crime lord and a heist gone wrong.
12405,Can you recommend a dramatic romance about a poor young man reflecting on his life after being accused of cheating on a game show?
12405,What movie is about a teenager in India who goes on a quiz show and looks back on his life story?
12405,I want a romance drama with an underdog story involving the Indian version of Who Wants to Be a Millionaire. What should I watch?
62211,What are some good animated family movies with humor and a fantasy setting about unlikely friendships?
62211,Can you recommend a fun comedy for kids that shows how two rivals become friends?
62211,What movie should I watch if I want a lighthearted story about college life in a monster world?
8844,What are some family adventure movies with fantasy elements and a magical world?
8844,Can you recommend a fun movie about kids discovering an enchanted game that causes chaos?
8844,What is a good adventure fantasy film with dangerous creatures and lots of action for the whole family?
854,Can you recommend a funny fantasy movie where an ordinary guy gets magical powers and becomes overconfident?
854,What’s a good comedy-romance movie with a quirky supernatural twist and a love story?
854,Suggest a crime comedy with a masked antihero and a villainous mobster.
45243,Can you recommend a comedy movie about a bachelor party that goes totally off the rails?
45243,What’s a funny movie like The Hangover set during a trip to Thailand or another wild destination?
45243,I’m looking for a raunchy ensemble comedy with chaotic wedding-weekend misadventures.
168259,Can you recommend an action-packed crime thriller about a family being hunted for revenge?
168259,What movie has a villain seeking revenge against Dominic Toretto and his team?
168259,"I’m looking for a fast-paced thriller with car chases, crime, and family drama—what should I watch?"
497698,Can you recommend an action-adventure sci-fi movie about a spy confronting her dark past?
497698,"I want a movie similar to Black Widow with a female lead, espionage, and lots of action."
497698,What’s a good superhero-style film about a former assassin dealing with a dangerous conspiracy?
2080,Can you recommend an action-packed superhero movie about a mutant with a tragic past seeking revenge?
2080,What’s a good adventure sci-fi movie that explores the origin story of a famous comic book character?
2080,"I want a movie with intense fighting, superhuman abilities, and a dark backstory—what should I watch?"
206647,Can you recommend an action thriller with a secret organization and espionage?
206647,I’m looking for an adventure movie where a spy uncovers a conspiracy from his past.
206647,What’s a good thriller about James Bond facing a hidden criminal syndicate?
787,What are some action comedy movies about married couples with secret double lives?
787,Can you recommend a thriller where the husband and wife are both assassins?
787,What movie has a couple who find out they’re hired to kill each other?
84892,Can you recommend a coming-of-age drama about an introverted high school student finding friendship and love?
84892,What are some movies about a shy teenager learning to come out of their shell in the 1990s?
84892,"I’m looking for a heartfelt drama about high school friendships, first love, and self-discovery."
346698,What are some fun fantasy comedies with a colorful world and a quirky sense of humor?
346698,Can you recommend a movie about characters leaving a perfect fantasy land and exploring the real world?
346698,I want an adventure comedy with playful visuals and a mix of humor and self-discovery.
82992,Can you recommend an action-thriller with high-speed car chases and a crew coming together for a mission?
82992,What movie features Dominic and Brian teaming up to take down mercenaries?
82992,I'm looking for a crime thriller where a character discovers his presumed dead girlfriend is actually alive—what fits?
580489,Can you recommend a sci-fi action movie about an alien symbiote battling a dangerous serial killer?
580489,What’s a good action-adventure movie with a dark antihero and a new villain?
580489,Suggest a science fiction movie similar to Venom with intense fights and a chaotic villain.
577922,Can you recommend an action thriller with a mind-bending time travel plot?
577922,I want a sci-fi movie about espionage and saving the world from a global threat.
577922,"What’s a suspenseful film with lots of twists, high-stakes missions, and clever concepts?"
197,What are some historical action dramas about rebellion and freedom?
197,Can you recommend a war movie with a strong revenge story and epic battles?
197,What movies are similar to Braveheart in terms of Scottish history and heroism?
4935,What are some fantasy animated adventure movies with a strong magical storyline?
4935,Can you recommend a movie like a whimsical animated film about a girl cursed by a witch?
4935,What is a good fantasy adventure animation featuring wizards and a unique love story?
293167,Can you recommend an action-adventure movie with a giant monster and an explorer team discovering a dangerous island?
293167,"What fantasy adventure films are set on a mysterious, prehistoric island with strange creatures?"
293167,I want a movie like King Kong with lots of action and a crew exploring a hidden island—any suggestions?
343668,Can you recommend a funny action movie with secret agents and lots of gadgets?
343668,What’s a good sci-fi spy sequel with adventure and comedy?
343668,I want a crime action movie about a team of elite agents saving the world. Any suggestions?
652,Can you recommend an epic war movie set in ancient history with big battles and legendary heroes?
652,I’m looking for a historical action film about the Trojan War or Greek mythology—what should I watch?
652,What’s a good movie about a massive conflict sparked by a love affair and revenge in the ancient world?
361743,What are some action movies about fighter pilots and high-stakes military missions?
361743,Can you recommend a drama about an experienced pilot mentoring younger recruits?
361743,What movies are similar to Top Gun and feature intense aerial combat and personal redemption?
453,What are some good drama movies about brilliant but troubled minds?
453,Can you recommend a romantic drama about a mathematician facing mental illness?
453,What movies are similar to A Beautiful Mind?
266856,Can you recommend a moving biographical drama about a brilliant scientist facing a life-changing illness?
266856,What are some romantic dramas based on true stories that focus on a couple overcoming major hardships?
266856,"I’m looking for a thoughtful movie about love, perseverance, and the life of a famous physicist—any suggestions?"
211672,What are some funny family movies with animated characters and adventure?
211672,Can you recommend a comedy adventure movie for kids with lots of slapstick humor?
211672,What animated movies feature quirky side characters going on a world-saving mission?
89,Can you recommend an adventure movie with lots of action and a classic treasure hunt?
89,What’s a great action-adventure film about searching for a legendary artifact like the Holy Grail?
89,I’m looking for a fun movie about an archaeologist going on a dangerous quest with his father—what should I watch?
294254,Can you recommend an action-packed sci-fi adventure with a group trying to escape a dangerous organization?
294254,What’s a good thriller movie about teens surviving a desolate post-apocalyptic world?
294254,"I’m looking for a movie like The Maze Runner with more chases, mystery, and survival—what should I watch?"
19913,Can you recommend a romantic comedy-drama about a breakup and reflecting on a past relationship?
19913,What’s a good movie about a hopeless romantic who gets dumped and looks back on the relationship?
19913,Suggest a bittersweet love story with comedy and drama that explores how a relationship fell apart.
64688,Can you recommend a funny action movie about undercover cops in high school?
64688,What are some crime comedies where two partners go undercover at a school?
64688,I’m looking for an action-comedy with police detectives and lots of high school hijinks.
641,What are some dark dramas about addiction and the destructive effects of drugs?
641,Can you recommend a crime drama that shows how substance abuse ruins people’s lives?
641,"What movies are similar to Requiem for a Dream in terms of intense, tragic storytelling?"
539,Can you recommend a classic horror thriller with a mysterious motel and a shocking twist?
539,What’s a good suspenseful mystery movie with a creepy hotel manager and a dark atmosphere?
539,Suggest a famous psychological horror film involving a runaway woman and an isolated motel
41154,What are some action-comedy sci-fi movies with time travel?
41154,Can you recommend movies where agents have to go back in time to save the world?
41154,What are some fun alien movies with secret government agents and a buddy-cop vibe?
1593,What are some funny family movies with fantasy elements and lots of adventure?
1593,Can you recommend a lighthearted movie where museum exhibits come to life?
1593,I’m looking for a comedy with kids and adults that has magical chaos and action.
58574,Can you recommend an action mystery movie with a brilliant detective facing an equally smart villain?
58574,What’s a good adventure movie with Sherlock Holmes and a mastermind antagonist?
58574,I want a suspenseful mystery film where the hero matches wits with a dangerous criminal genius—any suggestions?
59967,Can you recommend a sci-fi action thriller with time travel and a dark crime plot?
59967,What movie should I watch if I want a story about assassins dealing with time travel and their future selves?
59967,Do you know a thriller where the mob uses time travel and the main character has to face his older version?
359940,Can you recommend a dark crime drama about a mother seeking justice for her daughter’s murder?
359940,"What movies are similar to Three Billboards Outside Ebbing, Missouri?"
359940,I want a gritty small-town drama with strong characters and moral conflict—any suggestions?
36658,What are some good action sci-fi movies about superheroes fighting prejudice and government threats?
36658,"Can you recommend a movie with mutants, team battles, and a villain trying to wipe them out?"
36658,"I want an adventure movie like X-Men with powers, heroes, and a big clash against a military bad guy"
679,Can you recommend an intense sci-fi action movie with suspense and creatures?
679,What are some good thriller movies about space missions gone wrong?
679,I want a movie with a strong female lead fighting aliens—what should I watch?
791373,I'm looking for a long superhero movie with a darker tone and epic scale—what should I watch?
791373,Can you recommend an action-fantasy film about assembling a team of heroes to stop a world-ending threat?
791373,"What movie should I see if I want a dramatic DC superhero story featuring Batman, Wonder Woman, and other metahumans?"
181812,What are some action-packed sci-fi adventure movies with a final battle and a space rebellion?
181812,"Can you recommend a movie that continues the story of Rey, Finn, and Poe in the Star Wars series?"
181812,I’m looking for a big blockbuster adventure movie with futuristic battles and a heroic resistance fighting a powerful enemy.
9799,Can you recommend an action movie about street racing and undercover cops?
9799,What's a good crime thriller with car chases and gang drama?
9799,Suggest a movie where an undercover officer infiltrates a dangerous crew and gets involved with the leader's family.
605,Can you recommend a sci-fi action movie about humans defending their city from machines?
605,What’s a thrilling movie with intense battles and a hero trying to stop a war against rogue AI?
605,"Can you suggest a movie like The Matrix with adventure, action, and a fight against powerful computer-controlled enemies?"
502356,What are some good family-friendly animated adventure movies with comedy and fantasy?
502356,Can you recommend a fun movie about brothers on a quest in a magical world?
502356,What movies are similar to The Super Mario Bros. Movie for kids and families?
495764,Can you recommend an action-crime movie with a strong female lead and a chaotic antihero vibe?
495764,What are some movies about a team of women teaming up to protect a girl from a crime lord?
495764,"Suggest a fun, edgy comic-book movie with crime, action, and a rebellious main character."
337339,Can you recommend an action thriller about a car crew dealing with betrayal and crime?
337339,"What movie has fast cars, intense action, and a mysterious woman turning the hero against his friends?"
337339,I want a crime thriller with high-stakes teamwork and lots of explosive action—what should I watch?
56292,What are some action thrillers with a team on the run after being blamed for a major bombing?
56292,Can you recommend a suspenseful spy movie involving nuclear launch codes and a race against time?
56292,What’s a good adventure action film where a secret agent team has to stop a terrorist plot after their agency is disavowed?
420818,Can you recommend an animated family movie about a young prince who has to reclaim his kingdom?
420818,"What’s a good adventure drama for kids with animals, betrayal, and a heroic journey?"
420818,I’m looking for a classic Disney movie about a lion cub growing up and facing his destiny.
301528,Can you recommend a funny animated family adventure about toys on a road trip?
301528,What’s a good family comedy like Toy Story with themes of friendship and loyalty?
301528,I’m looking for an animated adventure movie that kids and adults can enjoy together.
10020,Can you recommend a romantic animated fantasy movie for the whole family?
10020,What’s a good Disney-style movie about a young woman and a cursed prince?
10020,I’m looking for a family-friendly romance with magic and a classic fairy tale feel.
608,What are some sci-fi action comedies with aliens and secret agents?
608,Can you recommend a funny action movie about a government team protecting Earth from aliens?
608,"What movies are similar to Men in Black with humor, sci-fi, and lots of alien action?"
772,What are some good family-friendly Christmas comedy movies set in New York?
772,Can you recommend an adventure movie where a kid is accidentally left alone in a big city?
772,What movie should I watch if I want a fun holiday film with pranks and burglars?
399566,What action-packed sci-fi adventure movies feature giant monsters battling each other?
399566,Can you recommend a movie where two iconic creatures or titans fight for dominance?
399566,"I'm looking for a high-energy monster movie with big battles and lots of destruction, what should I watch?"
1402,Can you recommend a heartfelt drama about a struggling parent trying to build a better life for their child?
1402,What’s a good movie about overcoming poverty and chasing a career dream as a single father?
1402,I want an inspiring drama based on real-life struggle and perseverance—what should I watch?
420817,Can you recommend a family-friendly fantasy adventure with magic and a genie?
420817,What’s a romantic adventure movie with a classic fairytale feel and lots of magic?
420817,"I’m looking for an animated movie about a street thief, a lamp, and a wish-granting genie."
405774,Can you recommend a tense horror thriller about surviving in a world where you can’t look outside?
405774,I’m looking for a suspenseful movie with a mother trying to protect her children during an apocalypse.
405774,What’s a good dark drama-thriller with an unseen threat and a desperate journey to safety?
392044,Can you recommend a mystery movie with a detective solving a हत्या on a train?
392044,I’m looking for a crime drama with an elegant расследование and lots of suspects—what should I watch?
392044,What’s a good whodunit movie set on a luxurious train with a famous detective?
13475,What's a good sci-fi adventure movie with space battles and an exciting crew dynamic?
13475,Can you recommend an action movie about two very different heroes who have to work together to save the galaxy?
13475,"I'm looking for a sci-fi film with a mix of humor, danger, and the origins of a famous space team."
602,Can you recommend an action-packed sci-fi movie about aliens invading Earth?
602,What’s a good adventure movie where humanity has to stop a global disaster?
602,Suggest a thrilling science fiction film with large-scale destruction and a fight for survival.
82702,Can you recommend an animated fantasy adventure movie with dragons and a coming-of-age story?
82702,What’s a good family-friendly action movie about a boy and his dragon exploring new worlds?
82702,"I’m looking for a movie like How to Train Your Dragon with adventure, dragons, and emotional depth."
283366,What are some adventure fantasy movies with kids who have special powers and have to protect their home?
283366,Can you recommend a movie about orphans with magical abilities who are threatened by dangerous creatures?
283366,I’m looking for a fantasy adventure film similar to a mysterious island story with supernatural children—what should I watch?
10674,Can you recommend an animated family adventure about a brave woman disguising herself as a man to fight in a war?
10674,"What’s a good movie for kids and families that features a strong female hero, action, and adventure in historical China?"
10674,"I’m looking for an animated movie with battles, training, and a character who risks everything for their family—any suggestions?"
381284,Can you recommend a historical drama about inspiring real-life women who overcame racism and sexism?
381284,What’s a movie about brilliant African-American women making a major impact at NASA?
381284,I’m looking for an uplifting true story about women breaking barriers in science and history.
515001,What are some dark comedies set during World War II?
515001,Can you recommend a movie about a child being raised in Nazi Germany who starts questioning propaganda?
515001,What films mix humor and drama while dealing with anti-war themes and hidden Jewish characters?
566525,What are some action-adventure movies with martial arts and fantasy elements?
566525,Can you recommend movies about a hero facing a mysterious secret organization from their past?
566525,"What movies have a mix of supernatural powers, adventure, and family conflict?"
110415,Can you recommend a dystopian sci-fi movie with strong social class themes?
110415,What’s a good action movie set in a futuristic world with a political message?
110415,Can you suggest a post-apocalyptic film where society is confined to a single location?
262500,What are some action sci-fi thrillers about a young woman fighting a powerful oppressive society?
262500,Can you recommend movies like Divergent with a strong female lead and lots of futuristic action?
262500,What are good dystopian thriller movies where the main character has to confront inner demons and save her society?
453395,Can you recommend a fantasy action adventure movie with alternate realities and mystical powers?
453395,What’s a good movie about a hero traveling through the multiverse to face a dangerous new enemy?
453395,"I’m looking for an adventure movie with magic, mind-bending worlds, and superhero action—what should I watch?"
627,What are some gritty crime dramas about addiction and bad life choices?
627,"Can you recommend a dark British movie about friendship, drugs, and trying to get clean?"
627,What movies show a character trying to escape their past but getting pulled back into crime?
36668,Can you recommend an action sci-fi adventure movie about superheroes fighting over a cure for mutations?
36668,What movie features the X-Men and Magneto going to war over a mutation cure?
36668,"I’m looking for a science fiction superhero film with mutant powers, conflict, and a big battle between rival teams—what should I watch?"
454626,What are some fun action-comedy family movies with a fast-moving hero and a villain chasing him across the world?
454626,"Can you recommend a science fiction movie for kids that mixes comedy, adventure, and a lovable non-human main character?"
454626,I'm looking for a lighthearted family movie with action and a supervillain plot. What should I watch?
17654,Can you recommend a sci-fi movie with aliens living among humans and heavy social commentary?
17654,What’s a good science fiction film about an alien refugee situation on Earth?
17654,I want a movie where a government or corporation exploits aliens for their technology—any recommendations?
70,Can you recommend a heartfelt drama about a determined boxer and her trainer?
70,What’s a good emotional sports movie with strong character development and a bittersweet story?
70,I’m looking for a drama about an underdog female athlete and her relationship with a tough coach.
950,What are some good animated family adventure movies with funny animal characters?
950,Can you recommend a comedy adventure movie for kids about animals facing a big environmental disaster?
950,"What movies are similar to Ice Age with friendship, humor, and a lot of adventure?"
9479,Can you recommend a fantasy animated family movie with a spooky Halloween vibe and Christmas themes?
9479,What’s a good family-friendly movie that mixes Halloween and Christmas in a unique way?
9479,I’m looking for an animated fantasy film about a character who tries to bring Christmas to a spooky town. Any suggestions?
76170,Can you recommend an action sci-fi adventure movie about a superhero who goes to Japan and faces a powerful nemesis?
76170,I'm looking for a movie where Wolverine travels to modern-day Japan and has to deal with intense physical and emotional challenges.
76170,"What are some good movies like The Wolverine with lots of action, adventure, and science fiction elements?"
330457,Can you recommend a family-friendly animated adventure movie with comedy and fantasy?
330457,What movie should I watch if I want a magical story about siblings going on a quest to uncover an ancient mystery?
330457,Do you know any fun animated fantasy movies similar to Frozen about a journey into the forest?
8960,Can you recommend a fantasy action movie about a flawed superhero who tries to rebuild his image?
8960,I’m looking for an action movie with a sarcastic or antihero-style superhero—any suggestions?
8960,What’s a good fantasy action film where a troubled hero has to change his behavior to save his reputation?
287947,What are some fun superhero movies with both action and comedy?
287947,Can you recommend a fantasy movie about a kid who transforms into an adult hero?
287947,I'm looking for a lighthearted action movie with magic and a coming-of-age story.
3933,Can you recommend a dark fantasy romance animated movie with a gothic feel?
3933,What are some animated movies about a love triangle involving the dead and the living?
3933,I’m looking for a visually stylized romance fantasy film with a spooky atmosphere.
568124,Can you recommend a family-friendly animated movie with magical themes and music?
568124,What’s a good comedy-fantasy movie about a unique family and their special powers?
568124,I’m looking for an uplifting animated film with a strong female lead and colorful visuals.
423,Can you recommend a war drama based on a true story set during World War II?
423,What are some movies about surviving the Nazi occupation in Europe?
423,I’m looking for a dramatic historical film about life in the Warsaw Ghetto and hiding during the war.
5915,Can you recommend an adventure drama about a young person who gives up everything to travel alone and live in the wilderness?
5915,What movie is about a recent college graduate who abandons his possessions and heads to Alaska to live off the grid?
5915,"I’m looking for a film similar to a wilderness survival story with a strong dramatic, introspective journey."
87,Can you recommend an action-adventure movie where an archaeologist travels to India to recover a mystical artifact?
87,"What’s a good adventure film with secret cults, ancient temples, and a rescue mission in India?"
87,"I’m looking for a classic Indiana Jones-style movie with lots of action, exotic locations, and a mysterious stone"
2501,Can you recommend an action thriller with a mystery about a man who wakes up with amnesia and has to figure out who he is?
2501,What’s a suspenseful spy movie where the main character is being hunted and doesn’t know why?
2501,"I’m looking for a fast-paced thriller involving espionage, memory loss, and a protagonist uncovering his hidden identity."
176,Can you recommend a really intense horror movie with a mystery element and a twisted game premise?
176,What’s a good crime-thriller horror film where characters are trapped and have to solve a deadly puzzle?
176,"I want a dark, suspenseful movie with psychological horror and a sadistic mastermind villain — any suggestions?"
564,Can you recommend an adventure movie set in ancient Egypt with action and supernatural elements?
564,What are some fantasy action movies about cursed tombs and mummies?
564,I’m looking for a thrilling 1920s expedition movie with treasure hunting and ancient legends.
399579,What are some action sci-fi adventure movies with a strong female protagonist?
399579,Can you recommend a futuristic movie about a cyborg who discovers her identity?
399579,What movies are similar to Alita: Battle Angel with epic world-building and adventure?
337404,What movies are set in 1970s London with fashion and punk rock vibes?
337404,Can you recommend a dark comedy about a clever woman rising in the fashion world?
337404,What crime dramas have a stylish antihero and a strong emphasis on costume design?
591,Can you recommend a thriller mystery about a murder investigation that uncovers a secret religious conspiracy?
591,"What movie should I watch if I want cryptic clues, art history, and a hidden mystery connected to Christianity?"
591,Do you know a suspenseful movie set in Paris with puzzles involving famous paintings and an ancient secret society?
389,Can you recommend a tense courtroom drama about jury deliberation and prejudice?
389,What's a classic drama where a group of people debate whether a defendant is guilty or innocent?
389,"I want a thought-provoking movie about justice, bias, and a single room full of conflicting opinions—any suggestions?"
316029,Can you recommend a dramatic movie about the rise of a famous showman and circus founder?
316029,What are some inspirational drama films based on real-life entertainers and entrepreneurs?
316029,I’m looking for a movie about a man who builds a spectacular traveling circus—any suggestions?
13183,Can you recommend a dark superhero movie with mystery and action elements?
13183,What’s a science fiction movie with masked vigilantes and a gritty alternate history setting?
13183,I’m looking for a suspenseful action movie about former heroes uncovering a sinister conspiracy.
107,What are some dark crime comedies with lots of chaotic characters and fast-paced plot twists?
107,"Can you recommend a funny gangster movie with thieves, fights, and a stolen valuable item?"
107,I want a crime film that mixes violence and humor with multiple groups chasing the same prize. What should I watch?
954,Can you recommend an action thriller about a spy who gets framed by a mole in his own agency?
954,"What’s a good adventure movie involving espionage, betrayal, and a rogue secret agent trying to clear his name?"
954,"Suggest a suspenseful mission-based thriller with undercover agents, a CIA leak, and lots of action."
9738,What are some action sci-fi movies about a group of heroes with superpowers?
9738,Can you recommend a fantasy movie where scientists get powers from a space accident?
9738,I'm looking for a superhero movie where the team has to stop a villain from destroying the world
156022,Can you recommend an action thriller about a retired operative who comes back to protect someone from dangerous criminals?
156022,What’s a crime movie where a quiet man with a hidden past takes on Russian gangsters?
156022,Do you know a thriller like The Equalizer where a lone hero helps a vulnerable young woman and seeks vengeance?
9741,Can you recommend a thriller about an ordinary man who discovers he may be indestructible after surviving a deadly accident?
9741,"I’m looking for a mystery-drama with a secretive, comic-book-like twist and a character whose bones are extremely fragile."
9741,What’s a suspenseful movie about a survivor of a train crash who is approached by a mysterious man with a rare disease?
670,Can you recommend a dark revenge thriller with a mystery plot and intense twists?
670,What’s a suspenseful movie about someone trapped for years who seeks revenge?
670,"I’m looking for a psychological thriller with torture, secrets, and a shocking reveal. Any suggestions?"
550988,Can you recommend a funny sci-fi adventure movie about someone discovering they live inside a video game?
550988,What's a good comedy movie where the main character realizes he is just an NPC and tries to become a hero?
550988,Suggest a movie like Ready Player One but more comedic and about a guy inside an open-world game.
318846,What are some funny but serious movies about financial crises and people profiting from them?
318846,Can you recommend a movie about the 2008 housing market collapse that mixes comedy and drama?
318846,"I want a smart, entertaining film about Wall Street and the events leading up to the financial meltdown."
124905,Can you recommend an action movie with massive monster battles and city destruction?
124905,I'm looking for a sci-fi drama about a giant creature protecting humans from other threats. Any suggestions?
124905,"What are some movies like Godzilla with military action, family drama, and huge destructive creatures?"
810,Can you recommend a family-friendly animated fantasy comedy about an ogre who has to help decide who will rule a kingdom after the king dies?
810,What movie is about Shrek trying to avoid becoming king and going on a journey to find the next heir to the throne?
810,Suggest a funny adventure animation where a couple must deal with inheriting a kingdom and a reluctant trip to bring back the rightful ruler.
620,Can you recommend a funny supernatural movie with a team of scientists hunting ghosts in New York City?
620,What’s a comedy-fantasy film about people starting a business to catch ghosts and save the world?
620,I’m looking for a lighthearted movie about paranormal investigators dealing with a huge ghostly threat.
18239,Can you recommend a fantasy romance movie about a teenage girl torn between a vampire and a werewolf?
18239,What’s a good drama-adventure movie with supernatural love triangles and high emotional stakes?
18239,"Suggest a movie like Twilight with vampires, werewolves, and a moody romantic storyline."
281338,"Can you recommend a sci-fi war movie with a serious, dramatic tone and big battle scenes?"
281338,What’s a good movie about apes fighting humans in a post-apocalyptic setting?
281338,I want a tense revenge story set in a dystopian future—any movie suggestions?
9487,Can you recommend an animated family adventure movie with lots of comedy and insect characters?
9487,What’s a fun movie about an underdog trying to save his community from bullies?
9487,I’m looking for a lighthearted Pixar-style movie about teamwork and bravery for kids.
177677,What are some action-packed adventure movies with a team taking on a dangerous secret organization?
177677,Can you recommend a high-stakes spy thriller where the heroes have to stop a rogue group?
177677,"What movie should I watch if I want a fast-paced mission with espionage, action, and adventure?"
429,Can you recommend a classic Western about three men searching for hidden gold during the Civil War?
429,"What’s a great Western movie with a lone outlaw, a ruthless killer, and a treasure hunt in the American Southwest?"
429,I’m looking for an iconic spaghetti Western with a tense search for stolen gold and lots of gunslinging.
264644,Can you recommend a tense drama about captivity and escape?
264644,What are some emotional thrillers about a mother protecting her child?
264644,I’m looking for a movie about someone adjusting to the outside world after years in confinement
54138,Can you recommend an action-packed sci-fi adventure about the crew of a starship hunting down a dangerous enemy within their own organization?
54138,"What are some movies like Star Trek with space battles, a crisis inside the fleet, and a rogue villain who is almost a weapon of mass destruction?"
54138,"I’m looking for a science fiction action movie involving Captain Kirk, the Enterprise, and a mission to stop a powerful terror threat—what should I watch?"
180,Can you recommend a sci-fi thriller with a futuristic crime-fighting premise?
180,What is a good action movie about predicting crimes before they happen?
180,I want a thriller where the main character is being hunted after being accused of a future murder. What should I watch?
474350,Can you recommend a horror thriller about childhood friends reuniting to face a supernatural evil years later?
474350,What’s a good scary movie with grown-up characters returning to their hometown after a mysterious phone call?
474350,I want a drama-horror sequel about a group of adults confronting the monster they defeated as kids.
436969,What are some action-comedy movies with a crazy team of antiheroes on a dangerous mission?
436969,"Can you recommend a superhero movie that's funny, violent, and kind of chaotic?"
436969,I want a movie like Guardians of the Galaxy but with more villains and darker humor.
744,Can you recommend an action movie with fighter pilots and lots of aerial scenes?
744,What’s a good drama-romance movie about military training and personal rivalry?
744,I’m looking for a classic 80s movie about a talented pilot dealing with loss and competition.
273481,Can you recommend a tense crime thriller about the drug war on the U.S.-Mexico border?
273481,I’m looking for an intense action movie with FBI agents and cartel violence—what should I watch?
273481,What’s a gritty thriller with a government task force taking on drug trafficking?
68724,Can you recommend a sci-fi action movie about a huge gap between rich and poor in the future?
68724,What movie is set on a space station where only the wealthy live while everyone else struggles on Earth?
68724,I’m looking for a thriller-drama with social inequality and futuristic government control—any suggestions?
664413,Can you recommend a dark romance movie about a dangerous mafia boss and a captive woman?
664413,What movie is similar to Fifty Shades but with a mafia crime twist?
664413,"I want a dramatic, provocative love story involving kidnapping and power dynamics—what should I watch?"
10625,What are some teen comedy movies about high school cliques and popularity drama?
10625,Can you recommend a funny movie about a new student getting involved with a popular girl group?
10625,"I want a comedy-drama with gossip, rivalry, and a girl navigating high school politics. What should I watch?"
138832,Can you recommend a funny crime movie about a fake family on a drug run?
138832,What are some comedy movies where a group pretends to be a family to pull off a smuggling scheme?
138832,I’m looking for a lighthearted crime film involving cannabis and a cross-border trip—any suggestions?
126889,What are some horror sci-fi movies set on a dangerous alien planet?
126889,Can you recommend a movie about a crew discovering a planet that turns out to be deadly?
126889,What’s a good scary space movie with aliens and a colony ship?
646380,What are some dark comedy movies about a looming disaster that people don't take seriously?
646380,Can you recommend a satirical science fiction movie about climate change or denial?
646380,I want a dramedy about scientists warning everyone about an extinction-level threat—what should I watch?
512200,What are some adventure-comedy movies with fantasy elements and a group of friends going on a wild rescue mission?
512200,Can you recommend a fun sequel where characters return to a magical game world for another unexpected quest?
512200,"What movies are similar to Jumanji with action, humor, and a surprising fantasy setting?"
300668,Can you recommend a sci-fi horror movie with a mysterious expedition into an unknown zone?
300668,What movie has a biologist exploring a dangerous area where the laws of nature don't apply?
300668,"I'm looking for a psychological science fiction horror film with strange, unsettling transformations and a secret mission"
747,Can you recommend a horror-comedy about zombies with a lot of humor and British wit?
747,What movie should I watch if I want a funny zombie apocalypse film set in London?
747,Do you have any recommendations for a dark comedy where an ordinary guy deals with the dead rising?
50620,Can you recommend a fantasy romance movie about vampires protecting a child from danger?
50620,What’s a dramatic supernatural movie with vampire clans coming together to defend a family?
50620,I’m looking for a romance fantasy film that involves the Volturi and the Twilight saga storyline.
45269,Can you recommend a historical drama about a British king overcoming a personal struggle?
45269,What are some movies about royalty dealing with a speech impediment or public speaking issues?
45269,Suggest an inspiring period drama based on a real-life story of perseverance and leadership.
50646,What are some funny romantic comedies about a middle-aged man dealing with divorce and dating again?
50646,"Can you recommend a movie about love, marriage, and relationship troubles with both comedy and drama?"
50646,I want a rom-com with a self-improvement story and dating advice—what should I watch?
122906,Can you recommend a romantic drama with a touch of fantasy and time travel?
122906,What’s a good movie about appreciating life and family relationships?
122906,I’m looking for an emotional love story that includes time travel—any suggestions?
348350,What are some sci-fi adventure movies with smugglers and space heists?
348350,Can you recommend an action-packed Star Wars movie about Han Solo and Chewbacca?
348350,What movies feature a young hero teaming up with a Wookiee and a charismatic gambler?
39254,Can you recommend an action sci-fi movie about robot boxing and an underdog comeback?
39254,What’s a good drama with a father and son rebuilding a fighting robot together?
39254,"Suggest a movie like Rocky, but with robots and a redemption story."
50619,What are some romantic fantasy movies with vampires and a dramatic love story?
50619,Can you recommend an adventure movie with supernatural elements and a strong romance plot?
50619,"I’m looking for a fantasy romance film with betrayal, danger, and emotional twists."
330,What are some adventure movies with dinosaurs and lots of action?
330,Can you recommend a science fiction thriller about a dangerous island with genetically engineered creatures?
330,"I want a movie like Jurassic Park with survival, chaos, and prehistoric monsters. What should I watch?"
109439,What are some funny road-trip comedies with a wild group of friends?
109439,Can you recommend a comedy movie where a bachelor party-style crew gets into trouble again?
109439,What are some laugh-out-loud movies about a group of guys causing chaos on a trip?
74,What are some intense science fiction thrillers about alien invasions and survival?
74,"Can you recommend an adventure movie with a tense, apocalyptic atmosphere?"
74,What movies are like War of the Worlds with a family caught in a catastrophic event?
24021,What are some romantic fantasy adventure movies about vampires and werewolves?
24021,Can you recommend a movie where a love triangle is part of a supernatural drama?
24021,"What’s a good movie similar to The Twilight Saga with danger, romance, and fantasy?"
106,What are some action sci-fi movies with a soldier team being hunted in the jungle?
106,Can you recommend a thrilling adventure movie about an alien hunter?
106,What movies are similar to Predator with commandos fighting an extraterrestrial warrior?
47971,What are some action movies with a rogue hero coming back from the dead for one last mission?
47971,Can you recommend a fast-paced adventure crime movie with a tough secret agent and lots of stunts?
47971,I'm looking for a high-energy movie like a spy thriller where the main character returns to action after being presumed dead.
259693,Can you recommend a scary movie about paranormal investigators helping a family haunted by spirits?
259693,What horror films involve a mother and her children being terrorized by ghosts in their house?
259693,I want a supernatural horror movie based on a true story with demon investigators—any suggestions?
8373,What are some action-packed sci-fi movies with giant robots and lots of battles?
8373,Can you recommend a sequel where the hero gets pulled back into an alien war after trying to live a normal life?
8373,"What’s a fast-paced adventure movie with robots, explosions, and a returning cast from a previous film?"
76492,Can you recommend a fun animated family movie about monsters and a vampire dad protecting his daughter?
76492,What’s a good fantasy comedy for kids that takes place in a monster hotel?
76492,"I’m looking for a lighthearted movie with Dracula, monsters, and a human who accidentally shows up somewhere he shouldn’t—any suggestions?"
524434,Can you recommend a sci-fi action adventure movie about ancient aliens who have secretly lived on Earth?
524434,What movie should I watch if I want a story about a hidden team of superheroes reuniting to fight an ancient enemy?
524434,Do you know any adventure movies involving immortal beings protecting humanity from mysterious monsters?
353081,What are some action-adventure movies with a high-stakes race against time and global catastrophe?
353081,Can you recommend a movie about a secret agent who is suspected by his own agency while trying to save the world?
353081,"What’s a fast-paced spy thriller with assassins, betrayal, and intense mission failure consequences?"
45612,Can you recommend a thriller where someone relives the same event to solve a mystery?
45612,What’s a good sci-fi movie about a soldier on a mission to stop a bombing?
45612,I’m looking for a suspenseful movie with time-loop or alternate-body elements—any suggestions?
63,Can you recommend a sci-fi thriller with time travel and a dark mystery plot?
63,What movie is about a man sent back in time to stop a deadly virus?
63,I want a suspenseful science fiction film involving a post-apocalyptic future and mental hospitals—any suggestions?
28,What are some intense war dramas about the Vietnam War?
28,Can you recommend movies about a secret mission to find a rogue military officer?
28,"I want a dark, psychological war movie with a strong anti-war theme."
275,Can you recommend a dark crime thriller with a kidnapping scheme that goes horribly wrong?
275,I’m looking for a suspenseful movie set in Minnesota with a strong female police investigator—any suggestions?
275,"What’s a good crime drama with a mix of tension, violence, and some offbeat humor?"
14836,Can you recommend a dark animated fantasy movie for kids that has a creepy but adventurous story?
14836,"What family-friendly fantasy movies have a strong, imaginative heroine and a spooky atmosphere?"
14836,I'm looking for an animated movie similar to a fairy tale but with a unsettling twist — any suggestions?
450465,Can you recommend a thriller with psychological twists and superhuman elements?
450465,What’s a movie about multiple personalities and secret powers?
450465,I want a dark sci-fi drama with suspense and a villain pulling the strings—any suggestions?
152532,What are some good dramatic movies based on true stories about people fighting serious illness?
152532,Can you recommend a history-based drama about the early AIDS crisis?
152532,"I want a movie about someone with a rough, flawed personality who goes through a major life change."
464052,Can you recommend an action-adventure fantasy movie with a strong female superhero lead?
464052,What movie should I watch if I want a Wonder Woman sequel with big action and magical elements?
464052,Suggest a movie where a heroic character faces a powerful ancient force and their powers are at risk.
50014,"Can you recommend a moving historical drama about race, friendship, and social change in the American South?"
50014,What are some drama movies about Black maids and the challenges they faced working for white families in the 1960s?
50014,I’m looking for an emotional film with strong female characters and themes of inequality and civil rights.
128,Can you recommend an animated fantasy adventure movie with strong environmental themes?
128,What are some movies like Princess Mononoke with a conflict between humans and nature?
128,"I’m looking for a beautifully animated epic with a serious, mythic story—any suggestions?"
217,Can you recommend an action-adventure movie with a Cold War setting and a search for a mysterious artifact?
217,"What's a good Indiana Jones-style film involving ancient legends, a lost city, and supernatural powers?"
217,I’m looking for a thrilling adventure movie where the hero travels to Peru to uncover a secret connected to a crystal skull.
359724,What are some true-story racing movies with drama and action?
359724,Can you recommend movies about underdogs taking on big companies?
359724,I want a historical sports movie with intense race scenes and strong characters. What should I watch?
254128,Can you recommend an action thriller about a natural disaster and a rescue mission?
254128,I’m looking for a movie where a parent has to save their estranged child during a catastrophe—any suggestions?
254128,What are some disaster movies set in California with earthquakes and intense survival scenes?
391713,Can you recommend a coming-of-age movie about a strong-willed teenage girl and her relationship with her mother?
391713,What are some good drama-comedy films set in high school and focused on growing up?
391713,I’m looking for a movie about an artistic teen in conflict with her family before heading off to college.
114,Can you recommend a romantic comedy about a wealthy businessman falling for a street-smart woman?
114,What’s a feel-good movie with a Cinderella-style love story and witty banter?
114,Suggest a romance movie where two very different people change each other and fall in love.
87101,Can you recommend a sci-fi action thriller about time travel and a war between humans and machines?
87101,What movie should I watch if I want an intense futuristic action film involving robots and a resistance fighting back?
87101,Do you know a science fiction thriller where a character is trying to stop a machine uprising that affects both the past and the future?
68734,Can you recommend a tense political thriller based on a real historical event?
68734,What’s a good drama about a covert rescue mission during the Iranian revolution?
68734,Can you suggest a thrilling movie about the CIA and a dangerous international operation?
315162,What are some fun animated adventure movies for families with lots of comedy?
315162,Can you recommend a fantasy comedy movie about a character on a quest?
315162,What movie would be good for kids who like talking animals and epic adventures?
38356,What are some action sci-fi adventure movies with giant robots and lots of battle scenes?
38356,Can you recommend movies where the government hides something important from the heroes?
38356,"What are good movies similar to Transformers with Autobots, secret artifacts, and big special effects?"
4951,What are some funny teen romance movies with a clever twist on high school dating?
4951,Can you recommend a romantic comedy-drama about a rebellious girl and a bad boy at school?
4951,I’m looking for movies like 10 Things I Hate About You with witty dialogue and high school romance.
508943,Can you recommend a heartwarming animated family movie with friendship and summer adventure?
508943,What’s a good fantasy comedy-drama set in Italy that kids and adults can both enjoy?
508943,"I’m looking for a colorful animated movie about friendship, growing up, and hiding a secret—any suggestions?"
137,Can you recommend a funny romantic fantasy movie with a time loop?
137,What are some movies like Groundhog Day where the main character keeps reliving the same day?
137,I want a light comedy with romance and a surreal premise—any suggestions?
533535,I want a funny action movie with sci-fi elements and lots of superhero chaos—what should I watch?
533535,Can you recommend a movie where an antihero teams up with another reluctant hero to save the world?
533535,"What’s a comedy-action film with a lot of sarcasm, violence, and an unlikely buddy partnership?"
435,Can you recommend a sci-fi thriller about a catastrophic climate disaster and a race to survive?
435,What are some adventure movies where a parent has to travel through dangerous conditions to rescue their child?
435,I want a tense disaster movie about extreme weather destroying cities—what should I watch?
8355,Can you recommend a fun animated adventure movie for kids with comedy and dinosaurs?
8355,What family-friendly comedy movies are there that feature animals and prehistoric adventures?
8355,"I'm looking for an animated movie with action, humor, and dinosaurs that the whole family can enjoy."
51497,Can you recommend an action-packed crime thriller with high-speed car chases and a heist plot?
51497,What's a good movie about former cops and criminals teaming up for one last job?
51497,I’m looking for a fast-paced thriller set in Rio de Janeiro with lots of action—any suggestions?
8392,What are some wholesome fantasy movies for kids about magical forest spirits?
8392,"Can you recommend an animated family movie with a gentle, magical feel and child protagonists?"
8392,"What movies are similar to Studio Ghibli films with nature, imagination, and a heartwarming story?"
187,Can you recommend a dark crime thriller with crooked cops and a gritty noir atmosphere?
187,"What movie should I watch if I want a violent, hard-boiled story about revenge and redemption?"
187,Do you know any stylish thriller movies set in a corrupt city with desperate vigilantes and femme fatales?
158015,Can you recommend a tense home invasion thriller with a sci-fi premise?
158015,What are some horror movies about a dystopian society where crime is legal for one night?
158015,I want a thriller with a family fighting to survive during a government-approved purge — any suggestions?
402900,What are some fun crime comedies with a stylish heist and an all-female cast?
402900,Can you recommend a light action movie about a team pulling off a big robbery?
402900,I'm looking for movies like Ocean's Eleven but with women leading the heist crew.
314365,What are some gripping true-story dramas about investigative journalism?
314365,Can you recommend a movie about exposing a major institutional scandal?
314365,I’m looking for a serious historical drama based on real events involving the Catholic Church.
91314,Can you recommend a sci-fi action movie with giant robots and epic battles?
91314,What’s a good adventure movie about an ancient alien threat on Earth?
91314,I want a blockbuster where humans team up with robots to save the planet. Any suggestions?
4348,Can you recommend a romantic period drama with strong family dynamics and social class themes?
4348,"What’s a good movie about love, marriage, and manners in Georgian-era England?"
4348,I want a drama romance set in historical England with witty dialogue and a focus on courtship. Any suggestions?
569094,What are some animated action-adventure movies with multiverse themes?
569094,Can you recommend a sci-fi superhero movie with lots of visual style?
569094,What movies are similar to Spider-Man: Into the Spider-Verse?
38700,Can you recommend a fast-paced action crime thriller about Miami cops taking on a dangerous drug cartel?
38700,"I'm looking for a movie with lots of buddy-cop banter, action scenes, and a story about stopping a ruthless villain. What should I watch?"
38700,What are some good thrillers where older cops deal with midlife issues while chasing a big criminal operation?
594,Can you recommend a comedy-drama about someone stuck in an airport for a long time?
594,I'm looking for a movie where a traveler is stranded in a foreign airport and has to live there temporarily.
594,What are some feel-good films about an outsider adapting to life in an unusual place like an airport?
333371,Can you recommend a tense thriller with a trapped-in-a-bunker survival story?
333371,What’s a good sci-fi horror movie with psychological suspense and twists?
333371,I want a movie where a woman wakes up in a strange place and has to figure out if the threat is real—any recommendations?
290250,Can you recommend a funny crime movie with lots of action and a detective story?
290250,What are some good movies set in 1970s Los Angeles involving a private investigator and a conspiracy?
290250,I want a comedy-action film with a mystery and buddy-cop style humor—any suggestions?
466282,Can you recommend a lighthearted teen romance with lots of awkward relationship drama?
466282,What are some funny coming-of-age movies about a girl dealing with unexpected love confessions?
466282,I want a sweet romantic comedy about secret crushes and high school romance. What should I watch?
9552,Can you recommend a scary horror movie about a demonic possession?
9552,What is a good horror drama involving a mother trying to save her possessed daughter?
9552,I want a classic supernatural movie with Catholic priests and an exorcism—what should I watch?
1366,Can you recommend an inspiring sports drama about an underdog who gets a once-in-a-lifetime chance?
1366,What’s a good movie about a struggling boxer trying to make it big?
1366,Suggest a classic drama where an ordinary guy gets to fight a heavyweight champion.
493922,Can you recommend a really unsettling psychological horror movie with a mysterious family secret?
493922,What’s a horror thriller about grief and hidden family trauma that gets increasingly disturbing?
493922,I want a suspenseful mystery horror film with a dark supernatural vibe and a lot of tension—what should I watch?
22538,What are some action-comedy movies with a quirky romance and video game style energy?
22538,Can you recommend a movie about a guy who has to fight his girlfriend’s exes to win her over?
22538,"I want a fun, fast-paced romantic comedy with lots of stylized fight scenes and indie music—what should I watch?"
616037,Can you recommend a funny fantasy action movie with gods and a cosmic adventure?
616037,What’s a Marvel movie that mixes comedy with epic battles and mythology?
616037,Suggest a movie where a superhero teams up with an ex and friends to fight a god killer
95,Can you recommend an action sci-fi adventure movie about saving Earth from an asteroid?
95,What’s a thrilling disaster movie with a space mission and a nuclear bomb to stop a planet-killing threat?
95,I want a high-stakes adventure movie where a team has to drill into an asteroid to save the world.
22970,Can you recommend a horror movie that has a lot of mystery and some dark comedy?
22970,What’s a good scary movie about friends going to a remote cabin where things get weird?
22970,"I want a horror film with twists and a funny, self-aware tone—what should I watch?"
268,Can you recommend a dark superhero movie where a wealthy man fights crime in a city full of corruption?
268,What’s a good action fantasy movie about a hero taking on a dangerous clown-like villain in Gotham?
268,I’m looking for a crime thriller with a masked vigilante protecting his secret identity and a love interest.
170,Can you recommend a tense horror thriller about a virus outbreak that turns people into violent maniacs?
170,What are some good science fiction movies set after a deadly infection wipes out most of society?
170,I’m looking for a scary survival movie with infected humans and a small group trying to stay alive in London.
315837,Can you recommend a sci-fi action movie about a cyber-enhanced soldier fighting dangerous criminals?
315837,"What are some good science fiction dramas with a futuristic, cyberpunk feel?"
315837,I want a movie about humans augmented with technology to become elite fighters—any suggestions?
10764,Can you recommend an action thriller about a secret agent dealing with betrayal and a personal mission?
10764,"What’s a good adventure movie with espionage, danger, and lots of action?"
10764,"Suggest a thriller similar to James Bond movies with investigations, revenge, and international intrigue."
35,Can you recommend an animated comedy movie about a family dealing with a town disaster?
35,What’s a funny family movie where someone accidentally causes a big environmental mess?
35,Suggest a comedy film where a city is trapped because of one person’s mistake
2108,Can you recommend a coming-of-age comedy-drama about a group of very different teenagers who bond during detention?
2108,What’s a good movie set mostly in one location with high school students getting to know each other better?
2108,I’m looking for an 80s teen film about misfits and popular kids forced to spend time together—what should I watch?
187017,Can you recommend a funny action movie about undercover cops in college?
187017,What crime comedy is like a buddy-cop movie set on a campus?
187017,"I want a light action movie with lots of laughs and an undercover investigation at a college, what should I watch?"
254,Can you recommend an adventure movie with a giant monster and a love story?
254,What action drama is about a film crew traveling to a mysterious island and encountering a giant ape?
254,I’m looking for a classic movie set in 1930s New York and Skull Island with plenty of adventure.
137106,What are some funny animated adventure movies for kids and families?
137106,Can you recommend a fantasy comedy movie that’s colorful and imaginative?
137106,What movies are like a playful hero’s journey with lots of action and humor?
49013,Can you recommend an animated family adventure with comedy and some spy action?
49013,What movie should I watch if I want a kids' race car adventure set around international competition?
49013,"Suggest a fun family movie about cars, racing, and a light espionage storyline."
328111,What are some funny animated family movies about pets getting into trouble?
328111,Can you recommend a comedy adventure movie for kids about animals living in a city?
328111,I’m looking for a lighthearted animated film where a pet’s life gets turned upside down—what should I watch?
339846,What are some funny action movies with a beach setting and a crime plot?
339846,Can you recommend a comedy about lifeguards working together to stop criminals?
339846,I want a lighthearted action movie with lots of teamwork and some police-like investigation—what should I watch?
278927,Can you recommend an adventurous family fantasy movie about a boy raised in the jungle?
278927,What’s a good movie for kids that has talking animals and a journey of self-discovery?
278927,"I’m looking for a classic-style adventure film with a young hero, jungle setting, and animal friends."
198184,Can you recommend a sci-fi action movie about a robot that learns and grows like a child?
198184,What’s a crime action film with an emotional story about artificial intelligence?
198184,"I’m looking for a science fiction movie with robots, gangsters, and lots of action—any suggestions?"
537915,Can you recommend a dramatic romance about a college student who falls for a mysterious bad boy?
537915,What’s a good movie about a loyal girlfriend whose life changes when she meets a rebellious new guy?
537915,I’m looking for a romantic drama with a brooding male lead and a coming-of-age college setting. Any suggestions?
447365,What are some sci-fi action movies with a strong team dynamic and emotional story?
447365,Can you recommend an adventure movie about a group of heroes trying to save the universe?
447365,What’s a good science fiction movie with lots of action and a mission to protect one of the team?
4011,Can you recommend a funny fantasy movie about ghosts or the afterlife?
4011,What movie has a weird demon helping a dead couple haunt a family?
4011,I want a quirky comedy with spooky supernatural elements—what should I watch?
396535,Can you recommend a fast-paced zombie movie with lots of action and suspense?
396535,What’s a thrilling horror film set on a train or other confined space?
396535,I’m looking for a Korean thriller with intense survival action and zombies—any suggestions?
335797,What are some fun family movies about singing competitions and animals?
335797,Can you recommend an animated comedy with music and a feel-good story?
335797,What's a good movie for kids that features a theater show and lots of singing?
615457,What are some action thrillers about an ordinary dad who turns out to have a violent past?
615457,Can you recommend movies where a home invasion sparks a revenge story?
615457,What are some thriller movies with an underestimated protagonist who fights back brutally?
949,What are some intense crime dramas with a cat-and-mouse chase between a detective and a thief?
949,Can you recommend a gritty action movie about professional heists and the police trying to stop them?
949,What movies are there about two obsessed men on opposite sides of the law who respect each other?
336843,What are some sci-fi action movies with a group on a dangerous mission to rescue their friends?
336843,Can you recommend an adventure thriller about escaping a deadly maze or labyrinth?
336843,"What movies are similar to The Maze Runner with survival, mystery, and high-stakes action?"
1979,What are some sci-fi action movies with superheroes facing a powerful alien threat?
1979,Can you recommend an adventure movie where a team of heroes has to save Earth from a mysterious enemy?
1979,What movie should I watch if I want a flashy action film with the Fantastic Four and a cosmic villain?
10144,Can you recommend an animated family fantasy movie with memorable songs and a princess who falls in love with a human?
10144,What’s a good colorful adventure movie about a mermaid and a sea witch for kids?
10144,I’m looking for a classic fantasy film about a young princess who risks everything for love.
50544,What are some romantic comedies about friends who start a no-strings-attached relationship?
50544,Can you recommend a movie where two people try to keep things casual but start developing feelings?
50544,I want a lighthearted romance-comedy about avoiding real commitment but having chemistry—what should I watch?
2503,Can you recommend an action thriller about a former spy uncovering his dark past while being hunted by his own agency?
2503,What’s a suspenseful mystery movie where a journalist exposes a secret government program and triggers a deadly manhunt?
2503,"Suggest a fast-paced drama-thriller with espionage, conspiracy, and a protagonist trying to piece together missing memories."
4638,Can you recommend a crime comedy with lots of action and British humor?
4638,What’s a funny action movie about a cop investigating strange deaths in a small town?
4638,"I’m looking for a sharp, witty buddy-cop movie set in a quiet village."
338970,Can you recommend an action-adventure movie with a strong female lead and a treasure-hunting vibe?
338970,What fantasy adventure films are similar to Tomb Raider?
338970,I want a movie about a fearless explorer searching for a missing parent—any recommendations?
1372,Can you recommend a tense war drama about diamonds and survival in Africa?
1372,What action thriller movies involve a dangerous mission during a civil war?
1372,I want a movie about child soldiers and a smuggler joining forces in a conflict zone—what should I watch?
2105,Can you recommend a funny coming-of-age movie about high school friends trying to lose their virginity before prom?
2105,What are some teen comedy movies with romance and awkward high-school situations?
2105,I’m looking for a raunchy romantic comedy about a group of friends making a pact before graduation.
337167,Can you recommend a drama romance about a newlywed couple facing new threats to their relationship?
337167,"What movie should I watch if I want a romantic drama with luxury, marriage, and suspenseful danger?"
337167,I’m looking for a romance film about a couple trying to settle into married life while dealing with past enemies—any suggestions?
27578,What’s an action movie about a team of mercenaries on a dangerous mission?
27578,Can you recommend a thriller with a group of elite soldiers taking down a dictator?
27578,"I want an adventure movie with lots of explosions, guns, and a rescue mission"
8871,Can you recommend a family-friendly Christmas comedy with a fantasy twist?
8871,What movie is about a grumpy character learning the true meaning of Christmas?
8871,I want a funny holiday film for kids that involves stealing Christmas—any suggestions?
116745,What are some adventure-comedy movies about ordinary people who go on unexpected journeys?
116745,Can you recommend a feel-good film about someone escaping routine and discovering confidence?
116745,"What movies mix daydreams, humor, and real-life adventure in a heartfelt way?"
340666,Can you recommend a dark psychological thriller about a woman whose past comes back to haunt her?
340666,What’s a good drama-thriller with a tense story told through a manuscript or book within the movie?
340666,"I’m looking for a movie about revenge, regret, and a family vacation that turns into something disturbing."
256591,What are some romantic crime comedies about con artists with a femme fatale twist?
256591,"Can you recommend a movie with a clever scam, a breakup, and then an ex coming back for revenge?"
256591,"I'm looking for a funny, stylish movie about romance and deception—what should I watch?"
1954,Can you recommend a sci-fi thriller with time travel and unexpected consequences?
1954,What movie is about changing the past and seeing how it affects the future?
1954,I'm looking for a thriller where the main character can revisit childhood memories and alter history.
406997,Can you recommend a family drama about a boy with facial differences starting school for the first time?
406997,What movie is about a child with a facial deformity trying to fit in at a mainstream school?
406997,Suggest an inspiring film for kids about overcoming bullying and being accepted at school.
561,Can you recommend a dark supernatural action movie about demons and angels?
561,What’s a good fantasy horror film with a detective investigating a mysterious death?
561,I want a movie like an occult thriller set in modern-day Los Angeles—what should I watch?
598,Can you recommend a gritty crime drama set in a poor urban neighborhood with strong coming-of-age themes?
598,What movie should I watch about life in the favelas of Rio de Janeiro and the rise of gang violence?
598,Do you know any intense foreign crime dramas that follow two boys taking very different paths in a violent city?
58595,Can you recommend a dark fantasy adventure movie with a strong heroine and an evil queen?
58595,"I’m looking for a movie similar to Snow White with magic, royalty, and a forest quest—any suggestions?"
58595,What are some adventure fantasy films where a hunted princess teams up with a hunter to fight a wicked ruler?
345940,Can you recommend a thrilling sci-fi horror movie about a giant sea creature?
345940,What’s a good action movie with sharks and an underwater disaster setting?
345940,I want a suspenseful monster movie set in the ocean—any suggestions?
2502,What are some intense action thrillers about a former assassin who gets pulled back into his old life?
2502,"Can you recommend movies like The Bourne Identity with espionage, chase scenes, and a lot of suspense?"
2502,I want a fast-paced thriller where a CIA operation goes wrong and the main character has to survive as a trained killer—what should I watch?
584,Can you recommend an action movie about undercover cops and street racing?
584,What are some crime thrillers with double-crosses and shady money deals?
584,I want a fast-paced movie about ex-cons teaming up with law enforcement—what should I watch?
693134,What are some epic science fiction adventure movies with desert worlds and political intrigue?
693134,Can you recommend a movie about a chosen hero leading a rebellion and seeking revenge?
693134,"What’s a visually stunning sci-fi film with big battles, prophecy, and a tragic love story?"
530385,Can you recommend a horror movie set during a strange festival or ritual in a remote village?
530385,What’s a good psychological horror film about a group of friends on a trip that turns into a nightmare?
530385,Suggest a mystery-drama horror movie with an eerie summer setting and disturbing cult-like traditions.
8363,What are some funny coming-of-age movies about awkward high school friends trying to have one big wild night?
8363,Can you recommend a comedy about teenagers planning a party that goes hilariously wrong?
8363,I want a raunchy high school buddy comedy with a lot of awkward situations and friendship drama.
57800,What are some good animated adventure movies for families with lots of comedy?
57800,Can you recommend a fun kids' movie about friends going on a big sea adventure?
57800,"What movie should I watch if I want an animation with animals, pirates, and lighthearted humor?"
404368,Can you recommend a funny animated adventure movie about video game characters going on a journey?
404368,What’s a family-friendly sci-fi comedy movie set in the internet or online world?
404368,I’m looking for an action-adventure animation with a strong friendship story and lots of humor.
153,"Can you recommend a thoughtful, character-driven drama about two lonely people forming an unexpected connection in a foreign city?"
153,What’s a good romantic comedy-drama set in Tokyo that feels bittersweet and introspective?
153,"I’m looking for a movie about emotional isolation, quiet chemistry, and finding comfort in an unfamiliar place."
44115,Can you recommend a survival movie based on a true story with intense suspense?
44115,What adventure drama should I watch about someone trapped in a dangerous situation and fighting to survive?
44115,"Suggest a thriller with a lone protagonist, extreme survival stakes, and a real-life story behind it."
121856,What are some action movies with a mix of history and science fiction?
121856,Can you recommend a movie about a secret society and genetic memory?
121856,"I want a sci-fi adventure film with sword fights and a medieval setting, what should I watch?"
458723,What are some horror mystery movies about a family being terrorized at their vacation home?
458723,Can you recommend a suspenseful horror film with creepy doppelgangers or doubles?
458723,I’m looking for a psychological horror movie with a family at the center and a lot of tension.
487558,Can you recommend a crime comedy drama based on a true story about an undercover police operation?
487558,What’s a good historical movie with humor and drama about infiltrating a hate group?
487558,Suggest a movie about racial tension and police work that’s also funny and intense.
545611,Can you recommend an action sci-fi movie about alternate universes and a Chinese immigrant heroine?
545611,What’s a funny and emotional adventure movie with multiverse themes and a lot of action?
545611,I’m looking for a science fiction movie where a woman has to save her family across different universes.
257344,What are some action comedies with a sci-fi twist and nostalgic video game references?
257344,Can you recommend a funny sci-fi movie where video game characters attack a city?
257344,I want a lighthearted action movie with 1980s arcade game themes—what should I watch?
339964,What are some sci-fi adventure movies with a big futuristic city and lots of aliens?
339964,Can you recommend an action movie set in space with a strong sense of exploration?
339964,I want a visually spectacular science fiction film about two agents on a mission to save a massive metropolis.
603692,What action thriller movies have intense fight scenes and a revenge plot?
603692,Can you recommend a crime movie where the main character is hunted by powerful enemies worldwide?
603692,"What movie is similar to John Wick with nonstop action, assassins, and global stakes?"
4232,Can you recommend a crime horror mystery movie about a masked killer terrorizing teenagers?
4232,What’s a scary movie where the killer uses horror movie knowledge to play a deadly game?
4232,I’m looking for a mystery thriller about friends being targeted by a masked murderer after a family tragedy.
214756,What are some comedies about unusual characters trying to prove they're real people or have legal rights?
214756,Can you recommend a funny fantasy movie about a couple wanting to start a family but facing absurd obstacles?
214756,"What movies are like Ted 2, with crude humor and a plot about a stuffed character dealing with adult life challenges?"
1091,What are some horror movies with a mysterious alien threat and a tense survival setting?
1091,Can you recommend a science fiction thriller set in Antarctica with shape-shifting monsters?
1091,I want a scary mystery movie where the characters can’t trust who is human anymore—what should I watch?
300669,Can you recommend a tense horror-thriller about a home invasion that goes badly wrong?
300669,What movie should I watch if I want a scary crime thriller with a blind man defending his house?
300669,Do you know any suspenseful films where burglars break into the wrong house and things get violent?
10192,What are some funny animated fantasy movies for the whole family with adventure and fairy tale characters?
10192,Can you recommend a family-friendly comedy about an ogre and a magical alternate world?
10192,"What movies are similar to Shrek with adventure, humor, and a magical quest to save true love?"
408,Can you recommend a classic animated fantasy movie for the whole family?
408,What’s a family-friendly film about a princess hiding from a wicked stepmother?
408,"I want an old Disney-style movie with magic, dwarfs, and a jealous queen—what should I watch?"
312221,What are some good drama movies about boxing and mentorship?
312221,Can you recommend a movie about an underdog fighter trained by an older mentor?
312221,What drama films focus on a famous athlete’s son trying to follow in his father’s footsteps?
20526,What are some action sci-fi adventure movies with a futuristic digital world?
20526,Can you recommend movies where a character gets trapped inside a computer simulation?
20526,I'm looking for visually stylish science fiction films with a heroic quest and high-tech battles.
11970,Can you recommend a fun animated family movie with Greek mythology and adventure?
11970,What is a good fantasy comedy for kids about a hero with super strength?
11970,"I'm looking for a lighthearted adventure-romance movie with gods, monsters, and a heroic quest."
395992,Can you recommend a tense sci-fi horror movie about astronauts discovering alien life on a space station?
395992,I’m looking for a mystery thriller set in space where the crew encounters something from Mars that turns dangerous—any suggestions?
395992,What’s a horror movie with a small crew in space dealing with an intelligent extraterrestrial organism?
49444,Can you recommend an animated family movie with action and comedy that also has a meaningful story about discovering your origins?
49444,"What’s a good kung fu movie for kids that mixes humor, adventure, and a villain threatening the heroes with a powerful weapon?"
49444,I’m looking for a fun action-comedy animated movie with animals and martial arts—any suggestions like Kung Fu Panda 2?
163,What are some crime thrillers about a heist crew coming back together for one more job?
163,Can you recommend movies similar to Ocean's Eleven with a stylish ensemble cast and a clever robbery plot?
163,What thriller movies involve a group of thieves trying to pay back stolen money after a big casino heist?
341174,Can you recommend a dramatic romance about a complicated relationship with trust issues and a troubled past?
341174,What movie should I watch if I want a romance drama with intense emotional tension and rekindled love?
341174,Do you have any romance movies where a couple tries to rebuild their relationship while outside forces threaten them?
4247,What are some funny parody movies that poke fun at horror films?
4247,Can you recommend a comedy movie that satirizes slasher and teen horror tropes?
4247,I'm looking for a movie similar to horror spoofs like Scary Movie—what should I watch?
9693,Can you recommend a tense sci-fi thriller set in a bleak future with high stakes?
9693,What’s a good action movie about protecting the last hope for humanity?
9693,I want a dystopian science fiction film with suspense and a strong emotional story—what should I watch?
331,Can you recommend an adventure thriller about dinosaurs and survival on a dangerous island?
331,What’s a science fiction movie like Jurassic Park with lots of action and suspense?
331,Can you suggest a movie where a research trip goes wrong and people have to survive deadly dinosaurs?
7191,What are some found-footage monster movies with a tense survival story?
7191,Can you recommend an action thriller set during a giant creature attack in a city?
7191,I’m looking for a sci-fi horror movie about friends trying to survive a disaster in New York.
773,Can you recommend a funny but heartfelt road trip movie about a quirky family?
773,What’s a good comedy-drama about an unconventional family supporting their child in a competition?
773,I’m looking for a feel-good movie with eccentric characters and a mix of humor and emotion.
96721,Can you recommend a movie about a real-life sports rivalry with intense competition and drama?
96721,What’s a good action drama based on a true story about race car drivers?
96721,I’m looking for a movie about Formula 1 racing with high stakes and a tragic accident—any suggestions?
13804,Can you recommend an action movie with street racing and car chases?
13804,What’s a good crime thriller about a fugitive and an undercover cop?
13804,I’m looking for a high-octane movie about rival drivers who team up against a common enemy.
65,What are some good drama movies about struggling artists and finding your voice?
65,Can you recommend a music-themed movie about hip-hop and personal growth?
65,What movies are like 8 Mile and feature intense competition and a coming-of-age story?
619264,What are some intense dystopian sci-fi thrillers about inequality and survival?
619264,Can you recommend movies with a grim social commentary and a unique premise?
619264,"I’m looking for a suspenseful, thought-provoking drama set in a bleak futuristic world."
32657,What are some adventure fantasy movies for families with a teenage hero discovering he has special powers?
32657,Can you recommend a family-friendly movie about Greek mythology and gods fighting over a stolen weapon?
32657,What movies are similar to Harry Potter but involve a boy learning he’s a demigod and saving the world?
384018,What are some action-comedy movies with a lot of buddy-cop style banter and car chases?
384018,Recommend a fun blockbuster where two enemies team up to stop a powerful villain.
384018,Can you suggest movies similar to Fast & Furious with over-the-top action and humor?
587,What are some adventure fantasy dramas about a father’s tall tales and a son trying to understand him?
587,"Can you recommend a magical, emotional movie about an extraordinary life story and family relationships?"
587,I’m looking for a fantasy drama with adventurous flashbacks and a heartfelt father-son theme.
766507,Can you recommend a thrilling action sci-fi movie with a strong warrior heroine?
766507,What are some good movies about people hunting a dangerous alien predator?
766507,I’m looking for a suspenseful action movie set around a tribe fighting to survive—any suggestions?
168672,Can you recommend a crime drama about con artists and FBI schemes?
168672,"I’m looking for a movie with swindlers, political corruption, and a lot of deception—what should I watch?"
168672,What are some dramas like The Wolf of Wall Street or other slick crime films with complex characters?
1824,What are some romantic comedies about falling in love with someone who has memory problems?
1824,Can you recommend a funny movie where a guy has to win over the same woman over and over again?
1824,What’s a good feel-good romance with a quirky premise and lots of comedy?
59436,Can you recommend a whimsical romantic comedy set in Paris with a bit of time travel?
59436,What’s a good fantasy movie for someone who likes nostalgic stories and old-school Parisian charm?
59436,"Can you suggest a lighthearted movie about a writer in Paris that mixes romance, comedy, and magic?"
363676,Recommend a drama based on a true story about a hero facing an investigation after a major public rescue.
363676,What movies are like Sully with a tense real-life disaster and an inspiring central performance?
363676,Can you suggest a history drama about an unlikely hero whose actions save many lives but still lead to controversy?
1734,"Can you recommend an adventure movie with ancient curses, mummies, and a lot of action?"
1734,What’s a fun fantasy-action sequel with treasure hunting and Egyptian mythology?
1734,I’m looking for a movie like Indiana Jones but with supernatural monsters and family adventure
385128,"What action movies feature street racing, family drama, and lots of car stunts?"
385128,Can you recommend an adventure crime film about a team facing a powerful enemy from their past?
385128,What movie has Dominic Toretto and his crew going up against his long-lost brother?
223702,What are some animated adventure comedies with adult humor and a weird premise?
223702,Can you recommend a funny fantasy movie about talking food or supermarket characters?
223702,I'm looking for a raunchy animated movie with a quirky quest and lots of satire
310131,Can you recommend a slow-burn horror movie with a creepy historical setting and a lot of paranoia?
310131,What are some horror movies about a family isolated in the wilderness dealing with supernatural events?
310131,I’m looking for a terrifying period horror film with a dark atmosphere and psychological tension. Any suggestions?
14574,Can you recommend a sad World War II drama about a child’s friendship across enemy lines?
14574,What are some historically set war movies that show the Holocaust from a child’s perspective?
14574,I’m looking for a powerful drama about innocence and tragedy during Nazi Germany—any suggestions?
44826,Can you recommend a family adventure drama set in a beautiful historical city with a sense of mystery?
44826,I'm looking for a movie about an orphaned kid who goes on a heartfelt quest and discovers a hidden secret.
44826,"What’s a good movie for someone who likes imaginative stories involving old inventions, trains, and a bit of magic?"
621,Can you recommend a fun romantic comedy set in high school with music and dancing?
621,What's a movie about a sweet summer romance that continues when the characters meet again at school?
621,I want a lighthearted teen romance movie with quirky friends and a nostalgic vibe—any suggestions?
75780,What action thriller has an ex-military investigator helping defend a man accused of a mass shooting?
75780,Can you recommend a crime drama about a mysterious former Army investigator uncovering the truth behind a sniper case?
75780,"What movie involves a small-town shooting, a sniper suspect, and a note saying 'Get Jack Reacher!'?"
9615,Can you recommend an action movie about underground car racing and crime?
9615,What’s a good thriller-drama with street racing set in Tokyo?
9615,I want a movie like The Fast and the Furious that involves drifting cars and a new city—any suggestions?
44912,What are some sci-fi action movies about superheroes with special powers who protect the universe?
44912,Can you recommend an adventure movie about a human chosen to join an intergalactic warrior group?
44912,I want a movie with space battles and a powerful alien threat that puts Earth in danger.
282035,Can you recommend a fantasy action movie with horror and thriller elements set in the desert?
282035,What’s a good adventure movie about an ancient mummy awakening in the modern day?
282035,Suggest a thrilling horror movie with an ancient curse and plenty of action
956,Can you recommend an action thriller with a retired secret agent pulled back into danger to protect the woman he loves?
956,What’s a good adventure movie about a rogue villain and an impossible mission team?
956,"Suggest a fast-paced spy movie with intense action, high stakes, and a ruthless international arms broker as the antagonist."
7326,Can you recommend a coming-of-age comedy-drama about an unexpected teen pregnancy?
7326,"What are some movies like Juno that mix humor, drama, and romance?"
7326,I’m looking for a quirky independent film about a teenage girl dealing with a difficult life decision.
324852,What are some good animated family comedies with action and adventure?
324852,Can you recommend a funny kids' movie about stopping a villain from taking over the world?
324852,What movies are like Despicable Me with a goofy main character and a big adventure?
718930,Can you recommend an action comedy with a fast-paced plot and lots of unexpected twists?
718930,What movie should I watch if I want a funny thriller set on a train with assassins?
718930,Is there a movie like John Wick but more comedic and taking place mostly on a train?
65754,Can you recommend a dark thriller with a journalist investigation and lots of mystery?
65754,What’s a crime mystery movie involving a hacker and a decades-old disappearance?
65754,"I want a suspenseful film about corruption, secrets, and uncovering a family mystery. What should I watch?"
8909,Can you recommend an action thriller about an ordinary office worker who gets pulled into a secret society of assassins?
8909,What movie is about a young man learning to become an assassin after discovering his murdered father was part of a hidden organization?
8909,"I’m looking for a crime thriller with secret assassins, intense training, and a main character whose life completely changes."
955,Can you recommend an action-packed spy thriller with lots of stunts and global locations?
955,What are some adventure movies about secret agents stopping a biological weapon?
955,I’m looking for a fast-paced thriller like Mission: Impossible with espionage and high-risk missions.
62213,Can you recommend a funny fantasy movie about a vampire who wakes up in the modern world?
62213,What’s a comedy-fantasy film where an old vampire returns to his family estate after being gone for years?
62213,Suggest a quirky supernatural movie set in the 1970s with a gothic mansion and family drama.
18240,Can you recommend a funny romantic movie about a fake marriage or visa trouble?
18240,I'm looking for a comedy-drama where an assistant has to help his boss in an unusual way—what should I watch?
18240,What are some romantic comedies with a strong-willed woman and an awkward relationship that turns into love?
9339,What are some comedy movies with a magical object that changes a family man's life?
9339,Can you recommend a funny fantasy-drama about work-life balance and family?
9339,"I want a movie similar to Click with a mix of humor, heart, and a supernatural gimmick."
616,What are some historical drama movies about warriors and honor?
616,Can you recommend a war movie where an outsider learns to respect another culture?
616,What are good action dramas set in Japan with samurai?
142,"Can you recommend a romantic drama about a deep, complicated relationship that lasts for years?"
142,What’s a movie about two people in a forbidden love affair that spans decades?
142,I’m looking for a dramatic love story set in the American West with emotional intensity. Any suggestions?
427641,What action sci-fi movies have giant mutated animals causing destruction?
427641,Can you recommend an adventure movie about a scientist trying to stop a genetically altered gorilla?
427641,What movies feature a man trying to save his pet ape after a genetic experiment goes wrong?
49519,Can you recommend a fun animated adventure movie for the whole family with a lot of comedy?
49519,What are some good prehistoric family movies with adventure and humor?
49519,Suggest a lighthearted animated movie about a family going on an exciting journey in a dangerous world.
376867,Can you recommend a heartfelt drama about a young man coming of age and struggling with his identity?
376867,"What are some movies about self-discovery, love, and sexuality that are emotionally powerful?"
376867,I’m looking for a tender but heartbreaking drama about growing up and finding yourself.
398978,Can you recommend a long crime drama about organized crime and loyalty over many years?
398978,What’s a movie about a truck driver getting involved with the mob and union corruption?
398978,Suggest a historical crime film centered on the disappearance of Jimmy Hoffa and mob connections.
83542,Can you recommend a thoughtful sci-fi drama with interconnected stories across different time periods?
83542,"What movie should I watch if I want something epic, philosophical, and about how actions ripple through history?"
83542,"Do you have a film suggestion that mixes drama, science fiction, mystery, and romance in a complex narrative?"
505642,Can you recommend an action-adventure sci-fi movie about a powerful nation defending itself after the death of its king?
505642,What’s a good superhero movie with strong female leads and a story about protecting a kingdom from outside threats?
505642,"Can you suggest a Marvel-style film that deals with leadership, grief, and the future of a high-tech civilization?"
109424,Can you recommend a tense action drama based on a true story about a ship hijacking?
109424,What’s a good thriller movie about pirates taking over a cargo ship?
109424,I’m looking for a realistic survival movie with suspense and high stakes at sea—any suggestions?
38055,What are some funny animated superhero movies for the whole family?
38055,Can you recommend a comedy science fiction movie with a villain turning into a hero?
38055,What movies are similar to a kid-friendly action animation about a supervillain and a hero?
7345,Can you recommend a dark drama about greed and ambition set during the oil boom?
7345,What’s a movie similar to There Will Be Blood with a tense rivalry between a businessman and a preacher?
7345,I’m looking for a serious period drama about ruthless exploitation and obsession—what should I watch?
322,Can you recommend a dark thriller about childhood friends whose lives are torn apart by a family tragedy?
322,"What’s a good mystery drama with a tense, emotional story and a crime at its center?"
322,"I’m looking for a serious movie about friendship, grief, and a shocking investigation—any suggestions?"
295693,What are some funny animated family movies about siblings adjusting to a new baby?
295693,Can you recommend a comedy movie told from a child's imaginative point of view?
295693,What family-friendly animated movies involve a new baby causing chaos at home?
1487,Can you recommend a fantasy action movie with demons and supernatural battles?
1487,What’s a good movie about a paranormal hero who fights evil after being raised by humans?
1487,"Suggest an action-fantasy film involving Nazis, black magic, and a demon character"
10527,Can you recommend an animated family adventure where zoo animals end up in Africa and learn about their roots?
10527,What’s a funny adventure movie for kids featuring animals escaping from Madagascar and traveling to Africa?
10527,"I’m looking for a comedy family film with talking animals, a plane crash, and a journey to the African continent."
520763,Can you recommend a tense horror thriller about a family surviving in a world where sound attracts deadly creatures?
520763,"What’s a good science fiction movie with monsters, suspense, and a post-apocalyptic survival story?"
520763,"I’m looking for a scary sequel with lots of silence, creature attacks, and a family trying to stay alive outside their home."
454983,Can you recommend a light teen romance comedy about a forbidden high school crush?
454983,What’s a fun movie about a girl falling for her best friend’s brother?
454983,I want a romantic coming-of-age comedy with awkward first love and lots of high school drama — any suggestions?
492188,Can you recommend a realistic drama about a difficult divorce and the breakdown of a marriage?
492188,"I'm looking for a movie that explores co-parenting and separation in a very emotional, character-driven way."
492188,"What’s a good drama about two people going through an intense, coast-to-coast custody battle?"
10201,What are some funny romantic comedies about someone whose life changes after they start saying yes to everything?
10201,Can you recommend a lighthearted movie where the main character tries a self-help challenge and ends up in all kinds of weird situations?
10201,What comedy movies are about a person breaking out of a rut and getting into unexpected relationships?
150689,Can you recommend a romantic fantasy movie with a family-friendly story and a hopeful heroine?
150689,I'm looking for a drama about a mistreated girl whose life changes after meeting a prince-like stranger—any suggestions?
150689,"What are some good family movies with romance, fantasy, and a classic fairytale vibe?"
508,"Can you recommend a Christmas movie that mixes comedy, romance, and drama?"
508,What’s a good ensemble film about several different love stories happening at the same time?
508,I want a feel-good romantic movie set around the holidays—what should I watch?
302946,Can you recommend a crime thriller about a brilliant accountant who uncovers financial corruption?
302946,"What’s a suspenseful drama with a math genius, money laundering, and lots of action?"
302946,I’m looking for a movie about someone who is very smart with numbers and gets caught up in a dangerous criminal investigation.
2668,Can you recommend a dark fantasy mystery movie with a creepy atmosphere and supernatural investigation?
2668,What's a good thriller-horror film about a detective solving strange murders in a haunted small town?
2668,"I’m looking for a gothic movie with ghosts, decapitations, and a suspenseful period setting—any suggestions?"
37735,Can you recommend a funny teen comedy about high school gossip and social drama?
37735,"What movie is like a smart, sarcastic coming-of-age comedy set in high school?"
37735,I’m looking for a lighthearted comedy with a strong female lead and lots of awkward school rumors—what should I watch?
2649,Can you recommend a psychological thriller where the main character starts to question what is real?
2649,What’s a good mystery movie about a wealthy businessman getting pulled into a dangerous game?
2649,I want a suspenseful drama with twists and a story that blurs reality and illusion—what should I watch?
447404,What are some fun fantasy adventure movies with a detective mystery and quirky creatures?
447404,Can you recommend an action-adventure movie for families that has talking animals or monsters?
447404,"What movies are like a live-action Pokémon story with a mix of mystery, comedy, and adventure?"
49018,Can you recommend a horror thriller about a family haunted by dark spirits after their child falls into a mysterious coma?
49018,I’m looking for a scary movie where paranormal forces invade a family’s home and they need help from a professional—any suggestions?
49018,"What’s a good horror film with supernatural spirits, a possessed-feeling child, and a suspenseful mystery behind the haunting?"
158852,Can you recommend an adventurous family sci-fi movie with a mysterious hidden world and a hopeful tone?
158852,I’m looking for a movie about a bright teen and a former genius inventor teaming up on a mission through time and space. Any suggestions?
158852,"What’s a good mystery adventure film for families that involves science fiction, exploration, and discovering a secret place?"
37135,Can you recommend an animated family adventure movie about a child raised by animals who discovers he is human?
37135,"What’s a good family-friendly adventure movie with apes, a jungle setting, and a story about belonging?"
37135,I’m looking for an animated movie like Tarzan where the main character is orphaned and raised by a wild animal family.
13448,What thriller movies involve a secret society and a race against time to stop a Vatican crisis?
13448,Can you recommend a mystery movie about solving symbols and conspiracies in Europe?
13448,What movies are similar to The Da Vinci Code with religious intrigue and hidden clues?
257211,Can you recommend a light-hearted comedy about an older man starting over in a new career?
257211,What are some feel-good movies about unlikely workplace friendships and mentoring?
257211,Suggest a comedy about a senior citizen who joins a modern company and shakes things up.
11688,What are some funny family adventure movies with animation and fantasy elements?
11688,Can you recommend a comedy movie where a spoiled character goes through a big transformation?
11688,"What animated movies are good for kids that involve a quest, jungle adventure, and talking animals?"
527774,What are some animated adventure movies with strong female protagonists and fantasy worlds?
527774,Can you recommend a family-friendly action movie with dragons and magic?
527774,What movies are similar to Raya and the Last Dragon in terms of animation and epic quest storylines?
18360,"I'm looking for a fun family adventure movie with comedy and fantasy, especially set in a museum. What should I watch?"
18360,"Can you recommend an action-packed, silly movie with historical characters coming to life that kids would enjoy?"
18360,What's a lighthearted adventure-comedy with magic or fantasy and lots of museum hijinks?
195589,What are some funny movies about couples dealing with loud neighbors?
195589,Can you recommend a comedy about new parents struggling with noisy party neighbors?
195589,What’s a good movie where a fraternity moves next door and causes chaos?
68735,Can you recommend a fantasy action movie with big battles and two opposing sides fighting over a magical portal?
68735,I'm looking for an adventure film about humans and orcs clashing over the fate of their worlds—any suggestions?
68735,What movie should I watch if I want a war-themed fantasy with heroes from both sides of a conflict?
296,Can you recommend an action sci-fi thriller with a killer robot and a race to stop Judgment Day?
296,"What’s a good movie about a future war, time travel, and a Terminator protecting John Connor?"
296,I want a tense sci-fi action movie like The Terminator or T2 with lots of robot fights—what should I watch?
296098,Can you recommend a tense historical drama about Cold War espionage and prisoner exchanges?
296098,What thriller is about a lawyer negotiating the release of a captured U.S. pilot from the Soviets?
296098,"Suggest a movie based on real events involving spy planes, Berlin, and diplomatic negotiations."
3131,Can you recommend a historical crime drama set in New York with gangs and revenge?
3131,I’m looking for a movie about Irish immigrants fighting for survival in 19th-century New York. Any suggestions?
3131,What’s a good drama about gang warfare and power struggles in old New York City?
6957,Can you recommend a funny romantic comedy about a 40-year-old man who has never had sex?
6957,What are some movies where coworkers try to help a shy guy lose his virginity?
6957,I want a comedy about an awkward adult man who falls for a small business owner—any suggestions?
11321,Can you recommend a dramatic movie about redemption and second chances?
11321,What’s a good emotional film where a character secretly tries to change the lives of strangers?
11321,I’m looking for a serious drama with a heartfelt story about sacrifice and forgiveness.
419704,Can you recommend a thoughtful sci-fi drama about a space mission with a strong emotional story?
419704,What movie should I watch if I want a space exploration film that’s more introspective than action-packed?
419704,Do you know any science fiction movies about an astronaut searching for the truth on a dangerous mission?
1933,"Can you recommend a suspenseful haunted house movie with a dark, eerie atmosphere and a twist ending?"
1933,What’s a good horror mystery thriller about a mother protecting her children from strange supernatural events?
1933,I’m looking for a psychological ghost story with a creepy old house and lots of suspense—any suggestions?
100,What are some funny crime movies about a group of friends pulling off a risky heist?
100,"Can you recommend a British comedy crime film with poker, gangsters, and a lot of chaos?"
100,I want a darkly funny movie where a bad gamble leads to a desperate plan for quick cash — what should I watch?
98566,What are some fun action-comedy movies with superheroes or mutant characters?
98566,Can you recommend a sci-fi adventure movie that’s lighthearted and good for a family night?
98566,I’m looking for a movie where a team of unlikely heroes protects a city from a crime boss—what should I watch?
28178,Can you recommend a heartwarming family drama about the bond between a person and their dog?
28178,What movie is about a loyal dog who becomes part of a family and shares a deep emotional relationship with his owner?
28178,I want a touching film for family viewing that tells a sad but beautiful story about a dog’s devotion—what should I watch?
76163,Can you recommend an action movie about a team of mercenaries going on a revenge mission after one of their own is killed?
76163,What’s a good adventure-thriller with lots of explosions and a group of tough fighters deep behind enemy lines?
76163,I want a movie like a high-stakes action team-up where a simple job turns into a dangerous mission for revenge. What should I watch?
46195,What are some family-friendly animated adventure movies with talking animals and a tropical setting?
46195,Can you recommend a comedy adventure movie about birds that takes place in Rio de Janeiro?
46195,"I want a fun kids' movie about an unlikely animal pairing, music, and escaping smugglers."
567,Can you recommend a suspenseful mystery movie about someone spying on their neighbors and uncovering a possible murder?
567,"What are some classic thriller dramas with a tense, voyeuristic story set mostly in one apartment?"
567,I’m looking for a mystery film where a disabled protagonist observes a crime from afar and gets pulled into the investigation.
9543,What are some adventure fantasy movies with action and time manipulation?
9543,Can you recommend a movie about a rogue prince teaming up with a princess to stop a magical threat?
9543,I'm looking for an action-packed fantasy film involving ancient artifacts and a race against dark forces.
439079,Can you recommend a scary horror movie about a priest and a novice investigating a haunted monastery?
439079,"What horror movies involve the Vatican, demons, and supernatural events in a creepy old convent?"
439079,I’m looking for a dark horror film set in Romania with a demonic nun or religious haunting—what should I watch?
370172,Can you recommend an action thriller about a retired spy pulled back into the field for one last mission?
370172,What’s a good adventure movie where a secret agent has to stop a dangerous villain with advanced technology?
370172,"Do you know any thriller movies with spies, kidnappings, and lots of high-stakes action?"
81188,Can you recommend an animated family adventure movie about magical guardians protecting children's beliefs and imagination?
81188,What's a fantasy action movie for kids where heroes team up to fight an evil spirit threatening the world?
81188,I’m looking for a colorful adventure film with mythic characters and a story about hope and imagination—any suggestions?
11224,What are some family-friendly fantasy movies with princesses and magic?
11224,Can you recommend an animated romance movie with a fairy-tale ending?
11224,What movies are good for kids that involve a transformation and a royal ball?
39514,Can you recommend an action-comedy movie about retired spies getting back together for one last mission?
39514,What’s a fun thriller with older former agents or assassins teaming up to take on a conspiracy?
39514,I’m looking for a crime-action movie with lots of humor and a secret government plot—any suggestions?
44896,What are some funny animated adventure movies with a Western setting?
44896,Can you recommend a family-friendly comedy about an outsider becoming a hero?
44896,What movies feature animals in a quirky town solving a mystery?
166428,Can you recommend an animated family adventure movie about dragons and friendship?
166428,What are some good movies like How to Train Your Dragon with a heartfelt story and action?
166428,I’m looking for a family-friendly adventure movie where a rider and dragon face a big choice—any suggestions?
82675,Can you recommend a tense action thriller about a retired operative who has to protect his family from revenge-seeking criminals?
82675,What’s a good crime thriller set in Istanbul with kidnapping and hostage situations?
82675,"I’m looking for a movie like Taken with nonstop action, family danger, and a revenge plot—what should I watch?"
380,Can you recommend a drama about family members reconnecting after a parent’s death?
380,What’s a good movie about a man traveling with his autistic or savant brother?
380,Can you suggest a film about siblings and inheritance conflicts after their father passes away?
206487,Can you recommend a mind-bending sci-fi thriller with time travel and a twisty plot?
206487,What’s a good movie about a time agent trying to stop future crimes?
206487,I’m looking for a thriller that involves complex time loops and a mystery about preventing a major attack.
76757,Can you recommend a sci-fi fantasy movie with space politics and a strong female lead?
76757,What movie should I watch if I want an action-packed space adventure about a young woman discovering her hidden destiny?
76757,"Suggest a fantasy science fiction film involving a powerful dynasty, genetic secrets, and intergalactic conflict."
188927,What are some action-packed sci-fi adventure movies with a crew exploring deep space and facing a mysterious enemy?
188927,Can you recommend a thrilling space movie like Star Trek with an ensemble cast and lots of adventure?
188927,I’m looking for a science fiction film about a starship crew on an uncharted mission—what should I watch?
364,What are some dark superhero movies with a gothic vibe and a memorable villain?
364,Can you recommend an action fantasy film with Batman and Catwoman?
364,What movies feature a villain teaming up with a corrupt politician to take over a city?
381283,Can you recommend a tense psychological horror movie about a couple whose peaceful life is disrupted by uninvited guests?
381283,I'm looking for a drama-horror film with a relationship under pressure in a claustrophobic home setting. Any suggestions?
381283,What are some disturbing movies where strangers come into a couple's house and everything starts to spiral out of control?
60304,What are some dark fantasy action movies with witches and monster-hunting?
60304,Can you recommend a violent horror action movie based on fairy tales?
60304,I want a revenge-themed fantasy film with lots of action and creepy witches — what should I watch?
507086,Can you recommend an adventure sci-fi thriller where dinosaurs are living among humans?
507086,What movie should I watch if I want a suspenseful film about humans coexisting with dangerous prehistoric creatures?
507086,Suggest a blockbuster with action and science fiction elements involving dinosaurs on the loose worldwide.
320288,Recommend a sci-fi action movie about mutants dealing with a powerful teammate gone rogue
320288,What’s a good adventure movie where a character gains dangerous cosmic powers and the team has to stop them?
320288,"Can you suggest a superhero movie with aliens, space rescue, and a character losing control of their powers?"
37686,Can you recommend a thriller with a mystery and sci-fi element set in a small town?
37686,"What’s a movie like Stranger Things with kids, supernatural events, and suspense?"
37686,Suggest a science fiction mystery thriller about a group of friends uncovering something terrifying after a train crash.
11544,Can you recommend a fun animated family movie with comedy and sci-fi elements?
11544,What’s a good movie about an unlikely friendship between a child and a creature?
11544,"I’m looking for a cute, heartwarming movie about family and belonging"
293863,Can you recommend a romantic fantasy movie about a woman who stops aging after an accident?
293863,What’s a good drama with a magical or supernatural premise and a love story?
293863,I’m looking for a movie like The Curious Case of Benjamin Button but with a female lead—any suggestions?
345,What are some psychological thriller movies about obsession and secret societies?
345,"Can you recommend a drama mystery with a dark, unsettling atmosphere and adult themes?"
345,"What movies explore marital tension, jealousy, and a mysterious hidden world?"
1018,Can you recommend a surreal thriller with mystery and drama set in Hollywood?
1018,"What movie has an amnesiac woman and a strange, dreamlike storyline?"
1018,I’m looking for a dark psychological mystery about Hollywood and identity—any suggestions?
117263,Can you recommend a tense action thriller where a former security guard has to save the President during a White House attack?
117263,I'm looking for a movie about terrorists taking over the White House with lots of suspense and action. Any suggestions?
117263,What are some fast-paced thriller movies with a disgraced hero trapped inside a government building during an attack?
534,Can you recommend a post-apocalyptic action sci-fi thriller with robots and resistance fighters?
534,What movies are similar to Terminator Salvation?
534,I'm looking for a movie about humans fighting against advanced machines in the future. Any suggestions?
436270,What are some action-adventure sci-fi movies with an antihero character and superpowers?
436270,Can you recommend a movie about an ancient being waking up in the modern world and causing chaos?
436270,I'm looking for a superhero-style movie with lots of action and a darker tone.
337401,Can you recommend an adventure fantasy movie with a strong female lead who disguises herself as a warrior?
337401,"What action-packed movies are there about courage, family honor, and fighting to protect your country?"
337401,"I’m looking for a movie similar to Mulan with themes of self-sacrifice, training for battle, and saving an empire."
676,What are some war dramas set during World War II with a romantic subplot?
676,Can you recommend a historical drama about the Pearl Harbor attack?
676,"I want a movie about friendship, love triangles, and a major wartime event—any suggestions?"
11631,What are some fun romantic comedies with lots of music and a vacation vibe?
11631,Can you recommend a lighthearted movie about family secrets and a wedding?
11631,I want a feel-good movie set on a beautiful Greek island with lots of singing—what should I watch?
328387,What are some mystery adventure movies with a suspenseful online game plot?
328387,Can you recommend crime thrillers about teens getting caught in dangerous dares?
328387,What are some movies like Nerve with adrenaline-fueled challenges and a mysterious partner?
7446,What are some funny action movies with a war setting?
7446,Can you recommend movies about actors making a film that goes wrong?
7446,What are some comedy movies set in a jungle with lots of action?
927,What are some fantasy horror comedies with mischievous creatures causing chaos in a small town?
927,Can you recommend a funny Christmas movie that also has horror elements?
927,I’m looking for a movie about a strange pet that turns into a nightmare—what should I watch?
262504,Can you recommend a sci-fi adventure movie about people leaving a fenced-in city and discovering a mysterious agency outside?
262504,I’m looking for an action mystery film where the main characters venture beyond a protected wall into an unknown world.
262504,What’s a movie like Divergent with Beatrice and Tobias exploring the outside world and uncovering a secret organization?
9737,What are some action-comedy crime movies with two mismatched cops who have to work together?
9737,Can you recommend a funny 90s thriller about Miami detectives chasing stolen drugs?
9737,I'm looking for movies where partners go undercover or pretend to be each other during a police investigation.
1576,What are some horror action movies with zombies and a government containment mission?
1576,Can you recommend a science fiction movie about a virus outbreak in a secret lab?
1576,What movies feature an elite military team fighting mutated creatures after a lab accident?
53182,What are some action war movies with ancient battles and Greek history?
53182,Can you recommend a dramatic war film about Greeks fighting the Persian Empire?
53182,"I want a movie with epic naval battles, intense action, and historical drama—what should I watch?"
270303,Can you recommend a horror movie with a creepy supernatural stalker?
270303,I want a mystery horror film about a curse or entity that follows someone after intimacy.
270303,"What’s a scary movie with an unsettling, slow-burn chase and supernatural threat?"
184,Can you recommend a crime thriller with a strong female lead who outsmarts both the cops and criminals?
184,I’m looking for a tense drama about smuggling and double-crosses involving a clever protagonist—what should I watch?
184,What’s a good movie about a flight attendant getting caught in a criminal scheme and trying to steal the money for herself?
334543,Can you recommend a moving drama about a child separated from his family and later trying to find them again?
334543,I’m looking for a drama based on a true story about someone who gets lost as a child and grows up in another country. Any suggestions?
334543,"What’s a heartfelt movie about identity, adoption, and searching for a lost family after many years?"
782,Can you recommend a science fiction movie about genetic engineering and identity?
782,What are some good dramas set in a future where genetics determine your status?
782,I’m looking for a thought-provoking sci-fi film about an underdog trying to break into an elite system
335787,What are some action-adventure movies with treasure hunts and mystery?
335787,Can you recommend a movie about a young adventurer searching for a lost brother?
335787,"What’s a fun wisecracking buddy adventure movie with clues, danger, and a hidden treasure?"
298,Can you recommend a crime thriller where a group of thieves teams up to take down a ruthless casino owner?
298,I'm looking for a movie like Ocean's Eleven with a clever heist plan and a revenge twist—what should I watch?
298,What’s a fun crime movie about an ensemble crew pulling off a big scheme against a shady businessman?
1368,Can you recommend an action thriller about a veteran who takes on the police after being pushed too far?
1368,What’s a good intense drama where a lone survivor goes to war against his pursuers?
1368,Suggest a movie about a former soldier who is harassed by law enforcement and escapes into the wilderness
661374,Can you recommend a funny mystery movie with a detective and a wealthy group of suspects?
661374,What’s a good crime comedy with a clever whodunit set in an exotic location?
661374,"I’m looking for a mystery movie with twists, humor, and an ensemble cast—any suggestions?"
254320,Can you recommend a darkly funny dystopian romance about the pressure to find a partner?
254320,What’s a weird and thought-provoking comedy-drama about relationships and dating in a futuristic society?
254320,Do you know any movies where single people have to find love or face extreme consequences?
2059,Can you recommend an adventure movie about hidden treasure and secret clues in historical documents?
2059,What’s a good action mystery film involving a race to find a lost treasure before the villains do?
2059,"Can you suggest a movie like Indiana Jones with archaeology, puzzles, and a patriotic treasure hunt?"
5255,What are some family-friendly fantasy adventure movies about a magical journey and believing in wonder?
5255,Can you recommend an animated movie about a child’s self-discovery during a Christmas or winter-themed adventure?
5255,"What movies are good for kids who like trains, the North Pole, and magical holiday stories?"
242,What are some crime dramas about aging mob bosses trying to go legit?
242,Can you recommend a thriller about a mafia don seeking forgiveness for his past sins?
242,What movies feature an Italian-American crime family and a mentor-protege relationship?
114150,What are some funny college movies with music and romance?
114150,Can you recommend a comedy about an all-girls singing group?
114150,What movie is about a college student joining a quirky a cappella team?
203801,Can you recommend a funny action-adventure movie set during the Cold War with spies from different countries teaming up?
203801,What’s a good movie with CIA and KGB agents working together to stop a nuclear threat?
203801,I’m looking for a stylish spy comedy with lots of action and adventure—any suggestions?
1637,What are some high-speed action thrillers with nonstop tension and a ticking-clock plot?
1637,Can you recommend a movie about a bus or vehicle that has to keep moving to avoid disaster?
1637,I’m looking for an intense 90s action movie with a bomb threat and lots of suspense—what should I watch?
57214,What are some comedy movies about wild high school parties getting out of control?
57214,Can you recommend a funny movie about teenagers throwing an epic house party?
57214,I want a comedy similar to Project X with a huge party that spirals into chaos.
109414,Can you recommend a comedy movie about celebrities dealing with the apocalypse?
109414,What is a funny action movie with a disaster or end-of-the-world setting?
109414,I want a raunchy comedy with lots of famous actors and an apocalyptic plot — what should I watch?
82700,Can you recommend a sci-fi action adventure movie about surviving on a dangerous future Earth?
82700,I’m looking for a film where a father and son have to work together to survive after a crash landing in space. Any suggestions?
82700,What’s a movie similar to a post-apocalyptic adventure with humans returning to Earth long after it became uninhabitable?
22881,Can you recommend a drama about an underdog who overcomes hardship with the help of a supportive family?
22881,What movie tells the true story of a homeless teenager who becomes a football star?
22881,I’m looking for an inspiring sports drama based on a real person’s rise from poverty to NFL success.
331482,Can you recommend a period drama about sisters growing up after the Civil War?
331482,What’s a good romantic drama with strong family themes and female leads?
331482,I’m looking for a coming-of-age movie set in historical America with emotional relationships.
460465,Can you recommend an action-fantasy movie with martial arts and epic battles?
460465,What are some adventure movies about fighters training to save the world?
460465,Suggest a movie like Mortal Kombat with supernatural enemies and tournament-style combat.
1813,Can you recommend a dark legal thriller with supernatural or horror elements?
1813,I’m looking for a movie about a lawyer who gets tempted by a powerful and evil boss—what should I watch?
1813,What’s a mystery-drama horror film set around the legal world and moral corruption?
334533,Can you recommend a heartfelt drama about an unconventional family and parenting?
334533,What’s a good movie about a father raising kids off the grid and facing the real world?
334533,"I want a thoughtful comedy-drama about family life, education, and living differently from society."
51540,Can you recommend a dark comedy about coworkers plotting against their terrible bosses?
51540,What’s a funny crime movie where friends come up with a ridiculous plan to get rid of their employers?
51540,I’m looking for a comedy about workplace revenge and a scheming plan that goes wrong—what should I watch?
68728,Can you recommend a fantasy adventure family movie about a magician who gets transported to a magical land?
68728,What movie should I watch if I want a family-friendly adventure with wizards and a magical kingdom?
68728,Do you know any movies where a con artist ends up being mistaken for a powerful hero in a fantasy world?
2454,What are some family-friendly fantasy adventure movies with kids going on a quest to save a magical kingdom?
2454,"Can you recommend movies similar to The Lion, the Witch and the Wardrobe with young heroes and a medieval fantasy setting?"
2454,I'm looking for an adventurous fantasy movie about siblings returning to a magical world to help a prince fight an evil ruler.
43074,What are some funny action movies with a supernatural or ghost theme?
43074,Can you recommend a comedy fantasy movie about a team fighting paranormal threats in a city?
43074,I’m looking for a lighthearted movie with women leads that involves ghosts and adventure.
241259,What are some family-friendly fantasy adventure movies about returning to a magical world?
241259,Can you recommend a movie where a character goes back to an enchanted land to save a friend?
241259,What adventure movies are similar to Alice in Wonderland and suitable for families?
47964,Can you recommend an action thriller with a tough cop and lots of explosive chase scenes?
47964,What movie has an American cop teaming up with his son to stop a dangerous heist in Moscow?
47964,I’m looking for a fast-paced thriller involving the Russian underworld and a race to prevent nuclear war.
1022789,What are some good animated family movies about growing up and dealing with new emotions?
1022789,Can you recommend a funny adventure movie for kids and teens about friendship and self-discovery?
1022789,I’m looking for a heartfelt comedy animation with a strong family message and relatable teenage issues.
8467,What are some really silly comedy movies with two clueless friends on a road trip?
8467,Can you recommend a goofy 90s comedy where friends get into outrageous trouble trying to help a woman?
8467,I'm looking for a slapstick movie about dumb but lovable characters chasing after a suitcase and a girl.
36647,Can you recommend an action horror movie about a half-vampire who fights vampires?
36647,What’s a good dark superhero-style movie with lots of vampire fighting?
36647,I want a horror action film where the main character is a vampire hunter with supernatural powers.
335988,Can you recommend an action sci-fi movie with giant robots and an epic battle to save Earth?
335988,What's a good adventure movie about humans teaming up with Transformers to uncover ancient secrets?
335988,"Suggest a science fiction movie with Bumblebee, Optimus Prime, and a world-threatening war"
373571,Can you recommend an action sci-fi movie with giant monsters and epic battles?
373571,What are some movies like Godzilla featuring huge creatures fighting each other?
373571,I want a monster movie with lots of destruction and legendary creatures—what should I watch?
509,What are some romantic comedy movies about an ordinary person falling in love with a celebrity?
509,Can you recommend a feel-good romance set in London?
509,What movies are like Notting Hill with a charming bookstore owner and a famous actress?
9532,"Can you recommend a horror movie where someone has a premonition and escapes a deadly accident, only to be hunted afterward?"
9532,What’s a scary movie about death chasing survivors after they avoid a disaster?
9532,Do you know any horror films like Final Destination with a plane crash vision and people dying one by one?
38365,Can you recommend a funny movie about a group of old friends reuniting for a holiday weekend?
38365,What comedy should I watch if I want a story about former teammates getting back together after years apart?
38365,Suggest a light-hearted movie about childhood friends hanging out again after their high school coach dies.
10555,Can you recommend an animated family comedy with underwater adventure and friendship?
10555,I’m looking for a funny action movie for kids about sea animals and a fish who becomes a hero.
10555,What’s a good animated movie about an unlikely friendship between a fish and a shark?
20504,Can you recommend a post-apocalyptic action thriller about protecting an important book or artifact?
20504,What are some movies where a lone traveler crosses a dangerous wasteland to deliver something sacred?
20504,I want a sci-fi action movie with a strong survival story and a meaningful mission—what should I watch?
238636,Can you recommend a tense horror-thriller about surviving a night of lawless violence?
238636,What’s a good movie where a tough vigilante ends up protecting innocent people during chaos?
238636,I want a thriller with a revenge plot that turns into a survival mission—any suggestions?
565,Can you recommend a horror mystery movie about a cursed videotape and a deadly urban legend?
565,What’s a scary thriller where a journalist investigates strange teen deaths linked to a tape?
565,I want a movie about someone who watches a haunted video and has only a week to survive.
18823,What are some action fantasy movies about gods and mythical creatures?
18823,Can you recommend an adventure movie where a hero goes on a dangerous quest to defeat an evil god?
18823,What movies are similar to Clash of the Titans with epic battles and Greek mythology?
80278,Can you recommend a dramatic survival movie based on a true story?
80278,What’s a good thriller about a family facing a natural disaster?
80278,Suggest a historical drama set during the 2004 tsunami
7131,Can you recommend an action-packed horror movie with vampires and monsters?
7131,What’s a good adventure movie where a monster hunter fights Dracula?
7131,"Suggest a dark fantasy film with Gothic monsters, including Frankenstein’s monster and vampires."
1572,What are some high-energy action thrillers like Die Hard: With a Vengeance?
1572,Can you recommend a movie with a tough New York cop teaming up with an unexpected partner to stop a criminal mastermind?
1572,"I’m looking for an intense 90s action movie with suspense, explosions, and a cat-and-mouse game—what should I watch?"
644,Can you recommend a sci-fi drama about a robot child who is programmed to love?
644,What movie is about an android boy adopted by a human family that struggles with being accepted?
644,I’m looking for an emotional science fiction adventure with themes of artificial intelligence and family—what should I watch?
390043,What are some action comedies with lots of banter between the main characters?
390043,Can you recommend a crime thriller that's also funny and fast-paced?
390043,What movies feature an unlikely duo teaming up on a dangerous trip?
9325,What are some family-friendly animated adventure movies with memorable songs and animal characters?
9325,Can you recommend a classic Disney movie about a boy raised in the जंगल with a wise panther and a fun bear friend?
9325,"I’m looking for an adventure film for kids that has jungle animals, friendship, and a lighthearted story."
12230,What are some family-friendly adventure movies with animals and a funny villain?
12230,Can you recommend an animated comedy about puppies being rescued from a bad person?
12230,I’m looking for a classic Disney-style movie with dogs and a lighthearted story for kids.
207932,Can you recommend a mystery thriller with action and a fast-paced global conspiracy?
207932,What’s a movie about a character waking up with amnesia and trying to stop a deadly plot?
207932,I’m looking for an action-packed thriller like The Da Vinci Code with puzzles and secrets.
497582,What are some adventure mystery movies with a smart teenage detective?
497582,Can you recommend a family-friendly crime mystery with a strong female lead?
497582,What movies feature Sherlock Holmes and a clever sibling solving a case?
424783,What are some action sci-fi movies with a heartfelt friendship between a human and an alien robot?
424783,Can you recommend a 1980s adventure movie with a young protagonist and a transforming robot?
424783,What movies are similar to Transformers but have more emotional coming-of-age themes?
522627,Can you recommend a crime comedy with clever schemes and a lot of twists?
522627,I’m looking for a stylish action movie about a drug empire and betrayal—any suggestions?
522627,What’s a funny but violent gangster film set in London with plenty of blackmail and double-crossing?
2034,Can you recommend a gritty crime drama about police corruption and undercover narcotics work?
2034,What action movies are about a rookie cop paired with a dangerous veteran detective?
2034,I’m looking for a dark movie where a new officer discovers his partner is corrupt — any suggestions?
341013,What are some action thrillers set during the Cold War with espionage and secret agents?
341013,Can you recommend a movie about an undercover spy investigating a murder in Berlin?
341013,What movies feature a female MI6 agent on a dangerous mission to recover a list of double agents?
788,Can you recommend a funny family movie about a dad trying to stay close to his kids after a divorce?
788,What are some comedy-dramas where a parent goes to extreme lengths to be with their children?
788,Suggest a heartfelt family movie with a mix of humor and emotional father-child moments.
545609,What are some action thrillers about a mercenary sent on a dangerous rescue mission?
545609,Can you recommend a tense movie where a hardened soldier has to save a kidnapped child in a foreign city?
545609,I want a fast-paced thriller with lots of action and a high-stakes extraction mission. What should I watch?
277,Can you recommend a dark fantasy action movie with vampires and werewolves fighting a secret war?
277,I want a thriller with a strong female vampire warrior as the main character. Any suggestions?
277,What’s a movie about supernatural creatures where a vampire falls for a werewolf?
140300,Can you recommend a fun animated action-adventure movie for kids and families?
140300,What movie features a martial arts hero who has to save China from an evil threat?
140300,I’m looking for a comedy adventure about animals that also has a heartfelt family story.
86834,Can you recommend a dramatic adventure movie about a family trying to survive a giant flood or apocalypse?
86834,I’m looking for a movie with biblical themes and visions of a coming disaster—what should I watch?
86834,What’s a good movie about someone preparing to save their family from an apocalyptic deluge?
59859,What are some action-comedy superhero movies with amateur vigilantes and dark humor?
59859,Can you recommend a crime adventure movie about masked heroes taking on a dangerous villain?
59859,"I want a movie like Kick-Ass with brutal action, vigilantes, and a revenge story — what should I watch?"
508439,What are some family-friendly animated adventure movies with fantasy and comedy?
508439,Can you recommend a movie about brothers going on a magical quest?
508439,What are good fantasy movies for kids that mix adventure and humor?
80321,Can you recommend a fun animated family adventure with lots of comedy and animals on the run?
80321,What is a good kids' movie about zoo animals traveling through Europe and joining a circus?
80321,Can you suggest a lighthearted adventure comedy similar to Madagascar 3 for a family movie night?
38575,Can you recommend a family-friendly martial arts movie about a kid learning to adapt after moving to a new country?
38575,What’s a good coming-of-age adventure drama where a bullied kid trains with a mentor to stand up for himself?
38575,"Suggest a movie like The Karate Kid with action, school bullying, and a strong father-figure relationship"
12477,What are some heartbreaking animated war movies about siblings trying to survive during World War II?
12477,Can you recommend a tragic drama about children coping with loss and poverty during wartime?
12477,What films depict the emotional impact of war on innocent families in a realistic way?
440021,Can you recommend a funny horror movie with a time loop and a mystery?
440021,What’s a good slasher movie that has comedy and keeps repeating the same day?
440021,I want a horror-comedy about solving your own murder—any suggestions?
524,Can you recommend a crime drama about the Las Vegas casino world and organized crime?
524,"What’s a movie like Goodfellas but set around gambling, mob power, and betrayal?"
524,I want a movie about two friends whose relationship falls apart over money and crime—what should I watch?
423108,Can you recommend a horror movie based on a true story with paranormal investigators?
423108,What’s a scary mystery-thriller about demonic possession and a murder case?
423108,Suggest a movie like The Conjuring with creepy supernatural investigations and suspense
235,Can you recommend a coming-of-age drama about a group of boys on a memorable adventure?
235,I’m looking for a movie about childhood friendship and a journey that changes the characters—what should I watch?
235,What’s a good crime drama with a nostalgic small-town setting and strong themes of growing up?
39538,Can you recommend a tense thriller about a deadly virus outbreak and the race to find a cure?
39538,What are some drama movies about a global epidemic spreading panic and fear?
39538,I’m looking for a science fiction thriller with a medical crisis and worldwide response—any suggestions?
250546,What are some scary movies about haunted dolls or cursed toys?
250546,Can you recommend a horror movie involving a satanic cult and supernatural events?
250546,What horror films have a creepy vintage doll at the center of the story?
1995,Can you recommend an action-adventure movie with a fearless female lead and ancient artifacts?
1995,What movie is about a tomb raider racing to stop a powerful ancient object from falling into the wrong hands?
1995,"I want a fantasy adventure film with archaeology, rival explorers, and a dangerous quest to save the world. What should I watch?"
88,Can you recommend a romantic drama with music and dancing set during a summer vacation?
88,What's a classic coming-of-age movie about a young woman falling in love and discovering dance?
88,I want a feel-good romance with memorable dance scenes—what should I watch?
624860,Can you recommend a sci-fi action movie about someone who discovers they’re back inside a simulated reality?
624860,What are some adventure movies where the main character starts having strange memories and realizes their world isn’t what it seems?
624860,Suggest a science fiction film with lots of action about returning to the Matrix or a virtual world.
13053,"Can you recommend an animated family adventure movie with a funny, action-packed story about a pet trying to get back home?"
13053,What's a good comedy adventure movie for kids about a dog who thinks he's a superhero?
13053,Suggest a family-friendly animated movie where a character gets lost in New York City and has to find his way back to his owner.
49017,Can you recommend a dark fantasy action movie about a heroic man who becomes a vampire to protect his family?
49017,"What horror movies feature medieval battles, dark powers, and a transformation into Dracula?"
49017,"I want a movie like Dracula Untold with action, fantasy, and a tragic antihero villain origin story."
755,Can you recommend a horror-action crime movie about criminals hiding out in a dangerous bar?
755,I want a movie where kidnappers end up in a creepy Mexican bar with violent surprises—what should I watch?
755,"Suggest a thriller with a mix of crime, action, and horror set in a seedy roadside hideout."
258489,Can you recommend an action-adventure movie about someone who returns to the jungle after living in the city?
258489,What fantasy movie features Tarzan going back to Africa to investigate a mining camp?
258489,I want a movie with jungle adventure and an exiled hero called back to his old home—what should I watch?
861,Can you recommend an action sci-fi movie about fake memories and questioning reality?
861,What’s a good adventure movie where the main character’s life gets turned upside down after a memory implant goes wrong?
861,I want a science fiction thriller set on Mars with lots of action and a mind-bending plot—what should I watch?
1250,Can you recommend an action fantasy movie about a stunt rider who makes a deal with the devil?
1250,What’s a thriller with supernatural powers and a tragic love story?
1250,Suggest a movie where the main character becomes a fiery anti-hero after selling his soul
420809,What family fantasy adventure movies have a dark fairy-tale vibe?
420809,Can you recommend a movie about complicated family relationships with magic and adventure?
420809,What are some fantasy films with strong female leads and royal wedding drama?
200727,Can you recommend a romantic comedy-drama about childhood best friends who keep missing their chance to be together?
200727,What movie is about two friends who grow up together and keep drifting apart and reconnecting over the years?
200727,"I’m looking for a feel-good romance with humor and drama about love, friendship, and missed opportunities—what should I watch?"
76493,Can you recommend a political comedy with a dictator as the main character?
76493,What are some movies that satirize dictators and authoritarian regimes?
76493,I want a funny film about a selfish ruler trying to stop democracy—any suggestions?
47933,Can you recommend a sci-fi action movie about Earth defending itself from an alien invasion?
47933,What’s a good adventure movie with giant-scale battles against advanced aliens?
47933,Suggest a science fiction movie where humanity uses alien technology to prepare for another attack.
22794,"I'm looking for a funny animated family movie with a unique, imaginative premise—what would you recommend?"
22794,Can you suggest a lighthearted comedy movie for kids that has lots of adventure and silly visuals?
22794,What’s a family-friendly animated film with a creative inventor character and a fun disaster story?
512195,Can you recommend an action comedy about a heist involving criminals and law enforcement?
512195,What movie has an Interpol Red Notice and features rival thieves working with an FBI profiler?
512195,I want a fun crime action film with a lot of comedy and cat-and-mouse tension—what should I watch?
1579,Can you recommend a tense historical action movie about a man trying to survive and get back to his family?
1579,I’m looking for a dramatic adventure set in an ancient civilization with lots of danger and survival themes.
1579,"What’s a gripping movie like Apocalypto with a mix of action, history, and a desperate escape story?"
181886,Can you recommend a psychological thriller about a man who finds his double?
181886,I’m looking for a mysterious movie where someone discovers their look-alike and gets obsessed with them.
181886,What’s a good thriller with an eerie doppelgänger story and a lot of suspense?
87502,Can you recommend a drama about a pilot dealing with addiction after a plane crash?
87502,What are some movies about a flawed hero who saves many lives but then faces an investigation?
87502,"I'm looking for a serious film about alcoholism, guilt, and redemption in the aviation world."
628,Can you recommend a dark gothic horror movie with vampires and a tragic love story?
628,"What’s a fantasy drama about immortality, loneliness, and betrayal?"
628,I want a creepy vampire film that feels emotional and character-driven rather than action-heavy.
406990,Can you recommend a sci-fi thriller about siblings hiding from the government in a dystopian future?
406990,I'm looking for a mystery action movie with clones or identical twins and a dark premise.
406990,What are some movies like The Hunger Games or Children of Men that involve a bleak future and government control?
333484,Can you recommend an action-packed western with a team of heroes taking on a ruthless villain?
333484,What are some adventure movies set in the Old West where a small group defends a town?
333484,I’m looking for a movie like a classic western with gunfights and a band of mercenaries fighting bad guys.
762,Can you recommend a silly fantasy comedy with knights and absurd medieval humor?
762,What movie should I watch if I want a parody of King Arthur and the Knights of the Round Table?
762,"Suggest a classic adventure-comedy with ridiculous quests, slapstick, and British humor."
242224,Can you recommend a psychological horror movie about a grieving parent dealing with a supernatural presence?
242224,What’s a horror drama about a single mother and her child being haunted by something disturbing in their home?
242224,"I’m looking for a tense, emotional horror movie with paranoia and a creepy children’s book—any suggestions?"
1573,Can you recommend an action thriller set around Christmas with a tense airport hostage situation?
1573,What’s a good sequel where a lone cop has to stop terrorists during a snowy holiday night?
1573,Suggest an exciting 90s thriller with nonstop action and a hero trapped in the wrong place at the wrong time.
260514,What are some good animated family movies about an underdog athlete getting old and facing a new generation of competitors?
260514,"Can you recommend a heartfelt sports movie for kids about teamwork, mentoring, and bouncing back after a setback?"
260514,What are some movies similar to Cars about a racer learning to adapt and rediscover his purpose?
2300,What are some fun family movies with cartoons and live-action mixed together?
2300,Can you recommend a comedy sci-fi movie involving basketball and aliens?
2300,What movie features Michael Jordan teaming up with Looney Tunes characters?
334541,Can you recommend a sad drama about grief and family trauma?
334541,What's a good emotional movie about a man returning to his hometown after a tragedy?
334541,"I’m looking for a character-driven drama with strong performances and a heavy, reflective tone"
1597,Can you recommend a funny romantic comedy about meeting the parents before getting married?
1597,What are some movies where a guy has to impress his girlfriend's strict dad?
1597,I'm looking for a comedy about a disastrous family visit before an engagement—any suggestions?
166424,Can you recommend a sci-fi action movie about a team of outsiders who gain powers after a dangerous teleportation experiment?
166424,What movie is about four young friends who get superpowers and have to work together to save Earth from an old friend turned enemy?
166424,I’m looking for an adventure film where a group is altered by traveling to another universe and must learn to control their abilities.
3049,What are some funny crime movies with a mystery plot?
3049,Can you recommend a comedy about a detective solving an unusual case?
3049,What movies are similar to a goofy investigator comedy with a missing animal storyline?
238713,What are some funny action movies with a female lead and spy stuff?
238713,Can you recommend a comedy crime movie about an undercover agent?
238713,I want an action-comedy where an ordinary person gets pulled into a dangerous secret mission.
8077,Can you recommend a sci-fi horror movie set on a prison planet with a trapped survivor and a deadly alien threat?
8077,What’s a good action horror movie about people with no weapons trying to survive against an alien in an isolated facility?
8077,Do you know any science fiction movies where a crash landing leads to a prison colony fighting to stay alive against a monster?
855,What are some intense war movies based on real events?
855,Can you recommend an action movie about a military operation gone wrong?
855,What are good movies about U.S. soldiers fighting in a foreign conflict?
82654,Can you recommend a horror-comedy with a romantic storyline?
82654,What's a funny zombie movie that also has a love story?
82654,I want a romance movie with an unusual undead twist—any suggestions?
388,Can you recommend a smart crime thriller with a tense bank hostage standoff?
388,What’s a good movie about a detective negotiating during a bank robbery?
388,I’m looking for a suspenseful drama with a twisty heist and corruption subplot—any suggestions?
1571,Can you recommend an action thriller about stopping cyber terrorists and hacking the computer infrastructure?
1571,What’s a good movie where an older cop teams up with a young hacker to fight terrorists?
1571,I want a fast-paced action movie involving a police hero battling an attack on America’s computers — any suggestions?
302699,Can you recommend an action-comedy about an ordinary guy who gets pulled into a spy adventure?
302699,What’s a funny movie where a high school reunion or old friend changes someone’s boring life?
302699,I’m looking for a light action film with comedy and undercover espionage—any suggestions?
385687,What action movies involve a family facing a deadly enemy from their past?
385687,Can you recommend a crime thriller with intense car chases and revenge?
385687,What movies are similar to Fast and Furious with high-stakes action and a team fighting to protect their loved ones?
13885,Can you recommend a dark musical horror movie with a revenge story?
13885,What’s a good drama-horror film with a creepy Victorian London setting?
13885,I want a movie like a gothic thriller with music and lots of suspense—what should I watch?
401981,Can you recommend a thriller about a former dancer who becomes a spy after an injury ends her career?
401981,What is a good mystery movie featuring secret intelligence training and a female lead?
401981,"Suggest a suspenseful spy film with a dark, psychological story and a strong woman protagonist."
426,"Can you recommend a mystery thriller with a suspenseful, psychological obsession storyline?"
426,I’m looking for a romantic thriller about a detective who gets caught up in a dangerous obsession. Any suggestions?
426,What’s a classic mystery movie with romance and psychological tension set in San Francisco?
2675,Can you recommend a thriller about mysterious crop circles and an alien threat?
2675,What’s a good science fiction horror movie set on a farm with a suspenseful family story?
2675,"I want a creepy movie with aliens, tension, and a rural setting—what should I watch?"
83666,Can you recommend a quirky coming-of-age romance with a summer adventure vibe?
83666,What’s a funny but bittersweet movie about young love and running away together?
83666,"I’m looking for a stylish indie film set in the 1960s with comedy, drama, and romance—any suggestions?"
593643,Can you recommend a dark comedy horror movie with a surprising dinner setting?
593643,What movie is about a couple going to an exclusive restaurant on a remote island where things get creepy?
593643,I'm looking for a twisted comedy horror film with an upscale chef and shocking surprises.
445571,Can you recommend a funny mystery movie with crime and twists?
445571,What's a good comedy thriller about a game night that turns into a real kidnapping?
445571,I want a mystery-crime movie that's also really funny and involves a fake murder game. Any suggestions?
17431,Can you recommend a sci-fi drama about isolation and loneliness in space?
17431,What’s a good movie about someone working alone on the Moon with an AI assistant?
17431,"I’m looking for a psychological science fiction film with a tense, mysterious atmosphere set in space."
39513,Can you recommend a funny sci-fi adventure movie about an alien on the run?
39513,What’s a comedy road-trip film with aliens and a bunch of nerdy friends?
39513,I’m looking for a lighthearted science fiction movie with adventure and humor.
570670,Can you recommend a suspenseful horror movie about an abusive ex who seems to come back as an invisible threat?
570670,What’s a good thriller with science fiction elements where the main character is being hunted by someone nobody can see?
570670,Can you suggest a scary movie about paranoia and being stalked by an unseen force?
1538,Can you recommend a tense crime thriller with a cab driver and an assassin?
1538,What’s a good suspenseful movie about a taxi ride that turns dangerous?
1538,I’m looking for a dark thriller set mostly in Los Angeles at night—any suggestions?
338967,What are some horror comedies with lots of zombie action and a funny group of survivors?
338967,"Can you recommend a sequel to a zombie movie that mixes comedy, action, and a dysfunctional family vibe?"
338967,I'm looking for a lighthearted apocalyptic movie with snarky characters and evolved zombies—what should I watch?
1927,Can you recommend a science fiction action movie about a scientist who transforms into a monster when he gets angry?
1927,What adventure movies involve a tragic hero with a hidden superhuman alter ego?
1927,I want a sci-fi movie with lots of action and a character who turns into a giant green creature. What should I watch?
687163,Can you recommend a sci-fi adventure movie where a scientist has to save Earth from a cosmic disaster?
687163,What are some movies like Interstellar with a lone astronaut solving a space mystery and trying to save humanity?
687163,"I want a smart, science-focused space movie about amnesia and a mission to prevent the Sun from dying—any suggestions?"
12092,"Can you recommend an animated fantasy adventure movie for kids with whimsical, magical worlds?"
12092,What family-friendly movie has a curious main character who falls into a fantastical adventure?
12092,"I’m looking for a classic animation film with a playful, imaginative story and lots of wonder."
80274,Can you recommend a science fiction adventure movie about gifted kids training for a future space war?
80274,What’s a good action-packed movie based on a classic sci-fi novel?
80274,I’m looking for a movie about young prodigies being trained to save Earth from alien threats.
1184918,Can you recommend a family-friendly animated adventure with a robot and animals?
1184918,I’m looking for a science fiction movie about an AI or robot that learns to care for others. Any suggestions?
1184918,"What’s a good heartfelt animated movie about friendship, survival, and raising an animal baby?"
8247,What are some action sci-fi movies about people with supernatural abilities?
8247,Can you recommend movies where the main character can teleport or jump through space?
8247,What adventure movies involve a hero being hunted because of a special power?
10895,Can you recommend a classic animated family fantasy about a puppet who wants to become a real boy?
10895,What are some movies for kids about magical transformations and learning to be brave and honest?
10895,I’m looking for a heartfelt fantasy animation with a moral lesson and a father-son story — any suggestions?
449176,Can you recommend a coming-of-age romantic comedy about a teen dealing with coming out?
449176,What are some feel-good movies about LGBTQ teens and first love?
449176,I’m looking for a high school romance drama with a gay protagonist and a sweet tone.
1624,What are some funny fantasy comedies about a lawyer who has to tell the truth?
1624,Can you recommend a movie where a dishonest person is magically forced to be honest?
1624,I’m looking for a lighthearted comedy with a ridiculous supernatural premise and lots of truth-telling—what should I watch?
9340,Can you recommend a fun adventure movie for kids with treasure hunting and comedy?
9340,What family movies are about a group of kids going on a quest to save their homes?
9340,"I want a lighthearted 80s adventure film with pirates, traps, and young heroes—what should I watch?"
8488,Can you recommend a romantic comedy about a dating coach who helps a shy guy win over a woman?
8488,I'm looking for a movie where a smooth dating expert falls for a woman who is hard to impress. Any suggestions?
8488,"What’s a comedy-drama romance about love advice, matchmaking, and messy relationships?"
228967,Can you recommend a comedy movie with a political assassination plot?
228967,What action-comedy movies involve journalists or TV hosts getting caught up in international espionage?
228967,Suggest a funny movie about a celebrity interview that turns into a dangerous mission
31011,Can you recommend a science fiction drama with a romantic storyline and a lot of philosophical themes?
31011,"What are some movies about alternate life paths, time, and the choices that shape a person's life?"
31011,I’m looking for a mind-bending movie where the main character reflects on different versions of his life and love.
324668,Can you recommend an action thriller about a former CIA operative uncovering his past?
324668,What’s a good spy movie with lots of action and a mysterious main character?
324668,Suggest a fast-paced adventure thriller about a man coming out of hiding to find hidden truths about himself.
181533,What are some fun family adventure movies with comedy and fantasy?
181533,"Can you recommend a lighthearted movie with museums, magic, and lots of action?"
181533,What movie should I watch if I want an entertaining sequel for kids and adults?
10386,Can you recommend an animated family movie with heart and a sci-fi twist?
10386,What's a good movie about a child befriending a giant robot?
10386,I want a touching science fiction film about friendship and prejudice—what should I watch?
1584,Can you recommend a funny family movie about a teacher who inspires kids through music?
1584,I’m looking for a comedy where someone with a rock background ends up working at a school. Any suggestions?
1584,"What are some music-themed family movies with a rebellious, feel-good story?"
948,Can you recommend a scary slasher movie about an escaped killer returning to his hometown on Halloween?
948,What’s a good horror-thriller with a masked murderer stalking teens in a small town?
948,I want a classic Halloween movie with a suspenseful killer and lots of jump scares—what should I watch?
12162,What are some intense war movies about bomb squads or explosive disposal teams?
12162,Can you recommend a gritty Iraq War drama with a lot of suspense and tension?
12162,I’m looking for a thriller about a soldier who is reckless but really good at his job—any suggestions?
856,Can you recommend a fantasy comedy with animation and a detective mystery?
856,"What movie mixes cartoons, crime, and comedy in a live-action setting?"
856,I'm looking for a funny animated crime film with a classic detective story — any suggestions?
389015,What are some dark comedy dramas based on true sports scandals?
389015,Can you recommend movies about controversial female athletes with a mix of drama and humor?
389015,What movies tell the story of a rise-and-fall figure skater or Olympic hopeful?
117,Can you recommend a crime thriller based on a true story about taking down a famous mob boss?
117,What’s a good historical crime movie set during Prohibition?
117,I’m looking for a thriller about an honest lawman forming a team to fight organized crime.
451048,Can you recommend a fantasy adventure movie with lots of comedy and witty banter?
451048,What are some fun movies about a dangerous river expedition to find a magical object?
451048,I want a lighthearted adventure film with explorers searching for an ancient treasure or healing power.
4553,Can you recommend a psychological thriller about insomnia and paranoia?
4553,I'm looking for a dark drama with an unreliable main character and eerie events—any suggestions?
4553,What movie should I watch if I want a tense thriller about someone being haunted by a mysterious stranger?
935,Can you recommend a dark comedy about nuclear war and military insanity?
935,What are some satirical war movies with political humor?
935,I’m looking for a classic comedy that mocks Cold War paranoia—any suggestions?
933260,Can you recommend a horror sci-fi thriller about a celebrity trying a dangerous drug to become younger?
933260,What movie features a black market substance that creates a better version of yourself?
933260,I'm looking for a thriller with body horror and a fame/vanity theme—what should I watch?
57201,Can you recommend an action-adventure western about a masked hero teaming up with an Native American companion to fight outlaws?
57201,"What are some movies like The Lone Ranger with cowboys, train chases, and revenge against a gang of criminals?"
57201,Suggest a fun western movie where a ranger survives an ambush and joins forces with an unlikely ally to bring justice
260346,Can you recommend an action thriller about a former government operative who is falsely accused of murder and has to prove his innocence?
260346,What’s a good movie with intense chase scenes and a skilled ex-agent hunting down the real killer?
260346,I’m looking for a thriller where the main character is being pursued by the police while trying to clear his name—any suggestions?
10198,Can you recommend an animated family movie with romance and fantasy set in New Orleans?
10198,What are some movies about a character chasing a dream while getting caught up in a magical fairy-tale adventure?
10198,I want a Disney-style movie where a princess-like heroine has to help a frog prince and there’s a love story involved.
49040,Can you recommend an action thriller about a CIA operative dealing with life-or-death stakes and government intrigue?
49040,"What’s a good movie like Jason Bourne with espionage, chases, and a tense survival story?"
49040,Which thriller should I watch if I want a fast-paced spy movie about a fugitive agent being hunted by the CIA?
10315,Can you recommend a funny animated family adventure movie about a clever animal outsmarting humans?
10315,What’s a good stop-motion comedy for kids and adults about a fox pulling off a heist?
10315,I’m looking for a quirky family movie with adventure and humor that involves animals and rival farmers.
49529,Can you recommend an action-adventure sci-fi movie about a former soldier transported to Mars who gets caught in a planetary war?
49529,What’s a movie like a sweeping science fiction adventure set on an exotic alien world with epic battles and a reluctant hero?
49529,I want a film where a war-weary hero is pulled into a strange new planet and has to save an entire civilization. Any suggestions?
159824,Can you recommend a funny animated family movie about monsters and vampires?
159824,What’s a good fantasy comedy for kids that takes place in a hotel full of supernatural characters?
159824,I’m looking for a lighthearted Halloween-style family movie with vampires and lots of humor.
637649,Can you recommend a gritty revenge thriller with heists and a mysterious main character?
637649,"What crime drama movies have a tense, dark tone and lots of action?"
637649,I’m looking for a movie about a skilled antihero settling a score—any suggestions?
50546,Can you recommend a light romantic comedy with lots of misunderstandings and funny situations?
50546,What movie is like a rom-com where a guy has to pretend to be married to cover up a lie?
50546,I’m looking for a funny vacation romance movie set in Hawaii — any suggestions?
630,Can you recommend a family-friendly fantasy adventure with a magical journey and memorable characters?
630,"What are some classic adventure movies with a young heroine, talking companions, and an epic quest?"
630,I’m looking for an uplifting fantasy film for kids with a colorful world and a good-versus-evil storyline.
15,What are some classic mystery dramas about a powerful but troubled man’s life?
15,Can you recommend a movie about a wealthy newspaper mogul with a tragic past?
15,"I’m looking for a famous drama that explores ambition, power, and a man’s downfall."
10530,Can you recommend an animated adventure movie with romance and historical themes?
10530,What family-friendly movies are about a cross-cultural love story?
10530,I'm looking for a Disney-style animated film set during colonial times with a strong romance and adventure plot.
289,What are some classic romantic dramas with a wartime backdrop?
289,Can you recommend a movie about a cynical man reconnecting with a former lover?
289,What are some great old Hollywood films set in exotic locations with romance and drama?
311,"Can you recommend a long, atmospheric crime drama about gangsters and regret?"
311,What are some movies about a former criminal returning to his old neighborhood after many years?
311,"I’m looking for a classic drama about friendship, crime, and the consequences of a gangster’s past — any suggestions?"
4982,Can you recommend a crime drama about a real-life gangster and drug trafficking?
4982,What movie is based on the true story of a heroin smuggler in the 1970s?
4982,I'm looking for a gritty drama about the rise and fall of a notorious criminal mastermind.
274857,Can you recommend an action fantasy movie about a young man discovering he is the rightful king?
274857,"I'm looking for a dramatic fantasy film with sword fights and a hero's journey, any suggestions?"
274857,What movies are similar to King Arthur legends with a dark action-packed story?
82507,Can you recommend a creepy horror movie about a writer investigating a disturbing snuff film and a haunted house?
82507,What thriller movies involve a true-crime author moving his family into a house where a murder mystery took place?
82507,"I'm looking for a mystery horror film with old film reels, sinister clues, and a supernatural presence—what should I watch?"
251,Can you recommend a romantic fantasy thriller about love after death?
251,What movie is about a ghost trying to protect his girlfriend with help from a psychic?
251,I'm looking for a suspenseful supernatural romance similar to a story where someone dies but stays behind as a spirit
9654,Can you recommend an action crime movie with a lot of car chases and a heist gone wrong?
9654,"What’s a fun heist movie with twists, double-crosses, and high-speed chase scenes?"
9654,I’m looking for a crime action film like The Italian Job with clever thieves and lots of excitement.
346685,Can you recommend a dark mystery thriller about a woman who gets obsessed with another couple's life during her commute?
346685,I’m looking for a crime thriller where an ordinary woman becomes involved in a missing person or shocking domestic mystery.
346685,"What’s a suspenseful movie with a female lead, unreliable perspective, and a lot of twists?"
299687,Can you recommend a sci-fi action movie about surviving an alien invasion?
299687,What are some adventure movies where humanity gets knocked back to the Stone Age by aliens?
299687,I’m looking for a movie about a teen trying to survive after an apocalyptic alien attack.
3170,Can you recommend a family-friendly animated movie about growing up and discovering life in nature?
3170,What is a classic animated drama with animals and emotional coming-of-age themes?
3170,Can you suggest a gentle movie for kids that follows a young animal learning about friendship and the seasons?
105864,Can you recommend an animated adventure movie for families about dinosaurs and friendship?
105864,What's a good family-friendly movie with dinosaurs and a heartwarming journey?
105864,I’m looking for an adventure animation film like The Good Dinosaur with a young dinosaur and an unlikely human friend.
345887,Can you recommend an action thriller about a vigilante seeking revenge after a friend is murdered?
345887,What’s a good crime movie with a tough ex-agent who fights for justice against powerful criminals?
345887,I’m looking for a suspenseful revenge movie with intense fight scenes and a lone hero taking on the bad guys.
44833,Can you recommend an action-packed sci-fi movie with aliens attacking Earth and a military response?
44833,What’s a good thriller or adventure film involving naval battles and an invasion from space?
44833,"I’m looking for a movie like Independence Day with big-scale action, aliens, and humans fighting back at sea."
496,Can you recommend a comedy movie with outrageous social satire and awkward real-world interactions?
496,What are some funny movies where a clueless foreign character travels across America and causes chaos?
496,I’m looking for a controversial comedy that uses hidden-camera style interactions to expose people’s prejudices—what should I watch?
396422,Can you recommend a scary movie about a possessed doll?
396422,What horror movie involves an orphanage and a creepy doll maker's home?
396422,Suggest a film like The Conjuring universe with supernatural possession and a haunted doll.
8961,Can you recommend an action-comedy about two Miami detectives taking on drug traffickers and gangsters?
8961,"I’m looking for a crime movie with lots of action and humor, ideally involving cops, cartels, and mob wars. Any suggestions?"
8961,"What’s a fun buddy-cop movie with explosions, crime, and a fast-paced Miami setting?"
400106,Can you recommend a fantasy action thriller about cops in a modern world with magical creatures?
400106,I’m looking for a movie set in an alternate present-day where magic and crime intersect—what should I watch?
400106,What’s a good action-packed fantasy film with a prophesied battle and buddy-cop vibes?
400928,Can you recommend a drama-comedy about a gifted child and a custody battle?
400928,What movie is about a single man raising his genius niece?
400928,"I want a heartfelt film about family, parenting, and a child prodigy."
568,Can you recommend a drama based on a true story about astronauts in danger during a space mission?
568,What’s a good historical movie about a real NASA mission gone wrong?
568,I want a tense movie about survival and teamwork in space—what should I watch?
27576,Can you recommend an action thriller with a CIA agent who is accused of being a spy?
27576,I want a mystery movie about a covert operative on the run from her own agency—what should I watch?
27576,"What’s a good suspenseful film with espionage, betrayals, and a strong female lead?"
754,Can you recommend an action movie about an undercover FBI agent and identity swap?
754,What’s a crime sci-fi movie with facial transplant surgery and revenge?
754,Suggest a thriller where a cop impersonates a criminal mastermind to stop a terrorist plot.
306819,Can you recommend a drama about a transgender person discovering their true identity?
306819,What movies portray a supportive spouse helping a partner transition?
306819,Suggest a film based on a real transgender pioneer's life.
375262,What are some historical dramas with sharp comedy and strong female leads?
375262,Can you recommend a period film about rivalry and political intrigue at a royal court?
375262,"What movies mix history, drama, and dark humor in an English royal setting?"
107985,Can you recommend a funny sci-fi action movie about a group of friends on a wild night out?
107985,What’s a good comedy with aliens or an apocalyptic plot that still has a lot of action?
107985,I’m looking for a British movie about friends doing a pub crawl that turns into something bigger—any suggestions?
527641,What are some good romantic drama movies about teens with serious illnesses?
527641,Can you recommend a sad love story set in a hospital?
527641,What movies are similar to The Fault in Our Stars?
10140,Can you recommend a family-friendly fantasy adventure movie with kids traveling to a magical world?
10140,"What are some movies like The Chronicles of Narnia with ships, quests, and imaginative worlds?"
10140,I’m looking for a kid-appropriate adventure film with magic and a journey to the edge of the world.
215,Can you recommend a horror movie with a twisted serial killer and intense detective investigation?
215,What’s a scary movie where the villain seems to be one step ahead of the police?
215,"I’m looking for a horror film with traps, suspense, and a cat-and-mouse chase between cops and a killer."
508947,What are some fun animated family movies about growing up and dealing with teenage changes?
508947,Can you recommend a funny fantasy movie for kids about a girl with a magical transformation?
508947,What movies are similar to a comedy about an awkward teen girl and her family relationships?
1635,Can you recommend a sci-fi thriller with a dystopian setting and lots of action?
1635,What’s a movie about a future society where people discover their lives are not what they seem?
1635,I’m looking for a thriller like The Truman Show but with more action and a science fiction twist—what should I watch?
5876,Can you recommend a horror movie with a tense survival story and creatures hiding in a mysterious mist?
5876,I’m looking for a sci-fi thriller set in one location with people trapped and facing terrifying unknown threats. Any suggestions?
5876,"What’s a scary movie about a small group of people forced to deal with monsters, panic, and rising paranoia after a strange event?"
675353,Can you recommend a fun family action-adventure movie with comedy and a heroic quest?
675353,"What movie should I watch if I want a kid-friendly adventure with Sonic, Tails, and lots of action?"
675353,Suggest a lighthearted action-comedy film about a team racing to stop a villain from getting a powerful ancient artifact.
75,What are some funny sci-fi movies about an alien invasion?
75,Can you recommend a comedy fantasy film with Martians attacking Earth?
75,I'm looking for a quirky science fiction movie where aliens visit major cities and chaos ensues.
756999,Can you recommend a scary thriller about a kidnapped kid trapped in a basement who starts getting help from ghostly voices?
756999,What are some horror movies with a supernatural twist and a tense cat-and-mouse story involving a child victim?
756999,I’m looking for a suspenseful horror film where a serial killer abducts a teenager and the victim has to outsmart him—any suggestions?
640146,Can you recommend an action-adventure sci-fi movie with superheroes exploring a strange new world?
640146,What’s a good Marvel movie with family members teaming up and traveling into another dimension?
640146,I want a science fiction adventure film with lots of action and weird creatures—what should I watch?
64635,Can you recommend a sci-fi action thriller about implanted memories and a worker who discovers he might be a spy?
64635,I'm looking for a movie where a virtual vacation goes wrong and the main character gets caught up in a government conspiracy. Any suggestions?
64635,What movie should I watch if I want a fast-paced action film with a mind-bending plot about memory manipulation and rebels?
97020,Can you recommend a sci-fi action thriller about a police officer turned into a cyborg?
97020,What are some movies like RoboCop with futuristic technology and corporate control?
97020,I’m looking for a violent action movie set in a dystopian future—any suggestions?
2567,Can you recommend a drama based on a real person who became famous in both business and entertainment?
2567,What are some movies about ambitious people whose success is complicated by mental health struggles?
2567,I’m looking for a biographical drama about aviation and filmmaking—what should I watch?
13811,Can you recommend a sci-fi thriller with apocalyptic predictions and a mystery involving a time capsule?
13811,What’s a suspenseful science fiction movie where a teacher uncovers a terrifying chain of future events?
13811,I’m looking for a thriller about foretelling disasters and a family getting caught up in an unfolding mystery.
17578,Can you recommend an adventurous animated mystery movie with a young reporter and his dog?
17578,What are some family-friendly films about solving a centuries-old treasure mystery?
17578,I’m looking for a fun action-adventure animation with detectives and a quirky captain.
4108,Can you recommend an action movie about a skilled driver who gets pulled into a dangerous smuggling operation?
4108,What’s a crime thriller where the main character is hired to transport something suspicious and ends up helping the person being moved?
4108,I’m looking for a fast-paced movie with car chases and a tough former soldier—any suggestions?
41733,Can you recommend a funny road trip movie about two mismatched guys traveling across the country?
41733,What’s a comedy-drama about someone racing to make it home for the birth of their child?
41733,I want a movie where an ordinary guy has a chaotic cross-country journey after a travel disaster. What should I watch?
307081,Can you recommend an intense boxing drama about a champion who loses everything and has to fight his way back?
307081,"I’m looking for an action-drama movie with a boxer, family tragedy, and a comeback story—any suggestions?"
307081,What’s a good film about a successful athlete whose life falls apart and who gets trained by a tough new coach?
60308,What are some good sports dramas about using strategy and analytics to beat bigger teams?
60308,Can you recommend a movie about underdog success in baseball?
60308,What films are like Moneyball and focus on building a team with a limited budget?
157353,Can you recommend a thriller about artificial intelligence and technological singularity?
157353,What’s a sci-fi drama where scientists try to create a superintelligent computer?
157353,I want a mystery thriller about anti-technology groups and advanced AI—what should I watch?
480530,What are some good drama action movies about boxing and family legacy?
480530,Can you recommend a sports movie where the main character faces a rival connected to his past?
480530,I want a motivational fighting movie with intense training and personal stakes—what should I watch?
395834,Can you recommend a crime thriller with a murder investigation on a Native American reservation?
395834,What’s a good mystery movie where an FBI agent teams up with a local tracker?
395834,I want a tense thriller about solving a murder in a remote snowy setting—what should I watch?
8321,Can you recommend a dark comedy crime movie with witty dialogue and a lot of character-driven banter?
8321,I'm looking for a movie about hitmen that mixes humor with drama and moral conflict—any suggestions?
8321,"What are some movies set in Europe that combine crime, comedy, and a bleak but thoughtful tone?"
297,What are some romantic drama movies with a supernatural or fantasy twist?
297,Can you recommend a movie where Death takes human form and falls in love?
297,What are some emotional films about a wealthy family dealing with mortality and love?
6114,Can you recommend a gothic romance horror movie with vampires and a tragic love story?
6114,"What’s a good movie like Dracula with castles, blood, and a dark period setting?"
6114,I’m looking for a horror film that also has a strong romantic plot and classic vampire themes.
72559,What are some action movies about elite teams being betrayed by the government?
72559,Can you recommend a sci-fi adventure movie where soldiers have to fight both a villain and a corrupt system?
72559,What thriller movies feature a team framed for crimes and forced to go on the run?
5548,Can you recommend a dark sci-fi action movie about a cop turned into a cyborg to fight crime?
5548,What’s a good thriller with corporate corruption and a futuristic police force?
5548,I’m looking for an intense action movie set in a violent dystopian city with robots and crime fighting
377,Can you recommend a scary movie about a killer who attacks teenagers in their dreams?
377,What horror films feature a small town where people start dying mysteriously and it turns out to be supernatural?
377,I want a classic slasher movie with a creepy villain seeking revenge on the children of his killers.
10009,What are some good animated adventure movies about animals and personal growth?
10009,Can you recommend a family movie with wildlife and a heartfelt transformation story?
10009,"What movies are similar to Disney films with talking animals, humor, and a coming-of-age journey?"
44264,What are some good Western adventure movies with a strong female lead?
44264,Can you recommend a gritty drama about revenge and tracking down a killer?
44264,I’m looking for a classic-style Western with a tough marshal and a young girl on a quest.
879,What family adventure movies are fun and involve Peter Pan or Neverland?
879,Can you recommend a fantasy comedy for kids and adults with pirates and magical adventure?
879,What movies are about grown-ups rediscovering childhood and saving their family?
225574,Can you recommend a tense action thriller set on an airplane with a mystery element?
225574,What’s a good movie about a high-stakes race against time to stop a killer during a flight?
225574,I’m looking for an intense suspense movie where someone receives threatening messages from an unknown person onboard a plane.
76726,Can you recommend a sci-fi thriller about teenagers who gain superpowers and struggle to control them?
76726,What movie is about high school friends discovering unusual abilities that slowly turn dark?
76726,I'm looking for a dramatic thriller with a found-footage feel and characters developing dangerous powers—any suggestions?
37710,What are some action thrillers with a romantic subplot set in Europe?
37710,Can you recommend a movie about a mysterious woman and an unsuspecting man who get caught in danger together?
37710,What’s a suspenseful romance movie with twists and a glamorous international setting?
10693,Can you recommend an animated fantasy adventure movie for kids about a magical world and never growing up?
10693,What family-friendly movies are there about children going on a magical adventure with Peter Pan?
10693,"I'm looking for a classic animation movie with adventure, fantasy, and pirates for the whole family."
4523,Can you recommend a fun family fantasy movie with romance and comedy like Enchanted?
4523,What’s a good movie about a fairytale character ending up in modern-day New York?
4523,I’m looking for a lighthearted magical movie with princesses and a happy love story.
9509,Can you recommend an intense action thriller where a bodyguard bonds with the person he's protecting?
9509,I'm looking for a dramatic revenge movie about a kidnap victim being rescued—what should I watch?
9509,"What are some movies like Man on Fire with a dark, emotional story and lots of action?"
2109,Can you recommend an action comedy with a buddy-cop partnership and lots of crime-solving?
2109,What movie has an international detective teaming up with a cocky local cop to solve a kidnapping?
2109,I’m looking for a funny action crime movie about two mismatched cops working together in Los Angeles.
290859,Can you recommend a sci-fi action movie about a deadly robot being sent back in time to kill someone important?
290859,I want an adventure thriller with a strong female lead fighting to save the future from a Terminator-like villain. What should I watch?
290859,"What’s a good science fiction action movie involving a resistance, time travel, and humans teaming up with an unexpected ally?"
22803,Can you recommend a dark crime thriller about a man seeking revenge after the justice system fails him?
22803,What’s a good drama-thriller where someone takes the law into their own hands after a plea bargain?
22803,Suggest a movie about a frustrated victim targeting a killer and the people who let him go.
23168,Can you recommend a crime thriller about a thief who wants out of the game but gets pulled into one last dangerous job?
23168,What are some movies where a bank robbery leads to a relationship with a hostage or bank manager?
23168,I’m looking for a tense drama about a criminal crew being tracked by the FBI and trying to keep their identities hidden.
369972,What are some good historical dramas about space exploration and the moon landing?
369972,Can you recommend a movie about Neil Armstrong or the Apollo 11 mission?
369972,I'm looking for an inspiring drama based on a real astronaut's life—what should I watch?
559969,Can you recommend a crime thriller about a man trying to escape his past after captivity?
559969,What movie should I watch if I want a dark drama about a character dealing with trauma and trying to rebuild his life?
559969,Is there a thriller connected to Breaking Bad that follows Jesse Pinkman after he escapes?
10340,Can you recommend a family-friendly animated romance with adventure and comedy?
10340,What’s a classic movie about a dog from the wrong side of town who falls for a sheltered pet?
10340,"I’m looking for an animated film with talking animals, romance, and a heartwarming adventure"
21208,Can you recommend a creepy psychological horror movie about a child who seems innocent but isn't?
21208,What are some thriller movies involving a family adopting a mysterious girl?
21208,I want a horror movie with a disturbing twist about an adopted child—what should I watch?
1991,Can you recommend an action thriller with a creepy car-stalking villain?
1991,What’s a movie about a group of friends being targeted by a deranged stuntman?
1991,Do you know any thrillers featuring a muscle car and a dangerous chase?
1581,Can you recommend a lighthearted romantic comedy set around Christmas?
1581,I’m looking for a movie about two women swapping homes and finding love after bad breakups.
1581,What’s a feel-good romance movie with holiday vibes and a story about starting over?
1562,Can you recommend a tense horror-thriller set after a virus outbreak that turns people violent?
1562,What’s a good science fiction horror movie about surviving in a post-apocalyptic city overrun by an infection?
1562,I want a scary movie with a fast-moving contagion and lots of suspense—what should I watch?
567609,Can you recommend a horror-comedy with a darkly funny premise and lots of suspense?
567609,What’s a good movie about a wedding that turns into a deadly game?
567609,I’m looking for a scary but comedic film with rich family chaos and a wild survival story.
11253,"Can you recommend a fantasy action movie with monsters, magical creatures, and a big battle to save the world?"
11253,"What’s a good movie like Hellboy with a mix of supernatural heroes, humor, and intense action?"
11253,I’m looking for an action-fantasy film about an underworld prince trying to unleash an ancient army—any suggestions?
43347,Can you recommend a romantic comedy-drama about two people with complicated careers who fall in love unexpectedly?
43347,What’s a movie like The Notebook but with more humor and a pharmaceutical sales backdrop?
43347,"I want a love story that mixes drama, comedy, and romance with strong chemistry between the leads—any suggestions?"
9444,Can you recommend an animated family fantasy adventure about a lost princess searching for her true identity?
9444,What movie should I watch if I want a story about an orphaned girl with memories of being royalty who goes on a journey to Paris?
9444,"Suggest a family-friendly adventure film involving a young woman, con artists, and a reunion with her grandmother"
107846,Can you recommend an action thriller about a genius who has to escape from a prison he helped design?
107846,I’m looking for a movie where the main character is framed and must break out of a high-security prison. Any suggestions?
107846,What’s a good prison escape movie with lots of suspense and a strong focus on strategy and survival?
414,Can you recommend a superhero movie where Batman battles both Two-Face and the Riddler?
414,I'm looking for an action-packed fantasy crime movie with Batman and a dark Gotham City story.
414,What are some Batman movies that feature a new romance along with classic villains like Two-Face?
8078,Can you recommend a sci-fi horror action movie with aliens and a cloned protagonist?
8078,What movie involves scientists cloning a character to fight dangerous extraterrestrial creatures?
8078,I’m looking for an action-packed horror film set in space with alien experiments and a strong female lead—any suggestions?
503919,What are some good psychological thriller movies set in isolated places?
503919,"Can you recommend a dark, eerie drama with supernatural or fantasy elements?"
503919,What movies have a tense atmosphere and focus on characters losing their sanity?
82695,Can you recommend a historical drama set in 19th-century France?
82695,What movie would you suggest if I want a dramatic story about a prisoner being pursued by a relentless policeman?
82695,Do you know any films based on classic novels and stage musicals about the French student revolutions?
6637,Can you recommend an action-adventure mystery movie about solving historical clues and secret treasures?
6637,"What’s a good movie like National Treasure with puzzles, conspiracies, and a fast-paced quest?"
6637,I want a family-friendly adventure film involving a historical mystery and hidden secrets—any suggestions?
2118,Can you recommend a crime thriller set in the 1950s with corrupt cops and a mystery to solve?
2118,What’s a good movie about detectives uncovering a conspiracy in Los Angeles?
2118,Suggest a suspenseful mystery film involving the police force and a brutal diner shooting.
311324,Can you recommend an action adventure movie with fantasy creatures and epic battles?
311324,What’s a movie about defending a famous historical landmark from monsters?
311324,"I want a film with mercenaries, medieval combat, and a huge fantasy war scene"
49049,Can you recommend a gritty sci-fi action movie set in a dystopian future?
49049,"What’s a brutal, fast-paced action film with a law-enforcement vigilante in a futuristic city?"
49049,Can you suggest a movie like a dark comic-book adaptation with intense violence and a strong female villain?
10096,Can you recommend a lighthearted romantic comedy with a fantasy twist about getting a second chance at life?
10096,I'm looking for a movie where a teen magically wakes up as an adult and has to figure out grown-up life. What should I watch?
10096,What’s a fun feel-good comedy about reliving your life with a mix of romance and magic?
353491,Can you recommend a fantasy action movie with sci-fi elements about a parallel world?
353491,What movie involves a boy helping a guardian protect a mysterious tower that keeps universes together?
353491,"I’m looking for a science fiction fantasy adventure with lots of action and a dark, otherworldly setting."
792307,"What are some weird, funny sci-fi romance movies with strong feminist themes?"
792307,"Can you recommend a movie about a woman discovering the world in an unconventional, adventurous way?"
792307,"I’m looking for a quirky period film that mixes comedy, romance, and science fiction."
345920,Can you recommend a heartfelt drama about grief and healing?
345920,What’s a romantic drama that explores loss and finding meaning again?
345920,I’m looking for a movie about coping with tragedy that still feels uplifting.
563,What are some sci-fi action movies about humans fighting alien insect-like creatures?
563,Can you recommend a movie where a soldier rises through the ranks during an interstellar war?
563,I’m looking for a thrilling futuristic adventure with military combat and space bugs.
399404,Can you recommend a historical drama about Winston Churchill during World War II?
399404,What movie should I watch if I want a tense political drama about Britain deciding whether to negotiate with Hitler?
399404,Is there a film about the early days of World War II and the leadership crisis in the British government?
634,Can you recommend a funny romantic movie about a woman figuring out her life and relationships?
634,What’s a good comedy-drama with a relatable female lead who keeps a diary and has complicated love interests?
634,"I’m looking for a lighthearted romance about awkward dating, self-improvement, and unexpected attraction."
85350,Can you recommend a drama about growing up over many years and family relationships?
85350,What are some movies about a boy's life from childhood to adulthood and divorced parents?
85350,I want a coming-of-age drama that follows a kid through school and family struggles.
308266,What are some dark comedy crime movies based on true events about ordinary guys getting in over their heads?
308266,Can you recommend a movie about friends who make a lot of money through a risky business deal with the government?
308266,What’s a movie like The Wolf of Wall Street but centered on weapons dealing and military contracts?
254470,Can you recommend a fun comedy about a college singing group competing in an international music contest?
254470,What movie is about an all-female a cappella team trying to redeem themselves after a public humiliation?
254470,I’m looking for a music comedy sequel with a competitive singing storyline—what should I watch?
316727,Can you recommend an action-horror-thriller about a political candidate trying to end a deadly annual event?
316727,What movie is about a bodyguard protecting a senator during a chaotic night of violence and betrayal?
316727,Suggest a thriller where people must survive a government-sanctioned purge on election night.
2667,Can you recommend a found-footage horror movie with a mysterious disappearance in the woods?
2667,What is a scary mystery movie about filmmakers who go missing while making a documentary?
2667,"Which horror movie has a creepy, realistic vibe and involves three people lost in the forest?"
7485,Can you recommend an action thriller about a sniper who gets framed by the government?
7485,What are some movies like Shooter with a military expert on the run?
7485,I'm looking for a dramatic thriller involving a conspiracy to assassinate the president.
10882,"Can you recommend a classic animated fantasy movie with a princess, fairies, and a curse?"
10882,I'm looking for a family-friendly romance animation with a fairy tale vibe and a princess in danger.
10882,"What’s a good Disney-style movie about an evil fairy, magic, and a sleeping princess?"
9480,Can you recommend a superhero movie about a blind vigilante who uses heightened senses to fight crime?
9480,What fantasy action movies feature a hero with a disability who becomes a crimefighter?
9480,I want a movie like Batman with a darker tone and a masked hero using special abilities.
49849,What are some action-packed sci-fi western movies with aliens?
49849,Can you recommend a movie about cowboys fighting extraterrestrials?
49849,I want a thrilling western with a mysterious stranger and a lot of action—any suggestions?
9836,What are some fun animated family movies about animals with music and dancing?
9836,Can you recommend a comedy movie for kids about an unusual penguin who doesn't fit in?
9836,I'm looking for an uplifting animated film with a cute animal character and a feel-good story.
453405,Can you recommend an action sci-fi thriller about a hitman being hunted by a younger clone of himself?
453405,What movie features an older assassin facing off against a younger version of himself?
453405,I’m looking for a fast-paced adventure thriller with cloning and high-stakes action—what should I watch?
23827,Can you recommend a scary movie about a couple being haunted in their house?
23827,What is a good horror mystery film with a supernatural presence in a suburban home?
23827,I want a movie similar to a demonic haunting that gets more intense at night.
613504,Can you recommend a drama romance about a complicated on-and-off relationship?
613504,What’s a romantic movie where a couple faces a life-changing dilemma?
613504,I’m looking for a movie about intense relationship drama between two lovers.
324849,What are some funny animated superhero movies for families?
324849,Can you recommend an action-comedy movie about Batman?
324849,What are good movies about superheroes and unlikely sidekicks?
4547,Can you recommend a tense home-invasion thriller set mostly in one house?
4547,What’s a crime drama about a mother and daughter trapped in a panic room during a break-in?
4547,I want a suspenseful movie where intruders are hunting for something hidden inside a house—any suggestions?
16996,Can you recommend a funny fantasy movie about getting a second chance at life?
16996,What’s a good comedy where an adult magically turns back into a teenager?
16996,I’m looking for a lighthearted movie about time travel or reliving your youth—any suggestions?
399174,What are some adventure-comedy animated movies with a unique visual style?
399174,Can you recommend a movie about a boy searching for his dog after dogs are banished from the city?
399174,What are some quirky animated films set in a strange dystopian future?
415,Can you recommend a campy action sci-fi adventure movie with comic-book villains and lots of superhero antics?
415,I'm looking for a Batman movie that includes Robin and Batgirl—what should I watch?
415,"What’s a fun, over-the-top superhero film with a villain trying to freeze a city and another villain with plant powers?"
7443,What are some good animated family movies with lots of comedy and teamwork?
7443,Can you recommend a funny movie about animals trying to escape or break free?
7443,What’s a charming kids’ movie with clever humor and an underdog story?
473033,What are some intense crime thrillers with a lot of tension and high-stakes gambling?
473033,Can you recommend a movie about a charismatic but reckless guy making risky bets in New York City?
473033,I’m looking for a fast-paced drama where the main character is juggling family problems and dangerous business deals. What should I watch?
310307,What are some movies about business ambition and entrepreneurship based on true stories?
310307,Can you recommend a drama about the rise of a fast-food empire?
310307,What is a good historical movie about someone taking over and scaling a small company?
9377,What are some fun comedy movies about skipping school and having an adventurous day in the city?
9377,Can you recommend a lighthearted 80s comedy about a charming teen who gets into trouble?
9377,What movies feature a clever student trying to outsmart strict adults and have a memorable day off?
976573,Can you recommend a family-friendly animated movie with romance and comedy?
976573,What’s a movie about two very different characters falling for each other in a colorful fantasy world?
976573,I’m looking for a lighthearted animation about elements or nature-themed characters—any suggestions?
479455,Can you recommend a funny sci-fi action movie about secret agents fighting aliens?
479455,What’s a good adventure comedy with a global spy mission and lots of action?
479455,I’m looking for a lighthearted science fiction movie about an organization protecting Earth from aliens.
1830,Can you recommend a crime thriller about an arms dealer trying to evade Interpol and dangerous rivals?
1830,I’m looking for a dramatic movie about the international weapons trade and the moral fallout of that business.
1830,What’s a suspenseful crime drama featuring a protagonist who travels through war zones and deals with dictators?
524047,Can you recommend a tense disaster thriller about a family trying to survive a global apocalypse?
524047,What’s a good action sci-fi movie where a comet is heading toward Earth and people are racing to safety?
524047,"I want a suspenseful survival movie with a husband, wife, and child traveling through chaos—what should I watch?"
544,What are some funny romantic comedies with an awkward and outrageous love story?
544,Can you recommend a romance comedy with a lot of cringe-worthy but hilarious situations?
544,What’s a good romantic comedy about someone trying to reconnect with an old prom date?
10112,What are some fun family animated movies with cats and adventure?
10112,Can you recommend a lighthearted comedy movie for kids with animals?
10112,What movies are similar to The Aristocats and feature music and lovable animal characters?
76285,Can you recommend a fantasy adventure movie for families with mythical creatures and a quest?
76285,What movie should I watch if I want a young hero battling monsters to save the world?
76285,Is there a family-friendly adventure film about finding a magical artifact to stop an ancient evil?
268896,Can you recommend an action sci-fi movie with giant robots and monster battles?
268896,What’s a good adventure fantasy film about humanity fighting an alien threat?
268896,I’m looking for a high-energy science fiction movie with epic battles and a sequel vibe.
10545,Can you recommend a family-friendly animated drama about an outcast who longs to be accepted?
10545,What movie features a kind-hearted Romani woman standing up to a tyrannical leader in Paris?
10545,"I’m looking for a dramatic Disney-style film about isolation, courage, and finding freedom—any suggestions?"
504172,Can you recommend a crime drama about an elderly man who gets involved in drug trafficking?
504172,What’s a movie where a desperate older guy becomes a courier for a cartel?
504172,I want a drama like The Mule with a retired man caught up in illegal smuggling—what should I watch?
343611,Can you recommend an action thriller about a former military officer who returns to clear a friend's name?
343611,What's a good crime drama where a lone drifter gets pulled back into a military conspiracy?
343611,"Suggest a movie like Jack Reacher with lots of action, suspense, and a false accusation plot"
138103,Can you recommend an action movie about a team of mercenaries taking on an old enemy who comes back for revenge?
138103,What’s a good thriller with lots of explosions and a group of veterans facing off against an arms dealer?
138103,Suggest an adventure action film where an elite team has to stop a ruthless villain from destroying them.
447200,Can you recommend an action thriller about someone framed and on the run who has to rescue their family?
447200,I’m looking for an adventure movie set in a giant burning skyscraper with lots of suspense and action.
447200,What’s a movie similar to Die Hard where a former law enforcement agent has to save his family from a dangerous building?
454,What are some romantic dramas based on classic literature?
454,Can you recommend a modern version of Romeo and Juliet?
454,What movies are stylish and contemporary but still have Shakespearean dialogue?
2770,Can you recommend a raunchy teen comedy about friends trying to have the best summer at a beach house?
2770,What’s a funny romance movie about high school friends reuniting after a year apart?
2770,"Suggest a comedy like American Pie with wild parties, awkward relationships, and lots of summer mischief."
1491,Can you recommend a romantic period thriller with a mysterious illusionist and a royal love triangle?
1491,What movies are like a fantasy drama about a magician trying to win back a woman from a prince?
1491,"I want a suspenseful romance with magic, intrigue, and a twist ending—what should I watch?"
320,Can you recommend a dark psychological thriller about detectives investigating a murder in a remote town?
320,What crime drama is set in a place where the sun never sets and involves a homicide investigation?
320,I’m looking for a tense mystery movie with a morally complicated detective story—what should I watch?
332567,Can you recommend a tense survival thriller set mostly in one isolated location?
332567,What are some horror movies about someone fighting to survive against a shark?
332567,"I want a dramatic, suspenseful movie about being stranded and using ingenuity to survive—any suggestions?"
1265,Can you recommend an adventure drama family movie about two kids who create an imaginary world together?
1265,"What’s a good family movie about childhood friendship, imagination, and growing up?"
1265,Do you know a touching movie for families that mixes adventure with an emotional story about kids?
7551,Can you recommend an action thriller with time travel or time-shifting elements?
7551,What’s a sci-fi thriller about preventing a crime before it happens?
7551,I’m looking for a movie like a high-stakes mystery with government agents and a bomb attack.
667538,What sci-fi action movies have giant robots teaming up to save Earth?
667538,Can you recommend an adventurous movie with Transformers and a battle to protect humanity?
667538,"I want a fast-paced action movie involving aliens, robots, and a world-ending threat."
5559,Can you recommend a family-friendly animated comedy about an insect who goes on an adventure and challenges humans?
5559,What is a funny animated adventure movie for kids that has a clever story about bees or nature?
5559,Suggest a comedy animation movie where the main character tries to change the world after discovering humans are exploiting animals.
11774,Can you recommend a dark family adventure movie with comedy and orphans on the run?
11774,What’s a good quirky kids movie where wealthy children face a wicked relative who wants their fortune?
11774,"I’m looking for a whimsical adventure-comedy for families with a spooky, gothic feel."
11360,Can you recommend a family-friendly animated movie about an underdog who learns to believe in himself?
11360,What’s a good animated movie for kids with a story about friendship and overcoming obstacles?
11360,Do you know any movies about animals with a heartfelt message and positive ending?
27022,Can you recommend a fantasy action movie set in modern-day New York with magic and adventure?
27022,What’s a good movie about a reluctant young apprentice learning sorcery from a powerful wizard?
27022,I’m looking for an adventure film where an unlikely duo teams up to stop an evil sorcerer.
9880,What are some feel-good coming-of-age movies about a shy teen discovering she’s secretly royalty?
9880,Can you recommend a family-friendly romantic comedy with a makeover and princess storyline?
9880,I want movies similar to The Princess Diaries with an awkward girl becoming more confident and glamorous.
1700,Can you recommend a tense psychological thriller about a fan who becomes dangerously obsessed with an author?
1700,What’s a good drama-thriller where someone is held captive and forced to do something against their will?
1700,I’m looking for a suspenseful movie with a remote setting and a terrifying villain—any suggestions?
4944,Can you recommend a dark comedy where ordinary people stumble into a spy-related mess and everything spirals out of control?
4944,"What are some movies like Burn After Reading that mix crime, misunderstandings, and awkward humor?"
4944,"I'm looking for a comedic drama with foolish characters, secrets, and a chain of events that goes very wrong—what should I watch?"
338762,What are some action sci-fi movies about soldiers who get superpowers and seek revenge?
338762,Can you recommend a movie like Terminator or Wolverine with an enhanced soldier and lots of action?
338762,What’s a good adventure sci-fi film about a man brought back to life with advanced technology?
201085,Can you recommend a gothic romance horror movie with a haunted mansion and a mysterious love triangle?
201085,What’s a good mystery horror film that’s also romantic and visually creepy?
201085,"I’m looking for a movie about an aspiring writer, family secrets, and a spooky old house—what should I watch?"
431,Can you recommend a tense sci-fi thriller about strangers trapped in a deadly puzzle-like maze?
431,I’m looking for a mystery movie where a group of people has to work together to escape a strange prison. Any suggestions?
431,"What’s a good thriller with a claustrophobic setting, survival challenges, and an unsettling science fiction premise?"
4248,Can you recommend a goofy horror parody movie set in a haunted mansion?
4248,What’s a funny comedy movie about students staying in a creepy house with lots of scares and ridiculous situations?
4248,I’m looking for a lighthearted spoof of horror films with a group of teens in an evil mansion—any suggestions?
81005,Can you recommend a fantasy adventure movie with giants and a young hero?
81005,What action movies have a farmhand or ordinary person becoming a hero to save a kingdom?
81005,"I’m looking for a family-friendly fantasy film with adventure, romance, and epic battles."
253412,Can you recommend a tense adventure drama based on real historical events?
253412,What are some movies about dangerous mountain climbs and survival in extreme weather?
253412,I’m looking for an inspiring but harrowing film about a real-life expedition gone wrong.
36586,What are some action horror movies with vampires and lots of fighting?
36586,Can you recommend a dark fantasy thriller where a vampire hunter teams up with vampires?
36586,I'm looking for a movie about a supernatural threat that forces enemies to work together.
615,Can you recommend a powerful religious drama about the final hours of Jesus’s life?
615,What are some intense dramatic movies about biblical events?
615,I’m looking for a graphic film about the suffering and crucifixion of Jesus—what should I watch?
9802,Can you recommend an action thriller about stopping a chemical weapons attack on San Francisco?
9802,What’s a good adventure movie where a team has to break into a heavily fortified island prison?
9802,"I’m looking for a tense movie with a rogue military leader, explosions, and a prison break—any suggestions?"
97367,Can you recommend a dark crime drama about a parent who turns to crime to support their family?
97367,What are some movies like a motorcycle stunt rider gets involved in crime and clashes with a cop?
97367,"Suggest a gritty drama about family, crime, and moral choices with a tragic tone."
9740,Can you recommend a crime thriller with a dark and suspenseful atmosphere?
9740,What movie should I watch if I want an intelligent drama about a brilliant criminal and an FBI agent?
9740,Can you suggest a thriller involving a notorious serial killer returning to America and targeting his enemies?
274855,Can you recommend a sci-fi action thriller about a climate-control system that goes wrong and threatens the entire planet?
274855,I'm looking for a movie where global disasters and futuristic technology combine to create a race against time. Any suggestions?
274855,"What’s a thriller with big weather catastrophes, satellite tech, and an international conspiracy to save Earth?"
428078,Can you recommend an adventure sci-fi movie set in a post-apocalyptic world with roaming cities?
428078,I'm looking for a movie where giant moving cities battle each other for resources. What should I watch?
428078,What are some science fiction adventure films with a young hero and a mysterious woman changing his fate?
509967,Can you recommend an action-packed movie with a team of operatives taking down a dictator?
509967,What’s a funny but violent thriller with lots of explosions and international spies?
509967,I want a movie about a billionaire who fakes his death and starts a secret mission team—what fits?
298312,Can you recommend a creepy horror movie about kids visiting their grandparents and uncovering a dark secret?
298312,What’s a good thriller set on a remote farm with a disturbing family mystery?
298312,I’m looking for a suspenseful horror movie with a brother and sister trapped at their grandparents’ house.
425909,What are some funny fantasy adventure movies about kids discovering a family secret and supernatural powers?
425909,Can you recommend a comedy-adventure movie similar to Ghostbusters with a small-town mystery and ghosts?
425909,I’m looking for a family-friendly fantasy comedy about uncovering an inherited legacy involving the paranormal.
693,Can you recommend a comedy about awkward in-law meetings and family chaos?
693,What’s a funny romance movie where the parents of a couple don’t get along?
693,I’m looking for a lighthearted movie about opposites attracting and family tensions—any suggestions?
575264,What are some action thriller movies with a global race to stop a powerful weapon?
575264,Can you recommend an adventure movie where a team has to save the world from a mysterious enemy?
575264,What movies are similar to Mission: Impossible with high-stakes espionage and nonstop action?
88751,Can you recommend an adventurous family sci-fi movie with comedy and action?
88751,I’m looking for a fun movie about explorers discovering a hidden world underground. What should I watch?
88751,"What’s a good movie for kids and adults that mixes science fiction, adventure, and humor?"
286565,Can you recommend a mystery romance about a teenager searching for a girl who disappears after a wild night?
286565,What movie is about a shy boy who has a crush on an adventurous girl and then tries to find her after she goes missing?
286565,I want a coming-of-age drama with romance and mystery where a group of friends goes on a road trip to track down someone enigmatic.
346910,Can you recommend a sci-fi action thriller with alien hunters and a lot of tension?
346910,What’s a movie about soldiers fighting a deadly extraterrestrial threat on Earth?
346910,I want an intense action movie with a sci-fi monster and a small team trying to save humanity.
10865,Can you recommend an animated adventure movie about explorers searching for a lost civilization?
10865,What family-friendly sci-fi movies are there with a journey to a hidden ancient world?
10865,I'm looking for a movie like Indiana Jones but animated and suitable for kids—any suggestions?
2493,What are some adventure movies with romance and comedy that are fun for the whole family?
2493,"Can you recommend a fantasy movie with a princess, true love, and lots of humor?"
2493,"I'm looking for a lighthearted swashbuckling film with swords, приключение, and a fairy-tale vibe."
792,Can you recommend a war movie about a young soldier facing the reality of combat and moral conflict?
792,What’s a good Vietnam War film that shows the brutality and psychological toll of war?
792,I want a gritty drama about soldiers dealing with the horrors of war and difficult ethical choices—what should I watch?
583083,Can you recommend a light romantic comedy about a high school girl dealing with college decisions and a long-distance relationship?
583083,"What’s a fun teen romance movie about friendship drama, a new crush, and relationship complications?"
583083,"I’m looking for a comedy-romance like a sequel where the main character balances love, best friends, and future plans—any suggestions?"
338953,Can you recommend a fantasy adventure movie with magical creatures and a battle between powerful wizards?
338953,What’s a good movie if I want an epic wizarding story with dark magic and a team on a mission?
338953,"Suggest a movie like Harry Potter that involves beasts, magic, and stopping an evil wizard from taking over"
117251,Can you recommend an action thriller set in the White House?
117251,What are some movies like Olympus Has Fallen with a president under attack?
117251,Do you know any dramas where an ordinary person has to save the president during a terrorist takeover?
267860,What are some action thrillers about protecting world leaders during an international crisis?
267860,Can you recommend movies where a secret plot targets politicians at a major event?
267860,I want a fast-paced thriller with assassinations and a bodyguard trying to stop an attack—what should I watch?
109428,Can you recommend a scary horror movie set in a remote cabin where something evil gets unleashed?
109428,What’s a horror film about a group of friends in the woods who accidentally awaken a demon?
109428,I’m looking for a tense supernatural horror movie involving a cursed book and possession.
639933,What are some brutal Viking revenge movies with action and fantasy elements?
639933,Can you recommend a dark adventure movie about a prince seeking vengeance?
639933,What movies are similar to The Northman in terms of mythic storytelling and violence?
23629,"Can you recommend a dark action fantasy movie with a surreal, dreamlike story?"
23629,I’m looking for a thriller about a woman escaping abuse through an imaginative fantasy world—what should I watch?
23629,"What movie mixes action, fantasy, and psychological drama with a group on a mission to collect magical items?"
813,What are some funny disaster movies with a lot of slapstick humor?
813,Can you recommend a comedy about a plane emergency?
813,I’m looking for a parody movie set on an airplane.
476669,What are some action-adventure thrillers about stopping a global conspiracy or war?
476669,"Can you recommend a movie with spies, historical settings, and lots of action?"
476669,I’m looking for a thriller where one hero races against time to stop powerful villains—any suggestions?
941,Can you recommend an action thriller about two very different cops who team up to take down a drug smuggling ring?
941,What’s a good crime movie with lots of action and a buddy-cop partnership that starts off rocky?
941,I’m looking for a tense 80s-style thriller about police investigators going after heroin traffickers — any suggestions?
424139,Can you recommend a scary thriller about a woman facing the killer who has haunted her for years?
424139,What are some horror movies with masked killers and a final confrontation between the survivor and the murderer?
424139,I want a suspenseful slasher movie where the main character returns to face a villain from her past—what should I watch?
522681,What are some horror thriller movies where strangers are trapped in a deadly game and have to solve puzzles to survive?
522681,Can you recommend a mystery movie with a group of people in a high-stakes situation who need to use their wits to escape?
522681,I’m looking for a suspenseful survival movie about strangers forced into dangerous challenges—what should I watch?
2907,Can you recommend a dark comedy about a weird but loving family dealing with a mysterious relative returning after many years?
2907,What’s a fantasy comedy with creepy but funny family members and an impostor in the plot?
2907,Suggest a movie like The Addams Family that mixes spooky humor with family drama and an identity mystery.
507089,Can you recommend a horror thriller about someone taking a night security job at an abandoned place with creepy animatronics?
507089,I want a suspenseful movie set in an eerie old restaurant that turns out to be more dangerous than it looks. Any suggestions?
507089,What’s a scary film with a troubled main character working overnight somewhere haunted and full of secrets?
1061474,What are some action-packed sci-fi adventure movies about superheroes with secret identities?
1061474,Can you recommend a movie about an alien hero balancing his heritage and human life?
1061474,I’m looking for a classic adventure film with a journalist superhero in a city setting.
500664,Can you recommend a dark sci-fi action thriller with revenge and advanced technology?
500664,What’s a movie like Upgrade with a paralyzed protagonist who gains superhuman abilities?
500664,I want a violent sci-fi thriller where an AI or implant helps someone fight back after a tragedy.
298618,What are some action sci-fi adventure movies about time travel and changing the future?
298618,Can you recommend a superhero movie where the hero has to fix a broken timeline?
298618,"What movies are similar to stories about alternate realities, fast-paced action, and saving the world?"
7299,Can you recommend an action sci-fi thriller set in a dystopian future with a totalitarian government?
7299,What’s a movie where emotions are banned and the main character works for the regime before rebelling?
7299,I’m looking for a thriller about a futuristic society controlled by drugs and strict laws — any suggestions?
8065,Can you recommend a drama about a brilliant student who gets pulled into crime to solve money problems?
8065,What movie is about MIT students using their intelligence in a secret gambling scheme?
8065,I’m looking for a crime drama where a poor college student risks everything for a chance at medical school.
9428,Can you recommend a quirky family comedy-drama about estranged siblings and a dysfunctional father trying to make amends?
9428,What movie should I watch if I want a story about a brilliant but deeply troubled family reunited by a parent's return?
9428,Do you know any funny yet bittersweet films about eccentric grown-up children and complicated family relationships?
1878,Can you recommend a darkly funny road trip movie with lots of surreal drug-fueled chaos?
1878,What’s a cult comedy-drama about two guys spiraling out of control in Las Vegas?
1878,I’m looking for a weird adventure movie with outrageous characters and a bizarre desert-to-Vegas journey.
290595,What are some action-adventure movies with evil sisters and a fantasy kingdom?
290595,Can you recommend a movie like Snow White and the Huntsman with dark fairy tale battles?
290595,I want a dramatic fantasy film about heroes stopping powerful queens—any suggestions?
1427,"Can you recommend a dark, atmospheric movie about obsession and murder?"
1427,What are some crime dramas with a fantasy or surreal element?
1427,I want a movie about an unusual genius with an unusual obsession—any suggestions?
1495,What are some epic historical war movies set during the Crusades?
1495,"Can you recommend a movie with political intrigue, battles, and a medieval setting?"
1495,I'm looking for a drama-action film about knights and holy wars in the Middle Ages.
20662,Can you recommend an action-adventure historical drama with a medieval setting and sword fights?
20662,I’m looking for a movie about Robin Hood or a similar outlaw hero with romance and political conflict.
20662,What’s a good historical adventure film featuring a hero posing as someone else and fighting corrupt nobles?
59440,Can you recommend a drama-action movie about brothers competing in a fighting tournament?
59440,I'm looking for a movie where an estranged family member returns home and gets trained for a big competition. Any suggestions?
59440,"What are some good films about mixed martial arts, family conflict, and intense emotional drama?"
686,Can you recommend a thoughtful sci-fi drama about first contact with aliens and the scientific response to it?
686,I’m looking for a mystery science fiction movie where a scientist discovers an extraterrestrial signal and has to make difficult personal choices.
686,What’s a good movie about humanity receiving a message from space that explores both science and faith?
411088,Can you recommend a tense mystery thriller with lots of twists and a murder investigation?
411088,I’m looking for a drama thriller about a businessman accused of a crime and trying to build a defense.
411088,"What’s a suspenseful movie set in Spain with an interrogation, mystery, and courtroom-style tension?"
46529,Can you recommend a sci-fi action movie about a teen on the run with hidden powers?
46529,What’s a good thriller with a teenage hero being hunted by mysterious enemies?
46529,"Suggest an adventure movie like I Am Number Four with aliens, danger, and a secret identity."
34544,Can you recommend an action comedy about a team of ex-soldiers who are framed and go rogue to clear their names?
34544,I'm looking for a crime movie with lots of humor and a group of elite operatives pulling off a high-stakes mission.
34544,What movie features a close-knit military team on the run after being set up for a crime they didn't commit?
433,Can you recommend a family-friendly fantasy movie with music and adventure?
433,What’s a good comedy movie for kids about a magical nanny?
433,I’m looking for a classic movie about children and their distant father that has a whimsical feel.
337170,What are some crime movies based on true stories with a mix of comedy and drama?
337170,Can you recommend a movie about a pilot involved in drug smuggling and covert government work?
337170,What are good movies like Catch Me If You Can that are funny but also based on real criminal events?
15512,Can you recommend a fun animated adventure movie for the family with monsters and aliens?
15512,What movie should I watch if I want a science fiction comedy that’s good for kids?
15512,Do you know any animated movies where a normal person becomes a giant and joins a team of monsters?
504608,What are some good musical dramas about famous singers' lives?
504608,Can you recommend a movie about a real musician’s rise to fame and career struggles?
504608,I’m looking for a biopic with lots of music and emotional drama
395,Can you recommend a sci-fi horror action movie with aliens and monsters battling each other?
395,"I’m looking for an adventure movie set in a harsh, icy location with a creepy buried ancient structure—any suggestions?"
395,What’s a fun action-horror movie where humans get caught in the middle of a fight between two terrifying alien species?
41630,What are some romantic comedies about friends with benefits that turn into real relationships?
41630,Can you recommend a comedy romance where two best friends try to keep things casual but end up falling for each other?
41630,"I'm looking for a light, funny movie about a no-strings-attached relationship that gets complicated—any suggestions?"
9426,What are some horror sci-fi movies about scientists experimenting with dangerous technology?
9426,Can you recommend a movie where a teleportation experiment goes horribly wrong?
9426,What’s a good body horror film about a person merging with an insect?
9659,Can you recommend an action movie with a post-apocalyptic setting and lots of car chases?
9659,What’s a thriller about a ruthless gang terrorizing people in a dystopian future?
9659,"I’m looking for a science fiction movie with intense action and a gritty, dangerous world."
33,What are some good dark western movies about an old outlaw coming out of retirement?
33,Can you recommend a western where a reluctant bounty hunter takes one last job?
33,I’m looking for a gritty revenge western with a corrupt sheriff and intense violence. What should I watch?
696806,What are some fun sci-fi adventure movies with time travel and a comedic tone?
696806,Can you recommend a movie where an adult character teams up with their younger self?
696806,I’m looking for a lighthearted action movie about saving the future through time travel
786892,Can you recommend an action-packed sci-fi adventure set in a post-apocalyptic wasteland?
786892,What are some movies like Mad Max that feature a strong female lead surviving in a brutal desert world?
786892,"I’m looking for a high-energy dystopian film with warlords, biker gangs, and epic battles—what should I watch?"
762504,What are some horror sci-fi movies with an eerie mystery in a remote setting?
762504,"Can you recommend a creepy science fiction movie with a suspenseful, unsettling atmosphere?"
762504,What movies mix alien or otherworldly horror with a strange small-town discovery?
214,Can you recommend a dark horror thriller with a serial killer setting and intense psychological traps?
214,"What’s a good crime horror movie with suspense, violence, and a twisted cat-and-mouse plot?"
214,Suggest a scary thriller where detectives are searching for a killer and ordinary people get pulled into deadly games.
7980,Can you recommend a fantasy drama about a murdered teenager watching over her family from the afterlife?
7980,"What’s a movie like The Lovely Bones with themes of grief, revenge, and family healing?"
7980,I want a heartfelt fantasy drama about a young girl’s spirit after death—what should I watch?
52449,What are some dark comedies about terrible teachers?
52449,"Can you recommend a movie about a lazy, selfish teacher who only cares about money?"
52449,What comedy movies are similar to Bad Teacher?
9398,What are some funny movies about fashion models?
9398,Can you recommend a comedy about a male model?
9398,I want a silly movie with fashion and ridiculous characters—what should I watch?
38050,Can you recommend a sci-fi romance thriller about people fighting fate to be together?
38050,What movies are like The Matrix or Minority Report but with a love story and destiny themes?
38050,I want a tense movie about free will versus fate where the main character chases a woman he loves—any suggestions?
583,"Can you recommend a British comedy that’s full of absurd, satirical humor?"
583,What are some movies like Monty Python that parody religion and politics?
583,I’m looking for a ridiculous comedy about mistaken identity and being mistaken for a messiah.
588,Can you recommend a horror mystery movie about a mother searching for her missing daughter in a creepy town?
588,"What’s a good movie like Silent Hill with a dark, eerie atmosphere and supernatural secrets?"
588,Can you suggest a scary mystery film involving a missing child and a cursed town?
8839,Can you recommend a family-friendly fantasy comedy about a friendly ghost?
8839,"What’s a good movie for kids that mixes ghosts, humor, and a little romance?"
8839,I’m looking for a light-hearted supernatural movie with a teenage lead and lots of comedy—any suggestions?
7451,Can you recommend an action movie with a rebellious anti-hero sent on a dangerous government mission?
7451,What’s a thriller about an adrenaline junkie recruited to infiltrate a criminal organization threatening the world?
7451,I’m looking for an adventure movie with crime and espionage elements where the hero has to stop a global terrorist plot.
9928,Can you recommend an animated family sci-fi comedy about a robot inventor trying to save his world?
9928,What movie is about a young robot who dreams of making the world better and fights an evil industrial takeover?
9928,"I want a fun kids' movie with robots, adventure, and humor—what should I watch?"
9023,What are some good animated adventure movies about animals with a strong story?
9023,Can you recommend a family-friendly movie about a horse and the wild west?
9023,What movies are about a determined animal trying to get back to its home or herd?
14869,What are some action-packed sci-fi adventure movies with military teams fighting a global threat?
14869,Can you recommend a thriller about elite soldiers using advanced technology against a secret organization?
14869,"What movie should I watch if I want a fast-paced adventure with explosions, gadgets, and a battle to save the world?"
335,Can you recommend a classic Western with a strong dramatic storyline set during the railroad expansion in the American West?
335,What are some great movies about a woman arriving in a rough frontier town and trying to start over?
335,"I’m looking for an epic, old-school Western that focuses on land, railroads, and tension in the Arizona desert."
1585,Can you recommend a classic feel-good movie about the importance of family and community?
1585,What’s a good Christmas movie with fantasy elements and an emotional story?
1585,I’m looking for a drama about someone realizing the impact their life has had on others.
446354,Can you recommend a historical drama about journalism taking on the government?
446354,What are some movies based on true events about newspaper publishers fighting a cover-up?
446354,I want a drama with a strong female lead set in the world of newspapers and politics.
296524,Can you recommend a dramatic disaster movie based on a true event?
296524,What’s a good action movie about an oil rig explosion?
296524,I want a tense movie about a real-life industrial catastrophe—what should I watch?
37834,Can you recommend an action-comedy with a glamorous globe-trotting adventure and lots of twists?
37834,"I'm looking for a movie about a fugitive couple on the run that mixes romance, comedy, and danger."
37834,"What are some fun action movies with shifting alliances, betrayals, and a trust-versus-truth storyline?"
3021,Can you recommend a scary mystery movie about a skeptical paranormal investigator?
3021,What is a horror film set in a haunted hotel room that turns out to be genuinely terrifying?
3021,Do you know a movie where someone trying to debunk ghosts ends up experiencing real supernatural horror?
501170,Can you recommend a horror movie with supernatural powers and a dark past?
501170,What’s a good fantasy horror film about a man haunted by childhood trauma?
501170,"Suggest a movie like The Shining with ghosts, psychic abilities, and suspense"
631843,Can you recommend a thriller about people trapped in a strange place where time passes unnaturally fast?
631843,What’s a horror mystery movie about a vacation that turns deadly because the characters start aging rapidly?
631843,I’m looking for a suspenseful film set on a secluded beach with a creepy supernatural twist—any suggestions?
17979,Can you recommend a family-friendly animated Christmas movie with a meaningful moral lesson?
17979,What’s a classic fantasy drama about a bitter man learning to change his life during Christmas?
17979,I’m looking for an emotional holiday movie based on a well-known story about redemption.
97630,Can you recommend a thriller about the hunt for Osama bin Laden after 9/11?
97630,What's a dramatic movie based on the decade-long search for a terrorist leader?
97630,Suggest a serious thriller about military operations to capture or kill a major terrorist leader.
9679,Can you recommend a fast-paced action crime thriller with car chases and a heist plot?
9679,What movie should I watch if I want an ex-thief forced back into one last job to save a family member?
9679,"Do you know any movies about stealing cars, running from the police, and racing against time?"
8329,What are some really intense found-footage horror movies set in one building?
8329,Can you recommend a scary mystery movie where people get trapped inside an apartment complex?
8329,I want a horror film about a reporter following an emergency crew into a dangerous situation—any suggestions?
278154,Can you recommend a fun animated family adventure with lots of comedy and some sci-fi elements?
278154,What movie should I watch if I want a lighthearted adventure about a herd going on a big quest?
278154,Can you suggest an animated comedy for kids that involves saving the world from a cosmic disaster?
9366,Can you recommend a crime thriller about an undercover agent infiltrating the mafia?
9366,What’s a good movie about someone torn between the FBI and mob life?
9366,I’m looking for a tense gangster drama based on an undercover operation—any suggestions?
338766,Can you recommend a gritty modern western about brothers trying to save their family land?
338766,What crime dramas are there about desperate people robbing banks to survive?
338766,"I’m looking for a tense movie set in rural Texas with a serious, dramatic tone. Any suggestions?"
9358,Can you recommend a horror mystery movie about a survivor trying to stop a chain of mysterious deaths after a premonition?
9358,"I'm looking for a thriller with a deadly accident, suspense, and people trying to outrun fate—what should I watch?"
9358,Suggest a movie like Final Destination where someone foresees a disaster and has to save the people who were supposed to die.
2978,Can you recommend a funny fantasy movie with ghosts and supernatural chaos?
2978,What’s a good sequel comedy about a team of ghost hunters getting back together?
2978,I’m looking for a lighthearted movie involving paranormal activity and a bunch of wisecracking heroes.
7518,Can you recommend a funny animated family adventure movie about forest animals dealing with suburbia?
7518,I’m looking for a comedy for kids that has animal characters and a lesson about family—what should I watch?
7518,What’s a good lighthearted animated movie with a mischievous raccoon and a group of woodland creatures?
536554,Can you recommend a creepy sci-fi horror movie about an AI doll that gets too protective?
536554,What are some movies where a child’s toy or robot becomes terrifying because of artificial intelligence?
536554,I want a horror movie with a modern tech twist and a killer doll—what should I watch?
152584,Can you recommend a romantic drama about self-discovery and a first intense relationship?
152584,I’m looking for a movie about a woman exploring her identity and sexuality through a passionate love story.
152584,What’s a character-driven romance where the relationship deeply changes the main character's life?
11322,Can you recommend a crime drama based on a true story about a famous outlaw and the FBI?
11322,What’s a good historical crime movie about bank robbers during the Great Depression?
11322,Do you have any dramas about a charismatic criminal being hunted by law enforcement?
11216,Can you recommend a heartfelt drama about childhood and the love of movies?
11216,What is a romantic film with a nostalgic story about friendship and growing up?
11216,I’m looking for a movie about a filmmaker remembering his youth and a special bond with a projectionist.
12429,Can you recommend a family-friendly animated fantasy movie about a magical sea creature?
12429,"What’s a good movie for kids that involves friendship, the ocean, and a bit of magic?"
12429,I’m looking for an animated film with a whimsical fantasy story and cute characters—any suggestions?
824,What are some romantic movies set in a glamorous historical nightlife scene?
824,Can you recommend a drama with music and a passionate love story?
824,I’m looking for a visually extravagant romance about artists in Paris.
376570,Can you recommend a tense horror-thriller about a woman being stalked in her home?
376570,What are some good suspense movies featuring a deaf protagonist?
376570,I want a scary movie about a home invasion and a cat-and-mouse chase—any suggestions?
147441,Can you recommend an epic historical adventure movie about rebellion and escape?
147441,What’s a dramatic action movie with a biblical story and large-scale battles?
147441,"I’m looking for a movie about Moses, the plagues of Egypt, and the Exodus narrative."
1374,Can you recommend a drama movie about an underdog boxer facing a powerful Soviet opponent?
1374,"What is a good sports drama where the champion travels to train in a harsh, remote location before a major fight?"
1374,Suggest a movie about a high-stakes boxing match during the Cold War era
2268,Can you recommend an adventurous fantasy movie about a young orphan going on a magical quest?
2268,What’s a good fantasy film with a brave child protagonist and an epic journey to the North?
2268,"I’m looking for a movie like Harry Potter or The Golden Compass with magic, adventure, and a chosen-one storyline."
547016,What are some action fantasy movies about immortal warriors with secret powers?
547016,Can you recommend a movie where a team of ancient fighters protect humanity and discover a new immortal?
547016,I want a fantasy action film with long-lived warriors and a secret mission—what should I watch?
526896,Can you recommend a dark superhero movie with science fiction and fantasy elements?
526896,What movie is about a doctor experimenting with a dangerous cure for a rare blood disease?
526896,I’m looking for an action-packed film about a scientist whose treatment goes horribly wrong.
1367,What is a good drama movie about a boxer trying to rebuild his life after a big fight?
1367,Can you recommend a movie about a champion boxer seeking a rematch to restore his reputation?
1367,What’s a dramatic sports movie where two rivals face off again in a brutal final fight?
1735,Can you recommend an action-adventure fantasy movie with mummies and ancient curses?
1735,I'm looking for a fun archaeologist adventure movie set in China with supernatural elements.
1735,"What’s a movie like The Mummy with epic battles, tombs, and an resurrected emperor villain?"
10830,Can you recommend a family-friendly fantasy comedy about a gifted child who stands up to cruel adults?
10830,"What’s a good movie for kids that mixes humor, magic, and school-life adventures?"
10830,I’m looking for a movie similar to Matilda with a smart young girl using special powers against a nasty principal.
2787,Can you recommend a sci-fi thriller with a group stranded on a hostile planet and creatures that only attack in the dark?
2787,What action movies are there where survivors have to team up with a dangerous criminal to stay alive?
2787,"I’m looking for a suspenseful science fiction movie with a crash landing, monsters, and a blackout or eclipse setting."
134374,Can you recommend a dark comedy crime movie with a lot of action and outrageous events?
134374,What’s a funny but violent movie about a botched kidnapping and extortion scheme?
134374,I’m looking for a crime comedy based on true events with bodybuilder characters and plenty of action.
149,Can you recommend an animated sci-fi action movie with a dystopian city and psychic powers?
149,What are some movies like Akira with biker gangs and intense futuristic chaos?
149,I’m looking for a dark anime film about a secret military experiment gone wrong. Any suggestions?
103663,Can you recommend a drama about a teacher whose life is turned upside down by a child’s false accusation?
103663,I’m looking for a movie about custody struggles and a man whose life improves before one lie destroys everything.
103663,"What’s a dramatic film about a lonely teacher, his son, and how an innocent lie shatters his life?"
5503,Can you recommend an action thriller about someone wrongly accused who has to prove their innocence?
5503,What’s a good drama-thriller where the main character is on the run after escaping from the law?
5503,I’m looking for a movie about a man trying to find the real killer after being convicted of murder—any suggestions?
492,"What are some weird, surreal comedies with a dark sense of humor?"
492,Can you recommend a fantasy movie that is also a drama about identity and control?
492,I want a movie about strange mind-bending body-swapping or entering someone else's head
9603,"I’m looking for a funny romantic comedy set in high school with a stylish, popular main character—any recommendations?"
9603,"Can you recommend a lighthearted 90s comedy about makeover, friendship, and teen romance?"
9603,"What’s a good movie about a wealthy, socially savvy girl who tries to help others find love?"
514999,What are some funny mystery movies set on a trip or vacation?
514999,Can you recommend a comedy about solving a murder on a yacht or cruise?
514999,I want a lighthearted crime movie with a married couple investigating a killing—what should I watch?
1233413,Can you recommend a horror-thriller about twins returning home and uncovering a dark evil?
1233413,What are some action horror movies where characters come back to their hometown and face something supernatural?
1233413,"I’m looking for a thriller with brothers, suspense, and a disturbing hometown mystery—any suggestions?"
369885,"Can you recommend a World War II movie with espionage, romance, and suspense?"
369885,What’s a good war drama where two agents fall in love during dangerous missions?
369885,I’m looking for a thriller set in WWII with action and a romantic storyline—any suggestions?
438695,What are some good animated family movies with music and comedy?
438695,Can you recommend a fun movie about animals putting on a show?
438695,"What movies are similar to Sing and have a mix of singing, humor, and family themes?"
14306,What are some funny family movies about life with a dog?
14306,Can you recommend a comedy about a young married couple and their pet?
14306,"I want a heartwarming movie about family, marriage, and a mischievous dog."
9637,Can you recommend a funny mystery adventure movie with a spooky amusement park setting?
9637,What family-friendly comedy movies feature a group of friends solving a supernatural mystery?
9637,I want a lighthearted adventure movie about investigators uncovering strange happenings at a creepy island resort.
1577,Can you recommend a horror-action sci-fi movie with zombies and a city under quarantine?
1577,What’s a movie like Resident Evil: Apocalypse where soldiers team up to rescue someone in a deadly outbreak?
1577,I’m looking for an action horror film about a viral apocalypse and surviving against mutated zombies.
10947,Can you recommend a fun family musical movie about high school students falling in love?
10947,What’s a good teen comedy with music and romance set in a high school?
10947,I’m looking for a light TV movie about students in a school musical—any suggestions?
1578,Can you recommend a dark sports drama about a boxer with a self-destructive temper?
1578,What are some intense biographical dramas about famous athletes?
1578,I’m looking for a gritty movie about a boxer whose personal life falls apart because of his violence.
279,What are some good historical dramas about famous composers and rivalry?
279,Can you recommend a movie about jealousy and competition in the classical music world?
279,What films explore the life of Mozart or another legendary musician?
193756,Can you recommend a war movie about a Navy SEAL mission that goes horribly wrong?
193756,What’s a good action-drama based on a true military story with intense combat?
193756,I want a suspenseful movie about soldiers trapped behind enemy lines in Afghanistan — any suggestions?
4233,What are some good horror mystery movies with a killer in a masked costume?
4233,Can you recommend a suspenseful slasher movie set around college life?
4233,What movies are like Scream and involve a new series of murders after the first killing spree?
9602,What are some funny romantic movies about a prince going undercover in New York?
9602,Can you recommend a comedy about a rich foreign royal trying to fit in as an ordinary person?
9602,What movie is about someone moving to Queens and starting a new life while looking for love?
397243,Can you recommend a horror mystery movie with a creepy autopsy and an unidentified corpse?
397243,What’s a suspenseful horror film about coroners uncovering strange secrets from a mysterious body?
397243,I want a scary movie with a small cast and a tense investigation into a dead woman’s cause of death—any suggestions?
8916,What are some animated comedy movies for families with a clever story and insect characters?
8916,Can you recommend a family-friendly animated movie about an underdog who gets mixed up in an adventure?
8916,What’s a funny animated movie similar to a bug world story with action and romance?
6477,What are some family-friendly comedy movies about talking animals or singing creatures?
6477,Can you recommend a fun fantasy animation movie for kids with music and humor?
6477,What movies are similar to a lighthearted family comedy featuring mischievous animal characters?
49046,Can you recommend a war drama about young soldiers who discover the brutal reality of combat?
49046,What are some movies set during World War I that show the horrors of the front lines?
49046,I’m looking for a serious anti-war film about the impact of war on idealistic recruits.
1885,Can you recommend a feel-good coming-of-age martial arts movie about an underdog who learns from a wise mentor?
1885,"What’s a good family-friendly drama with bullying, training, and a big tournament showdown?"
1885,"I’m looking for an action movie where a teenager moves to a new town, faces bullies, and gets help from an unexpected mentor."
391,Can you recommend a gritty Western with a lone antihero who manipulates rival gangs for his own gain?
391,I'm looking for a classic spaghetti Western about a mysterious drifter who plays both sides of a town feud.
391,"What are some Western movies with a tense standoff between bandits, lawmen, and a stranger in the middle?"
9533,Can you recommend a dark psychological thriller with serial killers and FBI investigation?
9533,What are some horror-thrillers similar to Hannibal Lecter movies?
9533,I’m looking for a crime movie with a tense cat-and-mouse chase and a disturbing killer — any suggestions?
45317,Can you recommend a drama about an underdog boxer making an unlikely comeback?
45317,What are some movies like Rocky that focus on a fighter’s rise to the top?
45317,Suggest a sports drama about family struggles and boxing success
1701,Can you recommend an action thriller with a plane hijacking and escaped prisoners?
1701,What crime movies are similar to Con Air?
1701,I want a high-energy 90s action movie with a tough hero and lots of criminals—any suggestions?
785084,Can you recommend a deeply emotional drama about a reclusive person trying to reconnect with their estranged child?
785084,What movie is about a man dealing with severe obesity who wants one last chance to make things right with his daughter?
785084,"I’m looking for a sad, character-driven drama about redemption and family reconciliation—what should I watch?"
133805,Can you recommend a dark horror drama about a bullied teenager with supernatural powers?
133805,What’s a movie like Carrie with an abused teen and a creepy religious parent?
133805,I want a horror film centered on high school bullying and telekinesis—what should I watch?
493529,What are some fun fantasy adventure movies with a lot of humor and a heist plot?
493529,"Can you recommend a lighthearted movie with thieves, magic, and an unlikely team of heroes?"
493529,I'm looking for an action-packed fantasy comedy similar to a quest movie with a band of misfits.
823464,What are some action-packed sci-fi adventure movies with giant monsters fighting together?
823464,Can you recommend a movie where Godzilla and Kong team up against a bigger threat?
823464,I want a big-budget monster movie with lots of action and adventure—what should I watch?
9522,Can you recommend a funny romantic movie about guys who crash weddings and end up falling in love?
9522,What are some comedy movies with a mix of romance and outrageous dating schemes?
9522,I want a lighthearted romance about bachelor antics and unexpected true love — any suggestions?
109418,Can you recommend a lighthearted comedy about a group of adult friends dealing with family and school-day chaos?
109418,What’s a funny movie about grown-ups learning lessons from their kids on the last day of school?
109418,I’m looking for a comedy set in a small town with a lot of silly family and friendship moments.
76,What are some romantic dramas about two people falling in love over the course of one night?
76,"Can you recommend a movie with deep conversations, walking around a city, and a slow-burn romance?"
76,"I want a quiet, realistic love story about strangers meeting and connecting while traveling—what should I watch?"
4347,Can you recommend a dramatic romance with a tragic misunderstanding and emotional consequences?
4347,What’s a good movie about forbidden love and a false accusation that changes everything?
4347,I’m looking for a heartfelt period drama romance with intense guilt and regret—any suggestions?
1907,What are some adventure movies set in tropical locations with a mysterious quest?
1907,Can you recommend a dramatic thriller about travelers searching for a hidden paradise?
1907,What romance movies involve an exotic beach setting and a sense of danger?
136797,Can you recommend an action movie about street racing and revenge?
136797,What's a thriller with illegal car races and a big cross-country chase?
136797,Do you know a crime drama where someone gets framed and then goes after revenge through a race?
71552,Can you recommend a comedy about old high school friends reuniting after many years?
71552,What movie is about people going back to their hometown for a class reunion?
71552,I'm looking for a funny movie about longtime friends reconnecting at a high school reunion.
840,Can you recommend a thoughtful science fiction movie about UFO encounters and mysterious contact with aliens?
840,What’s a classic sci-fi drama that follows an ordinary person being drawn to a strange extraterrestrial event?
840,I’m looking for a movie about a man obsessed with a supernatural or alien encounter in the wilderness—any suggestions?
400155,What are some fun animated family comedies about monsters going on a vacation?
400155,Can you recommend a fantasy comedy movie where Dracula goes on a cruise?
400155,What movie should I watch if I want a lighthearted kids' film with vampires and a romantic subplot?
581,Can you recommend a historical drama western with strong Native American themes?
581,What’s a good adventure movie about a soldier who befriends a Native American tribe?
581,I’m looking for a classic frontier film with both action and emotional depth — any suggestions?
508965,Can you recommend an animated family movie with a heartfelt friendship and holiday spirit?
508965,What’s a good comedy movie about a selfish character who learns to care about others?
508965,"I’m looking for a warm, feel-good movie set in a gloomy town that becomes joyful—any suggestions?"
10515,Can you recommend an adventurous animated fantasy movie with action and family-friendly themes?
10515,What are some movies about kids searching for a magical floating castle while being chased by pirates?
10515,I’m looking for a classic animated adventure with a magic crystal and a strong sense of wonder—any suggestions?
1903,Can you recommend a mind-bending romantic sci-fi mystery with a twist ending?
1903,"What’s a movie like Inception that mixes romance, psychology, and reality-bending сюрреалism?"
1903,Suggest a film about a wealthy playboy whose life unravels after a mysterious accident and he can’t tell what’s real.
985939,Can you recommend a thriller about people trapped high up with no way down?
985939,I'm looking for a survival movie with intense heights and lots of suspense.
985939,What’s a good thriller about friends facing a dangerous situation after an extreme climb?
9732,Can you recommend an animated family movie with romance and adventure about a young lion finding his place?
9732,"What’s a good sequel for kids that mixes drama, adventure, and a heartfelt love story?"
9732,"Suggest a Disney-style movie about royalty, family conflict, and two characters from rival groups falling in love."
55721,What are some funny movies about friendship and weddings?
55721,Can you recommend a comedy-romance about a messy woman trying to support her best friend’s big day?
55721,I’m looking for a movie like Bridesmaids with wedding chaos and female friendship.
302401,Can you recommend a thriller based on true events about government surveillance and whistleblowing?
302401,What movie should I watch if I want a drama about a real-life whistleblower exposing classified information?
302401,Do you know any history-based crime thrillers about leaks from the intelligence community?
10137,Can you recommend a family-friendly fantasy comedy about an unusual new family member?
10137,I’m looking for an adventurous kids’ movie with animals and a positive message.
10137,"What’s a lighthearted movie for children that mixes comedy, fantasy, and family themes?"
399035,What are some action thrillers about an ordinary person who gets pulled into a dangerous conspiracy during a commute?
399035,"Can you recommend a mystery movie with suspense, action, and a regular businessman caught in a criminal plot?"
399035,I want a thriller where a daily routine turns into a life-or-death situation for the main character.
34851,What are some sci-fi action thrillers where a group of deadly people are hunted on an alien planet?
34851,Can you recommend a movie about killers forced to survive against alien hunters?
34851,I want an intense extraterrestrial survival movie with action and suspense—what should I watch?
11886,Can you recommend an animated family adventure movie with a heroic outlaw and medieval setting?
11886,What’s a fun Disney-style movie about Robin Hood and his band of merry men?
11886,"I’m looking for a kids’ adventure film with animals, a villainous prince, and a clever hero."
945961,Can you recommend a scary sci-fi movie set in space with aliens?
945961,What horror movies involve a group of people exploring a derelict space station?
945961,I want a tense science fiction thriller with young characters fighting a terrifying creature in space
9800,Can you recommend a drama about legal battles and discrimination?
9800,What is a good movie about an unlikely friendship forming during a lawsuit?
9800,I want a serious film about AIDS discrimination and fighting prejudice—what should I watch?
11423,Can you recommend a dark crime thriller based on a true serial killer investigation?
11423,What’s a tense detective movie about an unsolved murder case with a disturbing killer?
11423,I’m looking for a gritty Korean thriller about cops hunting a serial rapist and murderer.
9016,Can you recommend a sci-fi adventure movie for the whole family with a young hero and a treasure hunt?
9016,What animated fantasy movies are like a space version of Treasure Island?
9016,"I want a fun family-friendly movie with pirates, space travel, and lots of action—what should I watch?"
305470,Can you recommend a sci-fi action movie about teens who become superheroes to save the world?
305470,What’s a good adventure movie where a team of young heroes has to band together against an alien threat?
305470,Do you know any action movies about ordinary teenagers discovering they’re destined to protect their town and planet?
123553,Can you recommend a fantasy action movie about a teenager who discovers hidden powers and a secret world?
123553,"What’s a mystery adventure film with demons, vampires, and supernatural warriors?"
123553,"Do you know any movies like The Mortal Instruments: City of Bones with a young hero, magic, and an alternate realm?"
63311,Can you recommend a dark psychological thriller with creepy medical experiments and a twisted plot?
63311,"I'm looking for a movie about obsession, identity, and a surgeon with a disturbing secret—what should I watch?"
63311,"What are some intense horror-thrillers with mystery, suspense, and a shocking storyline?"
5175,What are some fun action comedies like Rush Hour 2?
5175,Can you recommend a crime movie with lots of fighting and humor?
5175,What movies are similar to Rush Hour with buddy-cop banter and martial arts?
227156,Can you recommend a thought-provoking sci-fi drama about a society without emotions or choices?
227156,What movie is like The Hunger Games but set in a controlled futuristic community?
227156,I'm looking for a film where a young person discovers the dark truths behind a seemingly perfect world.
325133,"Can you recommend a raunchy comedy about neighbors causing chaos again, like the first Neighbors movie?"
325133,I’m looking for a funny movie where a family has to deal with wild college students moving in next door—any suggestions?
325133,What’s a good comedy about parents teaming up with former rivals to fight back against rowdy sorority girls?
134,What are some funny adventure movies set in the 1930s with a crime story?
134,Can you recommend a movie about escaped convicts searching for treasure?
134,What’s a good comedy with a Southern setting and a chase by law enforcement?
417859,Can you recommend an animated adventure comedy with action and family-friendly humor?
417859,What’s a fun family movie about a clever outlaw hero and a big quest?
417859,I’m looking for a movie similar to Shrek with adventurous animal characters and lots of comedy.
381341,Can you recommend a drama about friends who reveal secrets during a dinner party?
381341,What’s a movie where a group of people share their phone messages and things go wrong?
381341,I’m looking for a tense relationship drama centered on a dinner conversation—any suggestions?
8699,What's a funny movie about a male TV news anchor whose life gets disrupted by a talented new reporter?
8699,Can you recommend a comedy set in the 1970s with a rivalry between co-anchors at a local news station?
8699,I'm looking for a hilarious movie about an arrogant anchorman whose world changes when a woman joins the newsroom.
639,What are some romantic comedies about friends falling in love?
639,Can you recommend a movie about the complexities of male-female friendship?
639,What’s a classic feel-good movie with witty dialogue and relationship drama?
90,What are some funny action movies about a clever cop solving a murder in a rich city?
90,Can you recommend an 80s crime comedy with a street-smart detective who goes to Beverly Hills?
90,I want a lighthearted action movie where a cop bends the rules to investigate his friend’s death.
16859,What are some feel-good animated fantasy movies for families?
16859,Can you recommend a movie about a young witch finding her place in a new town?
16859,"What are some charming movies with magic, independence, and a coming-of-age story?"
6947,Can you recommend a mystery thriller set in an isolated village with a creepy atmosphere?
6947,What’s a drama-thriller about a secluded community and dark secrets?
6947,I’m looking for a movie where someone tries to leave a hidden town and uncovers something unsettling. Any suggestions?
4133,What are some crime dramas based on real-life drug trafficking stories?
4133,Can you recommend movies about the rise of a cocaine empire in the 1970s?
4133,What films are similar to stories about Pablo Escobar and the drug trade?
36955,What are some action thrillers with a secret agent who has to balance family life and dangerous missions?
36955,"Can you recommend a movie about espionage, terrorists, and a husband suspecting his wife is cheating?"
36955,"I want an action movie with lots of humor, international missions, and a spouse caught in the middle of the chaos."
7737,Can you recommend a horror-action sci-fi movie about surviving a zombie apocalypse and escaping a dangerous corporation?
7737,What’s a good movie with survivors traveling through a desert after a city-wide outbreak?
7737,I’m looking for a post-apocalyptic zombie film with a strong female lead and lots of action—any suggestions?
484247,Can you recommend a thriller with mystery and dark comedy about a woman’s mysterious disappearance?
484247,"What’s a movie similar to Gone Girl that mixes suspense, secrets, and comedy?"
484247,I want a film about a suburban mom getting pulled into a twisted investigation—any recommendations?
9286,Can you recommend a horror movie about a deadly premonition and people trying to escape death?
9286,What’s a scary movie with a rollercoaster disaster and a mystery about fate?
9286,I want a thriller where a high school student sees a fatal accident before it happens—any suggestions?
1452,Can you recommend a sci-fi action adventure movie about Superman coming back after a long absence and facing Lex Luthor again?
1452,What’s a good superhero movie where the hero returns to find that everyone has moved on and a villain is plotting revenge?
1452,Suggest a movie with action and adventure where Superman must stop Lex Luthor from causing a global disaster.
91586,Can you recommend a scary movie about a family haunted by spirits and dark secrets?
91586,What’s a good horror thriller involving the spirit world and a haunted house?
91586,I want a tense supernatural horror movie with a cursed family and lots of jump scares.
291870,What are some raunchy comedy movies about an unexpected road trip with a wild older relative?
291870,Can you recommend a funny movie about a straight-laced guy whose plans get derailed by a crazy family member?
291870,"I’m looking for a spring break comedy with frat parties, karaoke, and lots of outrageous humor."
12153,Can you recommend a comedy about undercover cops pretending to be someone else?
12153,What are some crime comedies with mistaken identity and disguise?
12153,I’m looking for a funny movie where guys go undercover as women—any suggestions?
138697,Can you recommend a romantic comedy-drama about someone struggling with unrealistic expectations from porn and trying to find real intimacy?
138697,What’s a movie about a New Jersey guy who is close to his family and church but has trouble with relationships because of his porn habits?
138697,"Can you suggest a funny but serious film about dating, relationships, and learning to have healthier expectations about love?"
27581,Can you recommend a funny action movie about two mismatched cops who get caught up in a big case?
27581,I’m looking for a comedy with buddy-cop vibes and plenty of action—what should I watch?
27581,What’s a good movie where underdog detectives get a chance to prove themselves on the job?
9273,Can you recommend a silly comedy-adventure movie with a clueless detective on a wild rescue mission?
9273,What's a funny crime comedy set in an exotic location with lots of slapstick and chaos?
9273,"Can you suggest a lighthearted adventure movie involving a missing animal, tribes, and a race against time?"
8835,What are some funny movies about a fashion-loving woman who goes to law school and surprises everyone?
8835,Can you recommend a comedy where the main character gets dumped and then reinvents herself at Harvard?
8835,I want a lighthearted movie about a confident blonde girl proving she's smarter than people think.
339988,Can you recommend a thriller about a young tech worker who gets caught up in privacy and surveillance issues at a powerful internet company?
339988,"What are some movies like The Social Network but with a darker sci-fi twist about big tech, monitoring, and corporate control?"
339988,"I’m looking for a dramatic sci-fi thriller about technology, freedom, and a woman rising inside a huge corporation—any suggestions?"
406,Can you recommend a gritty drama about urban unrest and police tension?
406,What are some movies about three friends from the suburbs dealing with violence and social inequality?
406,I want a serious French drama that explores life after riots and the conflict between youth and authority.
10719,What are some funny family movies with a Christmas setting?
10719,Can you recommend a feel-good fantasy comedy about a misfit finding his real family?
10719,What movies are similar to Elf with holiday humor and heart?
19404,Can you recommend a romantic comedy-drama about two people falling in love against family expectations?
19404,"I want a classic Bollywood movie with romance, humor, and family conflict. What should I watch?"
19404,Suggest a feel-good love story about an NRI and an arranged marriage that turns into a chase for true love.
525,Can you recommend a funny crime movie with a lot of music and singing?
525,What movie is about brothers reuniting a band to save their childhood home?
525,I want a comedy with car chases and classic blues music—what should I watch?
2698,Can you recommend a family-friendly fantasy comedy about building an ark after being told by God to prepare for a flood?
2698,What movie is like a lighthearted comedy where a politician has to build an ark because of a divine message?
2698,I’m looking for a funny fantasy film for the whole family that involves Noah’s Ark-style flood preparations.
635302,What are some good animated action fantasy movies with demon hunters and intense fight scenes?
635302,Can you recommend a movie about a group of heroes boarding a train to battle a powerful demon?
635302,I’m looking for a fantasy action anime movie with emotional stakes and epic battles—what should I watch?
924,What are some horror movies about survivors trapped in a mall during a zombie outbreak?
924,Can you recommend a science fiction zombie movie with a group of people trying to survive the apocalypse?
924,What’s a good horror movie where flesh-eating zombies overrun the world and the characters hide in a shopping mall?
637920,Can you recommend a heartbreaking drama about a father trying to clear his name after being wrongly accused of killing a child?
637920,What are some emotional movies about a parent with a disability fighting to reunite with their daughter?
637920,"I’m looking for a powerful prison drama that involves innocence, family separation, and a very sad story—any suggestions?"
9495,Can you recommend a dark fantasy action movie about someone coming back from the dead to get revenge?
9495,I'm looking for a thriller with supernatural elements and lots of action—any suggestions?
9495,What movies are similar to a revenge story involving a resurrected rock guitarist?
4256,Can you recommend a silly comedy movie with aliens and a lot of parody humor?
4256,What’s a funny movie about a news reporter dealing with crop circles and weird videotapes?
4256,I’m looking for a lighthearted spoof film about an alien invasion and chaotic расслед?
378064,"Can you recommend a heartfelt animated drama about bullying, regret, and redemption?"
378064,I'm looking for a romance movie that also deals with serious emotional themes and personal growth.
378064,"What are some movies about misunderstood teenagers, friendship, and learning to make amends?"
9820,Can you recommend a lighthearted family comedy about twins who switch places?
9820,What’s a good romance movie with a clever kids’ prank and reunited parents?
9820,"I want a fun movie about sisters, family drama, and summer camp hijinks. Any suggestions?"
387426,Can you recommend a movie about a girl trying to save her animal friend from a big corporation?
387426,I'm looking for an adventure drama with science fiction elements and a strong environmental message.
387426,"What are some movies like Free Willy but with a darker, futuristic twist?"
764,Can you recommend a scary horror movie about a group of friends finding an ancient cursed book in a secluded cabin?
764,What is a classic horror film set in a remote cabin in the woods with supernatural possession?
764,I want a horror movie with college students trapped in a creepy wilderness cabin and facing evil forces.
558449,Can you recommend an epic action-adventure movie set in ancient Rome with gladiator fights and political drama?
558449,What’s a good movie about revenge and honor in the Roman Empire with intense arena combat?
558449,Suggest a dramatic historical action film like Gladiator with a hero forced to fight in the Colosseum.
37136,What are some funny crime movies with slapstick and silly detectives?
37136,Can you recommend a comedy movie about a clumsy cop solving a murder or assassination plot?
37136,I want a lighthearted movie involving an undercover investigation and lots of ridiculous police antics.
136400,Can you recommend an action comedy about two undercover agents who get double-crossed while investigating each other?
136400,What’s a good crime movie where cops are set up by the mob and have to team up to clear their names?
136400,"I’m looking for a funny, fast-paced action film with undercover work, betrayal, and lots of twists—any suggestions?"
4327,Can you recommend an action-comedy with a female-led team of spies and martial arts?
4327,What are some adventurous crime-fighting movies with lots of disguise and espionage?
4327,I want a fun blockbuster about secret agents taking down a mastermind—what should I watch?
1996,Can you recommend an action-adventure movie with a female treasure hunter and ancient artifacts?
1996,What’s a fantasy adventure film with a globe-trotting archaeologist and a search for a powerful relic?
1996,I’m looking for a movie like Indiana Jones but with a strong female lead and lots of action.
213,Can you recommend a classic thriller with a mistaken-identity plot and nonstop suspense?
213,What are some adventure movies with a cross-country chase and plenty of action?
213,I’m looking for a suspenseful spy thriller with an ordinary person caught up in something dangerous—any suggestions?
51828,Can you recommend a romantic drama about two people whose lives are followed over many years after one special night together?
51828,What’s a movie like about friends or lovers checking in on the same date every year to see how their lives have changed?
51828,I’m looking for a heartfelt drama-romance about missed chances and an on-again off-again relationship across years.
72545,Can you recommend an adventure movie with action and science fiction elements about searching for a lost person on a mysterious island?
72545,I'm looking for a fun family adventure film where the characters go on a dangerous mission to find someone missing on a mythical island. What would you suggest?
72545,What movie should I watch if I want an action-packed sci-fi adventure involving a journey to a mysterious island to find a grandfather?
203833,Can you recommend a heartfelt World War II drama about a young girl and the power of books?
203833,I’m looking for a movie set in Nazi Germany that focuses on compassion and survival rather than battle scenes. Any suggestions?
203833,What’s a good dramatic film about a child helping and connecting with others during WWII?
329996,Can you recommend a family fantasy adventure movie about an elephant that can fly?
329996,What movie should I watch if I want a heartwarming circus story with magical elements?
329996,Is there a good adventure film for kids that features animals and a hidden dark secret?
1371,Can you recommend a sports drama about a boxer who has to regain his confidence after a crushing loss?
1371,I'm looking for a movie where a champion teams up with an old rival to train for a comeback. Any suggestions?
1371,What’s a dramatic boxing movie with intense fights and a story about finding your fighting spirit again?
2789,Can you recommend an action sci-fi movie about a lone antihero fighting to save humanity?
2789,What’s a good science fiction film with epic battles on strange deadly planets?
2789,I’m looking for a movie where an escaped convict becomes the last hope for the universe.
57165,What fantasy adventure movies feature Greek mythology and gods losing power?
57165,Can you recommend an action movie about a hero fighting Titans and other mythological creatures?
57165,I'm looking for a movie like Clash of the Titans with Perseus and epic battles against ancient monsters
3580,Can you recommend a crime drama based on a true story about a mother searching for her missing child?
3580,What are some mystery movies set in the 1920s with corruption and a wrongful police cover-up?
3580,I want a dramatic thriller about a parent who believes the child returned to them is an impostor—any recommendations?
186,What are some crime thrillers with a complicated plot and unexpected twists?
186,Can you recommend a suspenseful movie about a man caught between rival mob bosses?
186,"I’m looking for a mystery thriller with assassins, crime lords, and a clever protagonist—any suggestions?"
938,Can you recommend a classic Western about bounty hunters tracking a ruthless bandit?
938,What’s a good spaghetti Western with anti-heroes and a high-stakes manhunt?
938,I want a Western movie where two gunmen team up to hunt down a sadistic outlaw—any suggestions?
9919,Can you recommend a light romantic comedy about two people trying to win and lose each other on a deadline?
9919,I'm looking for a funny romance with a bet or challenge between the main characters—what should I watch?
9919,What’s a good feel-good rom-com with lots of playful deception and chemistry between the leads?
270946,What are some funny animated adventure movies for the whole family?
270946,Can you recommend a comedy movie with animal characters and a secret agent plot?
270946,I'm looking for a family-friendly animated movie with action and a villain trying to take over the world.
116741,Can you recommend a comedy about middle-aged guys trying to start over at a tech company?
116741,What are some funny movies about older adults competing with much younger coworkers at an internship?
116741,I’m looking for a lighthearted film about two friends who get laid off and then become interns at a big internet company.
164,Can you recommend a romantic comedy-drama with an eccentric New York setting?
164,What movie is about a free-spirited woman and a writer who becomes her neighbor?
164,"I want a classic film that mixes romance, humor, and a bittersweet story—what should I watch?"
2270,Can you recommend an adventure fantasy romance movie with a magical quest and a bit of family-friendly charm?
2270,What’s a good movie about someone traveling to a magical land to find a fallen star for the person they love?
2270,I want a fantasy adventure with romance and a hidden identity—what movie should I watch?
571,Can you recommend a scary thriller about animals attacking a town?
571,What’s a classic horror movie where nature turns deadly?
571,I want a suspenseful movie with birds or wildlife terrorizing people—what should I watch?
590223,Can you recommend an adventure comedy with monsters and a romantic subplot?
590223,What’s a fun post-apocalyptic fantasy movie about surviving monsters and finding love?
590223,I want a lighthearted monster movie with humor and a journey to reunite with someone—what should I watch?
399057,"Can you recommend a dark psychological thriller with a disturbing, unsettling atmosphere?"
399057,What’s a good drama mystery about a successful doctor whose family life starts to unravel?
399057,"I’m looking for a tense thriller with weird, ominous relationships and moral tension."
272693,Can you recommend a lighthearted teen romance comedy about a girl dealing with high school popularity labels?
272693,What's a funny coming-of-age movie where an unpopular girl teams up with a charming jock to reinvent herself?
272693,I want a movie like Mean Girls but with more romance and self-acceptance—what should I watch?
9392,Can you recommend a horror movie about a cave expedition gone wrong?
9392,What’s a good adventure-horror film set underground with monsters?
9392,Suggest a scary movie where a group gets trapped in a cave and has to survive
360920,What are some good animated family movies about Christmas and holiday celebrations?
360920,Can you recommend a funny fantasy movie for kids that takes place around Christmas?
360920,I’m looking for a movie where a grumpy character tries to ruin Christmas but ends up changing their mind—what should I watch?
869,What are some sci-fi adventure movies with humans trapped on a strange planet ruled by intelligent apes?
869,Can you recommend a thrilling action movie about an astronaut crash-landing and fighting to survive on an alien world?
869,"I want a movie like Planet of the Apes with talking apes, danger, and a race to get back home. What should I watch?"
537996,Can you recommend a darkly funny Western anthology movie with multiple short stories set in the Old West?
537996,"What’s a good Coen Brothers-style movie that mixes comedy, drama, and Western themes?"
537996,"I’m looking for a quirky, violent, and somewhat philosophical Western film—any suggestions?"
503736,"Can you recommend a movie that mixes zombies, action, and a heist plot?"
503736,What's a good crime action horror movie set during a zombie outbreak?
503736,"I want a fun, high-energy movie about mercenaries pulling off a dangerous robbery in a quarantined city. What should I watch?"
205587,Can you recommend a drama about a successful lawyer returning home and dealing with his estranged father?
205587,"I’m looking for a movie involving a family conflict, a funeral, and a murder accusation. What would you suggest?"
205587,"What are some drama movies about a lawyer who has to defend his father, who is a judge and suspected of murder?"
132232,Can you recommend a scary supernatural horror movie about a mysterious presence that follows children after a tragedy?
132232,What are some horror movies like Mama with haunted kids and a creepy mother-like figure?
132232,I’m looking for a thriller where lost children come back from the woods and something eerie still haunts them.
87421,Can you recommend a sci-fi action movie about a lone antihero surviving on a hostile alien planet?
87421,What’s a thrilling movie where a betrayed outlaw has to fight alien predators and then takes revenge on his enemies?
87421,"Suggest a dark action-packed science fiction film with bounty hunters, survival, and a ruthless main character."
188161,Can you recommend a comedy western about a cowardly guy who has to find courage for a woman he likes?
188161,What are some funny Western movies with romance and a dangerous gunslinger in the story?
188161,I’m looking for a lighthearted western about a timid farmer getting caught up with a mysterious woman and her outlaw husband.
787699,"What family-friendly fantasy comedy movies have a whimsical, dream-like story?"
787699,Can you recommend a movie about a creative inventor or chocolatier who follows his dreams?
787699,"What fun movies are good for kids and adults that have a magical, imaginative feel?"
8273,What’s a funny romantic comedy about a couple getting married in a rush?
8273,Can you recommend a comedy about a bachelor party and wedding chaos?
8273,I’m looking for a lighthearted romantic movie with awkward family and wedding situations.
356305,What are some comedies about an overprotective dad meeting his daughter's rich boyfriend?
356305,Can you recommend a funny movie about family rivalry and an awkward in-law relationship?
356305,What comedy movies involve a father trying to compete with his daughter's young boyfriend?
8698,Can you recommend a fantasy action movie with Victorian-era literary characters teaming up to stop a villain?
8698,What’s a sci-fi thriller about famous classic book characters joining forces to prevent a world war?
8698,Do you know any movies like a fantasy adventure with an ensemble of extraordinary heroes fighting a cunning enemy?
224141,Can you recommend a fantasy comedy movie with fairy tale characters and a magical forest setting?
224141,What movie is about a baker and his wife trying to break a witch’s curse in the woods?
224141,"I’m looking for a whimsical film that mixes fairy tales, magic, and comedy—what should I watch?"
3981,What are some funny romantic comedies about a man who suddenly understands women better?
3981,Can you recommend a comedy where a cocky guy gets a life-changing supernatural ability?
3981,What movies are similar to a romance about workplace rivalry and mind-reading?
402,What are some thriller movies with a seductive femme fatale and a murder mystery?
402,Can you recommend a mystery movie where a writer becomes the main suspect in a killing?
402,"I’m looking for an intense thriller with psychological tension, sex appeal, and a detective investigation"
2832,Can you recommend a mystery thriller where strangers are trapped together and have to figure out who the killer is?
2832,What’s a suspenseful movie set in a remote motel during a storm with a murder mystery vibe?
2832,I’m looking for a thriller where the characters turn on each other while trying to survive a killer—any suggestions?
227159,What are some funny movies about friends starting a business and getting into trouble?
227159,Can you recommend a comedy about a kidnapping scheme that goes wrong?
227159,I’m looking for a movie like Horrible Bosses that has the same kind of crude workplace humor and chaos.
34584,Can you recommend a family fantasy adventure movie about a boy discovering a magical world through a book?
34584,"What’s a good adventure movie with a young hero, mythical creatures, and a quest to save a fantasy land?"
34584,"I’m looking for an 80s fantasy film for kids that has magic, dragons, and an imaginative story—what should I watch?"
834,Can you recommend a dark fantasy action movie with vampires and werewolves?
834,What’s a thriller where two supernatural species are at war?
834,I want a movie about a vampire and a werewolf hybrid teaming up—what should I watch?
770,Can you recommend a romantic historical drama set during the Civil War?
770,What are some classic movies about love and survival in the American South?
770,"I’m looking for a sweeping war-era romance with strong drama, what should I watch?"
805,Can you recommend a psychological horror movie about a young couple moving into a creepy apartment building and starting a family?
805,What are some classic thriller dramas with occult or supernatural themes set in an apartment building?
805,"I’m looking for a tense horror movie about pregnancy, paranoia, and suspicious neighbors—any suggestions?"
205775,Can you recommend a thrilling historical adventure movie about survival at sea?
205775,What's a good drama based on a real-life whaling disaster?
205775,I’m looking for an action-packed movie about sailors facing a deadly whale.
929590,What are some intense war dramas about journalists covering a conflict?
929590,Can you recommend a suspenseful action movie set during a civil war in the United States?
929590,I want movies about reporters trying to survive in a near-future war zone — any suggestions?
116,Can you recommend a dark drama about ambition and infidelity?
116,What’s a thriller about a man who gets involved with a wealthy family and starts an affair?
116,Suggest a romance movie with a tense love triangle and criminal consequences.
321697,What are some good drama movies about famous tech pioneers and startup culture?
321697,Can you recommend a historical drama about the life of Steve Jobs or Apple?
321697,What movies show behind-the-scenes moments from important moments in tech history?
227306,Can you recommend a war drama based on a true story about survival and resilience?
227306,What are some movies about World War II prisoners of war and enduring hardship?
227306,I’m looking for an inspiring drama about an athlete whose life changes during the war — any suggestions?
52520,Can you recommend a dark action-horror movie with vampires and werewolves?
52520,What’s a fantasy action film where a female warrior fights both humans and monsters?
52520,Suggest a movie about an imprisoned vampire waking up to a war between species
290098,Can you recommend a dark historical thriller with romance and psychological twists set in Korea during the 1930s?
290098,"I’m looking for a movie about a con artist scheme, deception, and forbidden romance—any suggestions?"
290098,"What’s a tense drama-thriller with a strong female lead, class conflict, and a lot of unexpected twists?"
205584,Can you recommend an action-adventure fantasy movie set in ancient Egypt?
205584,What’s a fun mythological movie with gods and a thief teaming up on a quest?
205584,I’m looking for a fantasy adventure film with Egyptian themes and lots of action.
184315,Can you recommend an action-adventure movie about a legendary hero leading a team into battle?
184315,What’s a good movie where a strong warrior fights to protect innocent people from a new enemy?
184315,I want a heroic adventure film with epic battles and a fearless team of fighters—any suggestions?
2024,Can you recommend a historical war drama about a father who goes back to battle to protect his family?
2024,What’s a good movie set during the American Revolution with action and drama?
2024,I want a war film where a reluctant hero returns to fight for his son—any suggestions?
710,Can you recommend an action thriller about a secret weapon being stolen and a spy sent to stop the villains?
710,"I’m looking for an adventure movie with espionage, Russian criminals, and high-stakes global danger—what should I watch?"
710,"What are some movies like James Bond films with lots of action, suspense, and a mission to recover a stolen defense system?"
6145,Can you recommend a suspenseful courtroom thriller with a cat-and-mouse game between the prosecutor and the accused?
6145,"I want a movie about a husband on trial for trying to murder his wife, with lots of twists and legal tension. What should I watch?"
6145,What’s a good thriller where an ambitious district attorney goes up against a clever suspect in a tense legal battle?
9342,Can you recommend an action adventure movie with sword fights and a heroic masked vigilante?
9342,I'm looking for a swashbuckling movie about a legendary hero training a successor to fight corruption.
9342,"What movie features a prison escape, revenge against a tyrant, and a masked hero in California?"
9297,What are some family-friendly animated movies with a spooky haunted house theme?
9297,Can you recommend a funny fantasy movie about kids dealing with monsters?
9297,What movies are similar to a creepy but kid-appropriate adventure with teens and a haunted house?
22954,What are some inspiring historical dramas about leaders using sports to unite a divided country?
22954,Can you recommend movies about Nelson Mandela or apartheid-era South Africa?
22954,"What are some good films based on true stories about teamwork, leadership, and overcoming racial division?"
1369,Can you recommend an action-packed war movie about a soldier sent back into Vietnam on a covert mission?
1369,What’s a thrilling 80s adventure movie with lots of jungle combat and a lone hero fighting against the odds?
1369,I’m looking for a military action film where a prisoner is released for a dangerous secret mission behind enemy lines.
613,What are some intense war dramas based on real historical events?
613,Can you recommend movies about the final days of World War II in Germany?
613,What are good historical films that depict the fall of Nazi Germany?
36648,Can you recommend a dark action-horror movie with vampires and vampire hunters?
36648,"What’s a sci-fi action movie about fighting vampires with a gritty, supernatural vibe?"
36648,Can you suggest a movie where a lone vampire hunter teams up with other hunters to take on an ancient vampire threat?
866398,Can you recommend an action thriller about a former secret operative seeking revenge?
866398,What’s a crime movie with lots of action and a lone hero taking on a powerful organization?
866398,I’m looking for a suspenseful revenge movie with national stakes and undercover agents.
71679,Can you recommend an action-horror sci-fi movie with zombies and a strong female lead?
71679,What’s a good movie about a deadly virus turning people into undead creatures in a futuristic setting?
71679,I’m looking for a fast-paced post-apocalyptic horror movie with lots of action and survival themes. Any suggestions?
146216,What are some action-comedy movies about retired spies coming back for one last mission?
146216,Can you recommend a fun crime thriller with a team of older former agents on a global adventure?
146216,I’m looking for a movie like a lighthearted spy action film with explosions and humor—what should I watch?
7340,What are some horror movies about bullied teenagers with supernatural powers?
7340,"Can you recommend a thriller where a shy, isolated girl gets pushed too far?"
7340,What’s a good scary movie about a religious mother and a girl with telekinetic abilities?
9837,What animated movies have an epic historical or biblical story with strong family drama?
9837,Can you recommend a family-friendly adventure movie about brothers or siblings in conflict?
9837,What movies similar to The Lion King or other emotional animated dramas feature a powerful coming-of-age story?
653346,What are some sci-fi adventure movies with apes and humans struggling for survival?
653346,Can you recommend an action movie set in a post-apocalyptic world with intelligent apes?
653346,What movies are similar to Planet of the Apes and involve a young hero questioning his society?
4964,What are some funny romantic movies about an unexpected pregnancy and two very different people trying to make a relationship work?
4964,Can you recommend a comedy-drama with a one-night stand that leads to an unplanned baby?
4964,"I'm looking for a movie about accidental pregnancy, romance, and the challenges of new parenthood—what should I watch?"
1924,Can you recommend a sci-fi action adventure movie about a reporter who secretly becomes a superhero?
1924,What’s a good movie where Clark Kent and Lois Lane face off against Lex Luthor?
1924,Suggest a classic superhero film with action and adventure elements and a secret identity
20766,Can you recommend a bleak post-apocalyptic drama about a father and son surviving on a journey together?
20766,"What are some movies like The Road that have a dark, emotional, survival-focused story?"
20766,I want an intense adventure drama set in a devastated world with a strong parent-child relationship. What should I watch?
725201,What are some fast-paced action thrillers with a rogue spy being hunted around the world?
725201,Can you recommend movies about a CIA agent uncovering dangerous secrets and going on the run?
725201,I want a tense thriller with international espionage and lots of action—what should I watch?
1587,Can you recommend a drama about a young man who has to care for his family and deal with a lot of responsibility?
1587,What’s a good romance-drama set in a small town with a complicated family life?
1587,Can you suggest a movie about sibling caregiving and personal struggles in a quiet community?
276907,Can you recommend a crime thriller about twin brothers rising through the London underworld?
276907,What movie is about gangsters running nightclubs and protection rackets in 1960s London?
276907,"I’m looking for a thriller based on real-life criminals with violence, robbery, and police chasing them—what should I watch?"
49524,Can you recommend a funny action movie with supernatural elements and cops?
49524,What are some fantasy-comedy movies about the afterlife or undead characters?
49524,I want a movie about a murdered cop who keeps working in the afterlife—any suggestions?
912649,Can you recommend a sci-fi action adventure movie about an anti-hero duo on the run from both worlds?
912649,"What’s a good movie like Venom that has lots of action, adventure, and a darker science fiction vibe?"
912649,I’m looking for a thrilling superhero-style movie where the main characters are hunted and forced into a final showdown — any suggestions?
249164,Can you recommend a sad drama about a teenager facing a life-changing accident?
249164,What’s a movie about a young musician torn between her career dreams and her relationship?
249164,I’m looking for an emotional coming-of-age drama with romance and tragedy.
9798,What are some thriller movies about ordinary people being framed and chased by the government?
9798,Can you recommend a suspenseful action movie with conspiracy and surveillance themes?
9798,I'm looking for a movie where a family man gets caught in a dangerous political cover-up.
7555,Can you recommend an action-packed war thriller about a rescue mission behind enemy lines?
7555,What’s a movie about a lone ex-soldier joining mercenaries to save kidnapped aid workers?
7555,I’m looking for a tense military adventure set in Myanmar or Southeast Asia. Any suggestions?
1272,Can you recommend a tense sci-fi thriller about a desperate mission to save the Sun and humanity?
1272,What are some movies like Sunshine with astronauts on a dangerous space mission and high stakes?
1272,I’m looking for a suspenseful science fiction film where a crew has to deal with a failing mission in space.
86838,Can you recommend a dark comedy about criminals and kidnapping that has a quirky sense of humor?
86838,What movie mixes comedy and crime with oddball characters and a chaotic gangster plot?
86838,I’m looking for a funny crime movie with an unusual story involving a stolen dog and the underworld.
22971,Can you recommend a romantic war drama about a soldier who falls in love while on leave?
22971,What is a good movie about long-distance love between a deployed soldier and a woman he meets at the beach?
22971,Suggest a drama romance film where a military couple tries to keep their relationship alive through letters and distance.
10330,Can you recommend a funny family movie about a mother and daughter switching bodies?
10330,I'm looking for a fantasy comedy where a teen and her mom learn to understand each other better.
10330,What movie should I watch if I want a lighthearted family film with a magical body-swap premise?
829,Can you recommend a dark crime mystery with a private investigator and lots of twists?
829,What’s a classic thriller set in pre-World War II Los Angeles with corruption and deceit?
829,I want a movie like a tense detective story involving scandals and double-crosses—what should I watch?
274479,What are some inspiring drama movies about a single mom who becomes a successful entrepreneur?
274479,Can you recommend a movie based on the true story of a woman overcoming struggles to build a business?
274479,"I want a dramatic film about perseverance and entrepreneurship, especially with a female lead."
2123,What are some funny movies about people with split personalities?
2123,Can you recommend a comedy where the main character has multiple personalities?
2123,What’s a good chaotic romantic comedy with a crazy premise?
19994,Can you recommend a horror comedy with a possessed cheerleader and a dark sense of humor?
19994,What’s a movie about female friendship turning into a demonic nightmare?
19994,I want a scary but funny teen movie with possession and lots of camp—what should I watch?
515195,What are some feel-good movies about musicians with a magical or alternate-reality twist?
515195,Can you recommend a romantic comedy with music and a quirky premise?
515195,What movies are similar to a story where someone wakes up in a world where famous songs or bands never existed?
11778,What are some dramatic war movies about friendship that get changed by the Vietnam War?
11778,Can you recommend a movie about steelworkers who go to war and come back changed forever?
11778,"I’m looking for a serious drama about soldiers, love, and the impact of Vietnam—what should I watch?"
588228,What are some action sci-fi movies about time travel and a future war against aliens?
588228,Can you recommend a movie where ordinary people are recruited to fight in a war in the future?
588228,"I'm looking for an adventure movie with aliens, time travel, and a family man as the main hero."
911430,What are some good action dramas about racing and comeback stories?
911430,Can you recommend movies about veteran athletes mentoring young talent?
911430,I’m looking for an exciting movie about Formula 1 and high-stakes competition.
10196,Can you recommend a fantasy adventure movie with elemental powers and world-saving stakes?
10196,What movie should I watch if I want a story about a chosen hero learning to control special abilities and defeat an evil empire?
10196,Do you have any action movies based on a young hero who has to restore balance to the world?
7453,What are some funny sci-fi adventure movies with an absurd premise?
7453,Can you recommend a comedy movie about aliens and space travel?
7453,I'm looking for a quirky science fiction film with humor and a journey through space.
10229,Can you recommend a heartfelt teen romance with a sad twist?
10229,"What’s a good drama about a popular guy falling for a quiet, religious girl?"
10229,I’m looking for a movie like The Fault in Our Stars but set in high school.
376660,What are some coming-of-age comedy-drama movies about awkward high school friendships and family drama?
376660,Can you recommend a movie about a teenage girl dealing with best friend troubles and an annoying older brother?
376660,"What’s a funny but emotional high school movie with friendship problems, sibling conflict, and romance?"
116149,Can you recommend a family-friendly comedy adventure about an animal finding a new home?
116149,"What’s a good movie for kids that is funny, heartwarming, and set in London?"
116149,I’m looking for a feel-good adventure film with a lovable character and wholesome family themes.
346,Can you recommend an action drama about a group coming together to defend a village from bandits?
346,I'm looking for a classic samurai movie where warriors protect farmers and train them to fight back.
346,What’s a great film about a desperate village hiring fighters to defend them from attackers?
82682,Can you recommend a gritty crime thriller set in 1940s Los Angeles?
82682,What are some movies about cops taking on a powerful mob boss?
82682,I’m looking for a stylish gangster movie with action and drama—any suggestions?
376659,What are some funny movies about stressed-out moms who rebel against expectations?
376659,Can you recommend a comedy about parents who need a break from their responsibilities?
376659,What’s a lighthearted movie about women letting loose and having fun after being overwhelmed by family life?
703,Can you recommend a witty romantic comedy set in New York?
703,What’s a movie about a comedian falling in love that mixes humor and drama?
703,"I want a classic romance with a quirky, funny relationship—what should I watch?"
72570,What are some romantic drama movies about a couple facing memory loss after an accident?
72570,Can you recommend movies where one spouse has to win back their partner after they lose their memories?
72570,I’m looking for a love story with amnesia and a devoted partner trying to rebuild the relationship.
489999,Can you recommend a thriller about a parent searching for a missing child using technology?
489999,What’s a good mystery movie where most of the story is told through computers and phones?
489999,I’m looking for a suspenseful drama about a missing teenager and a desperate father—any suggestions?
8920,What are some family comedies about pets competing for attention?
8920,Can you recommend a funny movie about a lazy cat and a dog living together?
8920,"I want a lighthearted movie with animals and sibling-like rivalry, any suggestions?"
929,What are some action-packed sci-fi movies with giant monsters attacking a city?
929,Can you recommend a thriller about a creature created by nuclear radiation?
929,What movies feature the military trying to stop a giant reptile from destroying New York?
522938,What are some action movies about an older veteran going on one last rescue mission?
522938,Can you recommend a gritty thriller where a retired soldier helps save a kidnapped family member?
522938,"What movies are similar to Rambo: Last Blood with revenge, rescue, and border-crossing action?"
1493,Can you recommend a funny action movie about an undercover FBI agent at a beauty pageant?
1493,What are some crime comedies with a tough female lead and undercover investigation?
1493,"Suggest a movie like Miss Congeniality with comedy, action, and a pageant setting."
1948,What are some high-energy action thrillers with a ticking-clock premise?
1948,Can you recommend a crime movie where the main character has to stay on the move to survive?
1948,I want a fast-paced action film with lots of adrenaline and dark humor — what should I watch?
228161,What are some fun animated family movies with aliens and adventure?
228161,Can you recommend a comedy sci-fi movie that’s good for kids?
228161,I’m looking for a fantasy animation movie about an unlikely friendship and space creatures.
505026,What are some mystery thriller movies set on a cruise or boat?
505026,Can you recommend a crime movie with a detective solving a murder during a vacation?
505026,What are some movies like Agatha Christie-style whodunits with an exotic setting?
10189,Can you recommend a funny action movie with crime and lots of chaos?
10189,What movie has stoners on the run from the police after witnessing a murder?
10189,I'm looking for a comedy crime film with action and a wild buddy-adventure vibe.
442249,What are some intense horror-thriller movies about social experiments gone wrong?
442249,Can you recommend action horror movies with a dystopian government and nonstop violence?
442249,What movies are similar to The Purge and involve a night of chaos and survival?
379686,What are some family-friendly adventure comedies with animation and sports?
379686,Can you recommend a fun movie where humans team up with animated characters?
379686,I'm looking for a sci-fi comedy for kids that has basketball and a big digital world
35791,Can you recommend a post-apocalyptic action horror movie with zombies and survival themes?
35791,What are some sci-fi adventure movies about fighting an evil corporation in a world overrun by the undead?
35791,"I want a movie like Resident Evil with nonstop action, monsters, and a heroine leading survivors to safety—any suggestions?"
225886,Can you recommend a raunchy adult comedy about a married couple trying to spice up their relationship?
225886,What are some funny movies about a sex tape or private video getting out of control?
225886,I want a comedy similar to other awkward relationship movies with lots of sexual humor—what should I watch?
460019,Can you recommend a scary thriller where a simple party game turns deadly?
460019,I want a horror movie about friends being punished by a supernatural game—any suggestions?
460019,What’s a thriller-horror film with a cursed dare or truth game that goes wrong?
41446,Can you recommend a horror mystery movie with a killer stalking teens after a long gap since the original murders?
41446,What’s a good slasher movie where the final girl returns to her hometown and faces a new masked killer?
41446,"Suggest a suspenseful horror film about a book tour, trauma, and a Ghostface-style murderer coming back to terrorize a town."
4771,Can you recommend a gritty crime drama about a missing child investigation?
4771,What’s a mystery movie involving private detectives looking for a kidnapped girl?
4771,I want a dark drama with suspense and a tough urban setting—what should I watch?
340837,Can you recommend a creepy psychological mystery set in an isolated location with a dark secret?
340837,What are some horror movies about a wellness retreat or spa that turns sinister?
340837,I want a sci-fi mystery thriller with an eerie atmosphere and shocking medical experiments—what should I watch?
335977,What are some adventure action movies with an older hero returning for one last mission?
335977,Can you recommend movies about ancient artifacts and globe-trotting treasure hunts?
335977,I’m looking for an action-packed sequel with nostalgia and an old rival coming back—what should I watch?
277216,Can you recommend a dramatic music biopic about a real rap group and their rise to fame?
277216,What are some history-based movies about influential hip-hop artists and their impact on culture?
277216,I’m looking for a movie about a groundbreaking music group facing social struggles and becoming famous—any suggestions?
8810,Can you recommend a post-apocalyptic action movie with a lone antihero and a desert setting?
8810,What’s a good sci-fi thriller about surviving in a wasteland while fighting over fuel?
8810,"Suggest a movie like The Road Warrior with car chases, gangs, and a rugged survival vibe."
1817,Can you recommend a tense thriller set mostly in one location with a hostage-style premise?
1817,What’s a crime thriller where a character is trapped and can’t hang up the phone?
1817,I’m looking for a fast-paced suspense movie about someone being threatened by a sniper or unseen caller.
881,Can you recommend a courtroom drama with military themes and a tense murder investigation?
881,I'm looking for a dramatic movie about lawyers uncovering a dangerous cover-up in the armed forces.
881,What are some good legal dramas involving high-ranking military officials and a big trial?
48138,Can you recommend an action thriller where a man wakes up from a coma and has to prove his identity?
48138,What’s a mystery thriller about someone whose identity is stolen and even his wife doesn’t believe him?
48138,Suggest a suspenseful action movie where the main character teams up with a young woman to uncover the truth about who he really is.
466420,What are some crime drama movies based on true historical events?
466420,Can you recommend a historical drama about injustice against Indigenous people in America?
466420,What movies are about real-life murders and FBI investigations in the 1920s?
569547,What are some mind-bending sci-fi thrillers with multiple endings?
569547,Can you recommend a mysterious thriller about a programmer losing touch with reality?
569547,"What movies are like Black Mirror and involve video games, dark fantasy, and alternate outcomes?"
189,"What are some dark crime thrillers with an ensemble cast and a gritty, comic-book style?"
189,"Can you recommend an action movie with revenge, corruption, and a noir atmosphere?"
189,I'm looking for a violent neo-noir crime film with interconnected stories—what should I watch?
136795,Can you recommend a buddy cop comedy with strong female leads?
136795,What’s a funny action movie about two mismatched police partners?
136795,Suggest a crime comedy like The Heat with lots of banter and chasing criminals
3558,Can you recommend a drama about a woman in a psychiatric hospital struggling with mental health and identity?
3558,What movie is about a young woman’s stay in a mental institution in the late 1960s?
3558,I’m looking for a film similar to a coming-of-age drama set in a mental hospital with strong female characters.
9982,Can you recommend a funny animated family movie about an underdog hero saving the world?
9982,What’s a good comedy movie for kids with animal characters and lots of adventure?
9982,"I’m looking for a lighthearted family animation about teamwork, aliens, and silly mishaps."
10483,Can you recommend a violent sci-fi action movie with a high-stakes racing competition in a dystopian prison setting?
10483,What movies are similar to Death Race if I want something about brutal televised sports and future prison chaos?
10483,"I'm looking for an action thriller with car chases, explosions, and a dark futuristic premise—what should I watch?"
64686,Can you recommend an action-fantasy movie about samurai seeking revenge and honor?
64686,I'm looking for a dramatic fantasy film with epic sword battles and a vengeance plot.
64686,What movie should I watch if I want a story about outcast warriors fighting to restore their master's honor?
1213,"Can you recommend a thriller about deception, identity theft, and murder?"
1213,"I'm looking for a crime drama set in Italy with a wealthy, glamorous vibe—any suggestions?"
1213,What’s a movie about a charming con artist who manipulates his way into someone else’s life?
2898,Can you recommend a funny but emotional movie about unlikely friendships and personal growth?
2898,What are some romantic comedies or dramas featuring flawed characters who slowly learn to care about others?
2898,I want a movie about a grumpy loner who connects with a single mother and becomes a better person—what should I watch?
529203,What are some animated family adventure movies with a funny prehistoric setting?
529203,Can you recommend a lighthearted fantasy comedy for kids about a family going on an adventure?
529203,"What movie should I watch if I want a fun animated sequel with cavemen, friendship, and colorful world-building?"
75174,Can you recommend an intense survival thriller set in the wilderness?
75174,What are some action-adventure movies about people fighting to survive after a plane crash?
75174,I’m looking for a suspenseful movie about a group being hunted by wolves in the wild
345911,Can you recommend a scary supernatural horror movie about a haunted family?
345911,What are some horror movies where a woman has to confront a spirit connected to her mother?
345911,I want a horror film about a creepy entity that terrorizes siblings—any suggestions?
9313,What are some adventure movies about secret twin brothers and royal intrigue?
9313,Can you recommend a dramatic action film with sword fights and a rescue mission?
9313,"What movies are similar to The Three Musketeers with reunions, loyalty, and a political plot?"
14756,Can you recommend a martial arts drama based on a real historical figure?
14756,What’s a good action movie set during the Second Sino-Japanese War?
14756,Can you suggest a film about Wing Chun or Bruce Lee’s teacher?
582,Can you recommend a tense historical drama about government surveillance and moral conflict?
582,What’s a good thriller set in East Berlin during the Cold War?
582,I’m looking for a movie about a secret police officer who starts sympathizing with the people he’s spying on.
9739,What are some action movies about a cop waking up in the future to catch a criminal?
9739,Can you recommend a sci-fi crime movie with a violent villain escaping cryo prison?
9739,I want a 90s action film set in a futuristic society with lots of crime and humor
663,Can you recommend a horror-thriller about a detective or cop being forced into a deadly game after a killer’s death?
663,"What’s a suspenseful crime horror movie with traps, puzzles, and a police officer trying to save colleagues?"
663,"I’m looking for a tense thriller similar to Saw, with brutal games and a serial killer’s legacy—what should I watch?"
10501,Can you recommend a funny animated adventure movie for kids with a bit of fantasy?
10501,What’s a family-friendly movie about swindlers or con artists getting into trouble?
10501,"I’m looking for a lighthearted treasure-hunt movie with adventure, comedy, and a mythical city"
4148,What are some intense drama movies about a troubled married couple in the 1950s?
4148,Can you recommend a romantic drama about suburban dissatisfaction and family संघर्ष?
4148,What movies are similar to stories about a young couple struggling with their relationship and raising children?
16871,Can you recommend a scary movie with a curse and a psychic trying to break it?
16871,What’s a horror-thriller about someone being punished after denying a woman a loan or favor?
16871,I want a suspenseful movie where the main character is haunted by a supernatural curse—any suggestions?
351460,Can you recommend a dark thriller where someone finds a supernatural object and starts killing people?
351460,I'm looking for a crime-horror movie with a supernatural twist and a cat-and-mouse detective story.
351460,What movie is about a student who gets a mysterious notebook that can kill people?
426426,What are some emotional drama movies set in 1970s Mexico City?
426426,Can you recommend a film about domestic workers and family life?
426426,What are some critically acclaimed movies about motherhood and everyday life in Latin America?
40807,What are some comedy-drama movies about a young person facing a serious illness?
40807,Can you recommend movies based on true stories that mix humor with emotional health struggles?
40807,What are some films about cancer that are heartfelt but still funny?
37094,Can you recommend a dark crime thriller about an ordinary man who snaps and starts violently lashing out at society?
37094,What movie is about a frustrated guy having a breakdown and taking his anger out on the world around him?
37094,I'm looking for a tense drama-thriller where a seemingly normal person becomes increasingly violent and unhinged.
7350,What are some feel-good movies about two very different people becoming friends on a meaningful road trip?
7350,"Can you recommend a comedy-drama about terminal illness, friendship, and making the most of life?"
7350,What movies are about creating a bucket list and finding purpose later in life?
301337,What are some sci-fi comedies with a social satire angle about technology and the environment?
301337,Can you recommend movies where people undergo a strange future procedure that changes their size or body?
301337,What are good drama-comedy films that explore the consequences of trying to live more cheaply and sustainably?
55779,Can you recommend a horror movie about people trying to escape death after surviving a disaster?
55779,What’s a suspenseful mystery horror film involving a premonition and a deadly chain of events?
55779,Do you know any movies where coworkers survive a bridge collapse but then realize death is still after them?
8271,Can you recommend a thriller about a teen under house arrest who starts suspecting his neighbor is a killer?
8271,What’s a good mystery-drama movie with suspense and a teenage protagonist trapped at home?
8271,I want a suspenseful movie where someone confined to their house starts spying on the neighbors—any suggestions?
1010581,What are some drama-romance movies about forbidden step-sibling attraction?
1010581,Can you recommend a tense teen romance thriller set in a wealthy mansion?
1010581,I want a movie about a rebellious teenage girl who moves in with her rich stepfamily and falls for her stepbrother—any suggestions?
9078,Can you recommend an animated fantasy movie for kids about a young boy and a wizard?
9078,What family-friendly movie is about a boy training to become a knight with magical help?
9078,"Suggest a Disney-style fantasy film with adventure, magic, and a coming-of-age story"
9804,Can you recommend an adventure action sci-fi movie set in a flooded future world?
9804,What's a movie about a mutant seafarer and pirates searching for Dryland?
9804,"I want a post-apocalyptic film with ocean travel, rescue, and a hidden map to civilization."
11619,What are some family-friendly animated adventure movies with a lot of comedy?
11619,Can you recommend a fun movie about an animal getting lost in a strange underground world?
11619,What movies are similar to Flushed Away for kids and families who like quirky animated comedies?
882598,Can you recommend a horror mystery movie about a doctor who starts seeing terrifying things after a traumatic incident?
882598,What are some scary movies where the main character experiences unexplained events after witnessing something disturbing?
882598,I want a suspenseful horror film with psychological thrills and a mysterious curse or trauma—any suggestions?
2253,Can you recommend a World War II thriller about a plot to assassinate Hitler?
2253,What are some drama movies based on real-life resistance efforts against the Nazis?
2253,I’m looking for a war film with suspense and political intrigue set in Nazi Germany
71,Can you recommend a coming-of-age movie about a working-class boy discovering a passion for dance?
71,What are some feel-good drama comedies set in England during the 1980s?
71,I’m looking for a movie about overcoming gender stereotypes and following your dreams — any suggestions?
3082,Can you recommend a classic comedy-drama about a lovable underdog trying to build a life and home despite constant bad luck?
3082,What’s a romantic movie with a lot of physical comedy and a bittersweet story about two people trying to make it together?
3082,I’m looking for an old film that mixes slapstick humor with social commentary and follows a tramp character through misadventures.
81,Can you recommend an animated fantasy adventure with a strong female lead and a post-apocalyptic world?
81,What are some movies about a kingdom fighting to survive after a global war in a poisoned world?
81,"I’m looking for a fantasy adventure film with nature, giant insects, and a heroic princess—any suggestions?"
71676,Can you recommend an action-packed fantasy thriller with supernatural powers and a dark comic-book vibe?
71676,I’m looking for a movie where a reluctant antihero comes out of hiding to save a child from evil. Any suggestions?
71676,"What’s a good Nicolas Cage movie with demons, intense action, and a flame-powered superhero?"
4234,Can you recommend a horror mystery movie set in Hollywood with a masked killer?
4234,What’s a good slasher sequel involving a Ghostface-style killer and returning survivors?
4234,I want a mystery horror movie where people are being murdered on a film set—any suggestions?
10661,Can you recommend a comedy-action movie about an unconventional soldier who wants to become a hairstylist?
10661,"What are some funny action movies with outrageous, over-the-top plotlines and absurd humor?"
10661,I’m looking for a movie where the main character fakes his death and follows his dream in New York—what should I watch?
1164,What are some intense драмatic movies with interwoven stories across different families and countries?
1164,Can you recommend a serious drama about a tragedy that connects multiple characters around the world?
1164,"I'm looking for a thought-provoking movie with a complex, emotional plot involving several families and cultures."
646,What are some classic action-adventure spy movies with a charismatic secret agent and a tropical setting?
646,Can you recommend a thriller where a secret agent travels to an island to stop a villain with a secret lair?
646,"What’s a good early James Bond movie with adventure, action, and a memorable Bond girl?"
72710,Can you recommend a sci-fi action movie about aliens taking over human bodies?
72710,What’s a good adventure movie where an alien develops feelings for a human host?
72710,Suggest a movie like The Hunger Games but with a science fiction twist and a strong female lead
400535,What are some intense action-thriller movies about drug cartels and border conflicts?
400535,Can you recommend a crime movie involving undercover operatives and a dangerous mission on the US-Mexico border?
400535,"What movies are similar to Sicario with lots of tension, violence, and cartel drama?"
853,What are some war movies about snipers during World War II?
853,Can you recommend a historical film set during the Battle of Stalingrad?
853,What movies feature a tense cat-and-mouse rivalry between two soldiers in wartime?
10591,Can you recommend a romantic comedy about a high school guy falling for his neighbor with a complicated past?
10591,I’m looking for a comedy romance where the main character has to choose between his future plans and a new love interest—any suggestions?
10591,"What are some movies similar to The Girl Next Door with teenage romance, humor, and a surprising secret from the love interest's past?"
5176,Can you recommend a tense western about escorting an outlaw to trial?
5176,What’s a good movie like a classic desert-set Western with a capture and prisoner transport?
5176,Suggest a western with a morally complicated hero and a dangerous criminal gang
2280,Can you recommend a funny fantasy movie about a kid who magically becomes an adult overnight?
2280,I’m looking for a coming-of-age comedy where a child has to navigate adult life and romance—what should I watch?
2280,What’s a good family-friendly drama-comedy about a boy who gets a wish granted and suddenly looks grown up?
72976,What historical dramas focus on American presidents and major political decisions?
72976,Can you recommend a movie about the Civil War and the abolition of slavery?
72976,What films show a leader trying to unite a divided country during wartime?
10184,What are some romantic comedy-dramas about dating misunderstandings and mixed signals?
10184,"Can you recommend a movie about relationships, commitment issues, and figuring out if someone is really interested?"
10184,What’s a funny but emotional movie about modern romance and people struggling to read each other’s intentions?
153518,Can you recommend a fun animated adventure comedy for kids about birds defending their island?
153518,"What family movie has talking birds, a lot of humor, and an outsider hero with a temper problem?"
153518,I’m looking for an animated movie similar to a video game adaptation with colorful characters and silly action.
522402,Can you recommend a sci-fi drama about a post-apocalyptic world with a robot and a dog?
522402,What are some adventure movies where a robot learns to be human and protect an animal?
522402,"I’m looking for a heartfelt science fiction film about survival, friendship, and life after the apocalypse."
438148,Can you recommend a funny animated family movie about villains and silly sidekicks?
438148,What’s a good sci-fi comedy for kids that has minions or goofy creatures?
438148,I want a lighthearted crime comedy movie for the whole family with lots of slapstick—what should I watch?
12163,Can you recommend a movie about an aging athlete trying to make one last comeback?
12163,What is a good drama about a washed-up wrestler dealing with family and romance?
12163,"I want a movie similar to The Wrestler, with a struggling man trying to reconnect with his daughter and girlfriend."
334,Can you recommend a drama with multiple interconnected character stories set over one day?
334,What’s a movie like Magnolia that follows several people’s lives intersecting in a city?
334,"I want a dramatic ensemble film with complex, overlapping plots—what should I watch?"
122081,Can you recommend a dark crime drama about college students getting into trouble on spring break?
122081,What movie is about four girls who rob a place and then get caught up with a shady criminal in Florida?
122081,"I’m looking for a twisted drama with young adults, crime, and a wild spring break vibe—what should I watch?"
5038,Can you recommend a romantic drama about two friends who fall for the same man while vacationing in Spain?
5038,What’s a movie about a summer in Barcelona with complicated love triangles and an artist?
5038,"I’m looking for a drama-romance with a passionate, messy relationship involving an ex-wife and two women"
396371,Can you recommend a drama about a real person who gets caught up in illegal gambling and an FBI investigation?
396371,What's a good crime movie about a smart woman building a secret high-stakes poker empire?
396371,"Suggest a movie like an intense entrepreneurial drama with suspense, power, and legal trouble."
22947,What are some drama romance movies about people rethinking their lifestyles and relationships?
22947,Can you recommend a movie about a man who travels constantly for work and meets someone who changes his perspective?
22947,"I’m looking for a heartfelt film about corporate life, loneliness, and unexpected romance."
4147,Can you recommend a dark crime drama about a hitman who goes on the run with his son after a murder?
4147,"I'm looking for a thriller about organized crime, revenge, and a father protecting his child. What should I watch?"
4147,What movie is similar to a tense gangster drama where a loyal enforcer turns against his boss to save his family?
752623,What are some fun adventure-comedy movies with a kidnapped author and a treasure hunt?
752623,Can you recommend a lighthearted action movie with romance and jungle adventure?
752623,"What movies are similar to The Lost City with a quirky billionaire, lost treasure, and a reluctant hero?"
1089,Can you recommend an action thriller about an undercover FBI agent infiltrating a group of surfers?
1089,I want a crime movie with bank robbers and a beach or surfing setting — what should I watch?
1089,"What’s a good 90s action movie about cops, criminals, and an undercover investigation?"
760104,Can you recommend a horror movie about filmmakers making a movie that turns into a deadly situation?
760104,What’s a scary movie set in rural Texas with a group of young people fighting for their lives?
760104,I want a horror film involving a creepy elderly couple and a house where things go terribly wrong—what should I watch?
41513,Can you recommend a family-friendly adventure comedy with magic and fantasy elements?
41513,What are some good animated movies about tiny characters getting lost in the real world?
41513,I'm looking for a fun kids' movie with a villain chasing the heroes through a big city.
615656,What are some action sci-fi movies with giant sea monsters and lots of suspense?
615656,Can you recommend a horror movie set underwater with a survival plot?
615656,I’m looking for an intense ocean adventure movie with dangerous creatures and a mining operation.
270487,What are some funny mystery movies set in Hollywood?
270487,Can you recommend a comedy about a movie star going missing?
270487,I'm looking for a movie about studio drama with a mix of humor and mystery.
198277,Can you recommend a romantic comedy about musicians and songwriting?
198277,What’s a feel-good drama with music and a fresh start after a breakup?
198277,Do you know any movies about a struggling songwriter discovered by a record label executive?
296099,What are some funny adventure movies about a family road trip gone wrong?
296099,Can you recommend a comedy about parents taking their kids on a cross-country vacation?
296099,What movie is about a dad trying to recreate a childhood trip for his family?
1592,What are some good crime thrillers with a dark courtroom drama?
1592,Can you recommend a movie about a defense attorney taking on a morally complex murder case?
1592,What thriller movies have shocking twists and involve church secrets or scandals?
658,Can you recommend an action thriller with a famous secret agent and a villain trying to pull off a huge gold heist?
658,What’s a good adventure movie where the hero has to stop someone from stealing from Fort Knox?
658,"Suggest a classic spy film with high-stakes tension, gadgets, and a powerful enemy mastermind."
670292,What are some sci-fi action movies about humans fighting advanced AI?
670292,Can you recommend an adventure movie where a soldier is sent on a mission to stop a world-ending threat?
670292,"What movies feature a future war, artificial intelligence, and a protagonist searching for a mysterious creator?"
257445,What are some family-friendly adventure movies with spooky monsters and comedy?
257445,Can you recommend a movie based on a popular kids’ book series that mixes horror and humor?
257445,"I’m looking for a fun Halloween movie with creatures, thrills, and a lighthearted tone."
4538,What are some quirky adventure comedies about siblings on a journey of self-discovery?
4538,Can you recommend a heartfelt road-trip movie with dark humor and family drama?
4538,"What movies mix travel, comedy, and emotional themes about brothers reconnecting?"
871,What are some classic science fiction adventure movies with a twist ending?
871,Can you recommend movies where humans are hunted by intelligent creatures?
871,I’m looking for a sci-fi drama about a stranded astronaut on an alien planet
8645,Can you recommend a thriller about a mysterious airborne threat that forces people to flee cities?
8645,What science fiction movies involve a deadly contagion or environmental disaster spreading across the United States?
8645,I want a suspenseful movie where ordinary people are trying to uncover the truth behind a bizarre mass death event.
298250,Can you recommend a horror mystery movie with a twisted game and lots of suspense?
298250,What’s a scary thriller about police chasing a killer who seems to be back from the dead?
298250,"I’m looking for a movie with gruesome traps, a dark mystery, and a cat-and-mouse investigation."
9335,What are some action thrillers about a driver who has to protect a kidnapped child?
9335,Can you recommend crime movies like Transporter 2 with a lot of fast-paced action?
9335,I’m looking for a thriller where a former special forces guy gets pulled into protecting a family—any suggestions?
9475,Can you recommend a drama about a struggling student who forms an unlikely bond with a difficult older man?
9475,What are some movies like Scent of a Woman that focus on mentorship and personal growth?
9475,I’m looking for a drama about a young person working for an abrasive veteran—what would you suggest?
300671,Can you recommend a tense war drama based on a real-life military attack?
300671,What are some movies about American security teams defending a compound during an overseas crisis?
300671,I’m looking for a historical action movie about the Benghazi attack—what should I watch?
1690,Can you recommend a really intense horror movie about backpackers who get trapped in a nightmare while traveling abroad?
1690,What’s a scary movie set in Europe where tourists run into extreme danger after looking for fun and adventure?
1690,I’m looking for a disturbing horror film about young travelers who end up in a torture-filled situation—any suggestions?
252,Can you recommend a family fantasy comedy with a whimsical chocolate factory and kids on a magical tour?
252,I'm looking for a movie about a poor kid who finds a golden ticket to win a lifetime supply of candy—any suggestions?
252,"What are some fun classic movies for families that have eccentric characters, colorful settings, and a sweet adventure?"
455207,What are some romantic comedies with glamorous settings and wealthy families?
455207,Can you recommend a movie about a woman meeting her boyfriend's rich family in Asia?
455207,"I want a lighthearted romance with humor and a luxurious, high-society backdrop. What should I watch?"
12437,Can you recommend a dark fantasy action movie about vampires and werewolves at war?
12437,What’s a good prequel film with intense battles and a tragic forbidden romance?
12437,Suggest a thriller with supernatural creatures and an origin story about a rebellion against a tyrannical ruler.
258480,Can you recommend a romantic drama about a forbidden relationship set in the 1950s?
258480,What is a good movie about a younger woman falling in love with an older married woman?
258480,Do you know any emotional period romance films set in New York?
246741,Can you recommend a funny horror movie about vampires living together and dealing with modern life?
246741,What are some comedy horror films with a quirky undead or vampire premise?
246741,"I’m looking for a mockumentary-style vampire movie that is weird, dark, and hilarious."
321258,Can you recommend a creepy horror movie with a mysterious house and strict rules?
321258,I'm looking for a thriller about a nanny who discovers something strange about the child she's caring for. Any suggestions?
321258,What’s a good psychological horror film set in a remote village with lots of suspense and twists?
1955,Can you recommend a sad historical drama based on a true story about an outcast?
1955,What are some movies about compassion and humanity toward people with physical deformities?
1955,I’m looking for a Victorian-era drama about a real person who was mistreated because of their appearance.
1586,Can you recommend a psychological thriller about a writer losing his grip on reality?
1586,What’s a good mystery movie involving a stalker at a remote cabin?
1586,Suggest a suspenseful film about a man being accused of stealing a story and descending into paranoia.
481848,What are some family adventure movies about a dog finding his place in the world?
481848,Can you recommend a drama-adventure movie set during the Yukon Gold Rush?
481848,What are some movies like Homeward Bound or other heartfelt animal adventure stories?
301365,Can you recommend a psychological horror thriller about the dark side of the fashion industry?
301365,"What’s a movie about a young woman in Los Angeles being targeted by obsessed, competitive women?"
301365,"I’m looking for a creepy thriller with an eerie, stylish atmosphere and themes of beauty and obsession."
7445,Can you recommend a tense war drama about a soldier presumed dead who returns home and disrupts his family?
7445,What’s a thriller-drama where brothers are central to the story and family relationships become strained after a war deployment?
7445,"Suggest a movie about Afghanistan war trauma, domestic conflict, and a homecoming that turns into emotional chaos."
59961,Can you recommend an action thriller with a rogue CIA agent and a lot of cat-and-mouse suspense?
59961,What's a good movie about a rookie operative teaming up with a dangerous fugitive to survive?
59961,I’m looking for a tense spy action film where a safe house gets attacked and the main characters have to uncover who is after them.
2277,What movie is about a robot developing emotions and becoming more human over time?
2277,Can you recommend a science fiction drama with a heartfelt story about a robot and a family?
2277,"What romance movie features an artificial being discovering creativity, feelings, and identity?"
346672,Can you recommend a dark action-fantasy movie with vampires and werewolves?
346672,What’s a good horror-thriller with a strong female lead and lots of supernatural battles?
346672,I want a sci-fi action movie about an eternal war between vampires and lycans—what should I watch?
19912,Can you recommend a horror movie about people trying to escape death after a scary premonition?
19912,I’m looking for a mystery-horror film where a group survives a disaster but then starts dying one by one. What fits?
19912,"What movie is about a racetrack accident, a premonition, and people being hunted by terrible fate afterward?"
343674,Can you recommend a psychological horror thriller with a tense survival setup and twisted visions?
343674,What's a scary movie about being trapped alone in a remote place with dark secrets?
343674,Can you suggest a thriller with disturbing mind games and a female protagonist in danger?
950396,Can you recommend a sci-fi thriller with a romance between two characters who connect from a distance?
950396,I’m looking for a movie about two elite operatives guarding a mysterious location who have to team up when something evil emerges—any suggestions?
950396,"What’s a romantic science fiction thriller with suspense, mystery, and a survival element?"
44048,Can you recommend a fast-paced action thriller about stopping a runaway train before it causes a disaster?
44048,What movie is about two railroad workers trying to stop an unmanned train loaded with toxic chemicals?
44048,I want a suspenseful movie where ordinary people have to risk their lives to prevent a massive transportation catastrophe.
9323,Can you recommend a cyberpunk action anime movie about hackers and cyborg cops?
9323,What’s a sci-fi animated film with a dark future and brain hacking?
9323,Suggest a movie like a futuristic crime thriller with lots of action and technology
819,Can you recommend a crime drama about revenge and childhood abuse?
819,What are some thriller movies based on friends seeking justice for abuse they suffered in prison?
819,"I’m looking for a gritty movie with a courtroom case and a revenge plot, any suggestions?"
419479,Can you recommend a funny horror movie about a babysitter with a dark secret?
419479,I want a comedy horror movie involving a teen discovering a satanic cult—any suggestions?
419479,What are some movies like a creepy babysitter thriller with lots of humor and scares?
1054867,Can you recommend a thriller with crime and dark comedy about an ex-revolutionary trying to save his daughter?
1054867,"What movie mixes off-grid paranoia, family drama, and a dangerous old nemesis coming back after many years?"
1054867,I want a crime comedy thriller where a washed-up radical has to find his missing daughter—what should I watch?
12244,What are some animated sci-fi thrillers set in a post-apocalyptic world?
12244,Can you recommend an action-adventure animation movie about survivors fighting machines?
12244,What movies feature a small group of characters trying to survive against hostile robots?
1598,Can you recommend a tense psychological thriller about a man being stalked by a dangerous criminal from his past?
1598,What are some good crime dramas where a lawyer’s old mistake comes back to haunt him?
1598,I’m looking for a suspenseful movie about revenge and obsessive revenge-driven characters—any suggestions?
646385,Can you recommend a horror mystery movie with a masked killer targeting teenagers in a small town?
646385,What’s a good scary movie about a town haunted by murders from the past?
646385,"I’m looking for a suspenseful slasher with teens, secrets, and a killer returning after years—any suggestions?"
614934,What are some good movies about famous musicians and their rise to fame?
614934,Can you recommend a dramatic biopic about a legendary singer's life?
614934,What movies explore the complicated relationship between an artist and their manager?
9762,"What are some movies about dance, music, and romance between two people from very different worlds?"
9762,Can you recommend a movie where a troubled teen gets a second chance through performing arts?
9762,What’s a good romance-drama with street dancing and a scholarship plot?
94329,Can you recommend an action thriller about a SWAT team raiding a dangerous building full of criminals?
94329,What’s a fast-paced crime movie set in a gritty urban slum with intense fight scenes?
94329,Suggest a movie about police taking on a brutal drug lord in a high-stakes undercover raid.
36669,Can you recommend an action-packed spy movie about James Bond stopping a villain with a high-tech space weapon?
36669,What adventure thriller features a secret agent investigating a North Korean terrorist and a diamond mogul?
36669,"I’m looking for a fast-paced thriller with espionage, gadgets, and an international threat—what should I watch?"
82520,Can you recommend a drama about a soldier returning home and struggling to reconnect with her family?
82520,What’s a good movie about a veteran coming back to a hometown that has changed?
82520,I’m looking for a serious family drama about someone adjusting to life after military service.
11665,Can you recommend a funny action movie with spies and secret agents?
11665,What’s a comedy-thriller about an unlikely spy duo trying to stop a villainous organization?
11665,I’m looking for a lighthearted action movie with lots of espionage and undercover mishaps.
239,Can you recommend a funny classic movie with cross-dressing and mistaken identity?
239,What’s a good romance comedy set in the 1920s with gangsters and a wild disguise plot?
239,I want a crime comedy about musicians who get caught up with mobsters—what should I watch?
576845,Can you recommend a stylish horror movie with a mystery and a retro 1960s setting?
576845,What’s a good suspenseful movie about a young woman getting pulled into another era with creepy twists?
576845,"I’m looking for a horror mystery with fashion, London, and a time-travel vibe — any suggestions?"
423204,What are some action thrillers about a government agent who is falsely accused and has to clear his name?
423204,Can you recommend movies where a Secret Service agent is framed for trying to assassinate the president?
423204,I’m looking for a fast-paced thriller with a man on the run from the FBI and his own colleagues—what should I watch?
9481,Can you recommend a tense crime thriller with a detective solving grisly murders using forensic clues?
9481,I’m looking for a mystery-drama about a brilliant investigator who’s disabled but still helps crack a case—any suggestions?
9481,What movie should I watch if I want a dark suspense film with a rookie cop and an expert teaming up to catch a killer?
884605,What are some funny romantic comedies with an awkward dating premise?
884605,Can you recommend a comedy about someone being hired to help a shy young man gain confidence before college?
884605,What romantic movies have a wild setup involving fake dating and overprotective parents?
73723,What are some good animated family movies about protecting the environment?
73723,Can you recommend a kids' movie with a charming fantasy creature and a heartwarming story?
73723,What family movies are similar to The Lorax about a young boy on a quest and a lesson about nature?
1640,Can you recommend a drama with multiple interconnected characters and overlapping storylines?
1640,What are some movies set in Los Angeles that explore racial and social tensions?
1640,I’m looking for a serious ensemble film about prejudice and human conflict—what would you suggest?
1541,Can you recommend a crime drama about two women on the run who form a strong friendship?
1541,What are some adventure movies where a road trip turns into a tense escape story?
1541,"I’m looking for a movie with female leads, friendship, and a mix of drama and crime — any suggestions?"
448119,Can you recommend a family-friendly fantasy adventure movie with comedy and talking animals?
448119,What movie should I watch if I want a whimsical adventure with a quirky doctor and exotic animals?
448119,Suggest a lighthearted fantasy film about an eccentric character going on a quest to help a queen
16320,"Can you recommend a sci-fi action movie with rebels, space travel, and a rogue crew on the run?"
16320,"I'm looking for a thrilling adventure film about smugglers in space who get chased by a powerful government, any suggestions?"
16320,"What’s a good science fiction movie with psychic powers, a secret passenger, and lots of tension and action?"
446021,Can you recommend a tense mystery thriller with a lot of secrets and twists?
446021,What’s a good crime movie set in one location with strangers who all have hidden agendas?
446021,I want a stylish 1960s thriller with suspense and a dark atmosphere—what should I watch?
8965,What are some family-friendly animated adventure movies with fantasy and science fiction elements?
8965,Can you recommend a movie about an underwater lost civilization and mysterious global events?
8965,I’m looking for an action-packed animated film similar to Atlantis with returning characters and a magical setting.
617653,What are some historical drama movies about duels and honor?
617653,Can you recommend a tense medieval thriller based on true events?
617653,What movies are there about knights settling disputes through combat?
256274,Can you recommend a horror thriller about explorers getting lost in underground tunnels or catacombs?
256274,What’s a scary movie set in Paris with a creepy mystery beneath the city streets?
256274,Do you know any horror films where a group uncovers a dark secret while exploring a haunted underground place?
664,Can you recommend an action-adventure movie about people chasing deadly tornadoes?
664,What’s a dramatic disaster movie with scientists trying to track extreme storms?
664,Suggest a thriller set in Oklahoma with tornado chasers and high-stakes weather action.
204082,Can you recommend an action thriller about a former law enforcement agent who gets pulled back into danger to protect his daughter?
204082,What’s a movie like Taken where a dad has to fight criminals after his child is threatened?
204082,I’m looking for a tense crime thriller with a quiet small-town setting and a tough protagonist facing a local crime boss.
83533,What sci-fi adventure movies are about a family fighting to survive on an alien world?
83533,Can you recommend a fantasy action movie with tribal conflict and high-stakes battles?
83533,What movies are similar to Avatar and involve life-or-death struggles on Pandora?
169,What are some sci-fi action thrillers with an alien hunter in a city setting?
169,Can you recommend a movie where a police officer hunts a dangerous extraterrestrial creature?
169,What’s a good thriller about a Predator stalking people in Los Angeles?
13649,What are some fun family-friendly musical movies about teenagers working summer jobs and dealing with friendship drama?
13649,Can you recommend a lighthearted TV movie similar to High School Musical 2 with catchy songs and a summer camp or country club setting?
13649,"What comedy movies for kids and families involve high school students choosing between popularity, romance, and their friends?"
9472,Can you recommend a funny underdog sports movie with a quirky team and lots of comedy?
9472,What are some comedy movies about an unlikely group of misfits competing in a ridiculous tournament?
9472,Suggest a lighthearted movie where a struggling business or team fights back against a cocky rival
1992,Can you recommend a horror action movie with zombies and lots of gore?
1992,What’s a thriller where a woman loses a leg and fights back against mutated attackers?
1992,Suggest an action-packed horror movie about survivors battling an outbreak in a small town.
746036,Can you recommend an action-comedy with romance and a behind-the-scenes Hollywood setting?
746036,What movie has a stuntman trying to find a missing movie star and save his relationship?
746036,"I'm looking for a fun action film with comedy, romance, and a conspiracy plot—any suggestions?"
521029,Can you recommend a horror movie about a possessed doll causing supernatural chaos in a haunted artifact room?
521029,I’m looking for a scary film where a demonologist family has to protect their child from evil spirits and cursed objects—any suggestions?
521029,What horror movies feature Annabelle and the Warren family dealing with haunted artifacts and a night of terror at home?
274854,Can you recommend an action-fantasy movie about a witch hunter battling supernatural forces in the modern world?
274854,"What’s a good adventure movie with witches, magic, and a hero trying to stop a plague from destroying humanity?"
274854,Suggest a fantasy film like The Witcher or Underworld where an immortal warrior fights dark supernatural enemies.
399170,Can you recommend a funny heist movie with a clever robbery plot?
399170,What’s a good crime comedy about brothers pulling off an elaborate plan?
399170,Suggest a light action-drama movie set around a NASCAR race
2164,Can you recommend an action sci-fi adventure movie about an ancient teleportation device found in Egypt that leads to another planet?
2164,I’m looking for a film where explorers travel through a mysterious portal to a world of people who look like ancient Egyptians and worship a god-like ruler. Any suggestions?
2164,"What’s a good science fiction adventure movie involving alien technology, Egyptian mythology, and a mission to another planet?"
718789,Can you recommend an animated sci-fi adventure movie for the whole family?
718789,What are some movies about a space ranger on an intergalactic mission?
718789,I’m looking for a family-friendly adventure with robots and space exploration—what should I watch?
3176,Can you recommend a dark thriller about students forced into a deadly survival game?
3176,What are some intense action movies with a dystopian school setting and lots of tension?
3176,"I’m looking for a dramatic, violent survival movie where teenagers are made to fight each other."
793,Can you recommend a dark mystery thriller with a creepy crime investigation and psychological tension?
793,What’s a good movie about a young man uncovering disturbing secrets in a strange small town?
793,"I’m looking for a suspenseful crime movie with a surreal, unsettling atmosphere and mysterious characters."
30497,Can you recommend a scary horror movie set in rural Texas with a sinister house and a chainsaw killer?
30497,What’s a classic horror film where a group of friends run into a terrifying family while traveling in the countryside?
30497,I want a disturbing slasher movie about people stumbling into something awful on a road trip—what should I watch?
97370,"Can you recommend a dark, atmospheric sci-fi thriller with a mysterious female lead?"
97370,What are some movies about an alien or otherworldly being blending into human society?
97370,"I’m looking for an unsettling art-house drama with a creepy, seductive vibe—any suggestions?"
62215,Can you recommend a sci-fi drama about the end of the world and family relationships?
62215,What’s a good movie where a mysterious planet threatens Earth?
62215,I’m looking for a deeply emotional science fiction film with apocalyptic themes.
136799,What are some animated family movies with music and adventure?
136799,Can you recommend a funny fantasy movie for kids about an unlikely friendship?
136799,What are good feel-good movies with colorful characters and a rescue quest?
313297,Can you recommend an animated adventure movie with a magical quest and family themes?
313297,I'm looking for a family-friendly film about a young hero discovering hidden powers and facing an evil spirit.
313297,What movie would you suggest if I want a fantasy adventure with origami magic and samurai elements?
11917,Can you recommend a dark horror thriller with traps and a serial killer mystery?
11917,I’m looking for a crime horror movie about detectives investigating a suspect after a killer dies.
11917,What’s a tense suspense movie with gruesome tests and a twisty investigation plot?
9486,What are some funny action-adventure movies about an incompetent spy?
9486,Can you recommend a comedy movie with secret agents and a silly hero?
9486,"I want a lighthearted spy film with explosions, mistaken confidence, and a big jewel heist."
1246,Can you recommend a drama about an older boxer coming out of retirement for one last fight?
1246,"What is a good movie about a retired champion returning to the ring against a younger, stronger opponent?"
1246,Suggest a sports drama where a veteran fighter takes on a titleholder in an exhibition bout.
347031,Can you recommend a quirky fantasy comedy about an unlikely friendship and survival on a deserted island?
347031,"What’s a weird but heartfelt movie that mixes comedy, drama, and romance with an adventure storyline?"
347031,I want a bizarre indie movie with emotional depth and offbeat humor—any suggestions like that?
232672,What's a funny romantic comedy about two single parents who end up on the same family vacation?
232672,Can you recommend a lighthearted movie about a divorced mom and a widowed dad whose blind date goes badly?
232672,I want a comedy-romance set on a family resort vacation with kids involved—what should I watch?
77877,Can you recommend a romantic drama about a soldier who returns from war and searches for the woman who became his good luck charm?
77877,What movie is about a Marine from Iraq looking for a mysterious woman he thinks kept him safe during combat?
77877,Suggest a heartfelt romance film involving a veteran traveling to Louisiana to find the woman in a photo he found during the war.
241,Can you recommend a dark crime thriller about a violent couple on a killing spree?
241,What are some movies that criticize sensationalist media and follow serial killers?
241,I’m looking for a gritty drama about traumatized characters who become infamous criminals.
152760,Can you recommend a war drama based on a true story about people trying to save art during World War II?
152760,What movie is about a team of museum experts and artists sent behind enemy lines to recover stolen masterpieces?
152760,I want a historical drama with WWII action and a mission to protect cultural treasures. What should I watch?
816,What are some funny spy comedies with a 1960s vibe?
816,Can you recommend a crime comedy movie with a goofy secret agent?
816,I want a ridiculous movie about a British spy chasing a villain across different time periods—what should I watch?
80,What are some romantic dramas about two people reconnecting years later?
80,Can you recommend a movie about unresolved feelings between two former lovers?
80,What films explore a deep conversation between two people with a strong emotional connection?
308531,What are some fun action-comedy movies with superheroes or comic-book characters that work well for families?
308531,"Can you recommend an adventure movie with a lot of humor, sci-fi elements, and a team of heroes fighting villains?"
308531,What are good family-friendly movies with giant monster or alien villain plots and lots of over-the-top action?
1008042,Can you recommend a scary horror movie about friends who summon spirits and get in over their heads?
1008042,What are some horror films involving supernatural possession or a cursed object that takes a dark turn?
1008042,I’m looking for a creepy movie where a group of friends discover a way to contact the dead and things go badly
615777,What are some dramas or comedies about Hollywood in the 1920s and the transition from silent films to talkies?
615777,"Can you recommend a movie about ambition, excess, and the rise and fall of characters in old Hollywood?"
615777,I want a film with dark humor and a big historical Hollywood setting—what should I watch?
580175,What are some comedy-drama movies about friends experimenting with risky life choices?
580175,Can you recommend a movie about teachers going through a midlife crisis?
580175,I want a darkly funny film where a group tries to improve their lives in an unconventional way
713704,Can you recommend a scary horror movie about siblings fighting supernatural demons?
713704,What’s a good thriller with possession and a tense family reunion gone wrong?
713704,Suggest a horror movie where a family has to survive against evil forces in one location.
400617,Can you recommend a stylish period drama with a complicated romance and strong character dynamics?
400617,"What are some movies about obsessive, meticulous creatives whose lives are changed by a relationship?"
400617,I’m looking for a slow-burn romantic drama set in the 1950s with beautiful costumes and a tense emotional story. What should I watch?
10200,Can you recommend a sci-fi thriller about an alien visiting Earth to judge humanity’s future?
10200,What movie features an alien warning humans about destroying the planet and climate change?
10200,I’m looking for a dramatic science fiction film where Earth is threatened because of humanity’s environmental damage.
2899,Can you recommend a funny family adventure movie with lots of slapstick and a historical setting?
2899,I’m looking for a light fantasy comedy about ancient Egypt or Roman times—any suggestions?
2899,"What movie should I watch if I want a playful, kid-friendly epic with clever humor and action?"
172385,What are some family-friendly animated adventure movies set in the jungle?
172385,Can you recommend a comedy adventure movie about birds and family?
172385,What movies are similar to Rio and good for kids?
20943,Can you recommend a funny romantic movie about two people who constantly clash but eventually fall for each other?
20943,I’m looking for a comedy-romance with a cynical guy and a woman who doesn’t believe in his dating advice—what should I watch?
20943,"What’s a lighthearted movie about workplace banter, relationship tests, and unexpected love?"
926393,Can you recommend an action thriller about a retired operative protecting locals from the mafia?
926393,I'm looking for a crime movie set in Southern Italy with a vigilante taking on local gangsters.
926393,What’s a good thriller where the main character becomes a protector against organized crime?
265195,Can you recommend a dark comedy thriller about people snapping under pressure?
265195,I’m looking for an anthology-style drama with revenge stories and a mix of humor and tension. Any suggestions?
265195,What movie should I watch if I want something about ordinary people reacting explosively to everyday injustice?
942,Can you recommend an action thriller about cops taking on corrupt criminals with political protection?
942,I want a crime movie where two detectives team up to stop dangerous diplomats using immunity for illegal activities.
942,What’s a good buddy-cop movie with action and suspense involving a South African crime plot?
426063,"Can you recommend a dark gothic horror movie with vampires and a creepy, eerie atmosphere?"
426063,What horror-fantasy films feature an obsessive vampire and a haunting love story?
426063,"I’m looking for a scary movie with a classic monster, strong mood, and supernatural themes—any suggestions?"
371638,Can you recommend a comedy-drama about making a terrible movie and the strange friendship behind it?
371638,What movie is about two aspiring actors in Hollywood and the making of the worst film ever?
371638,I want a funny but dramatic behind-the-scenes movie about an infamous cult film—what should I watch?
59,What are some crime thrillers about an ordinary family whose past comes back to haunt them?
59,Can you recommend a drama about self-defense that turns into a bigger violent crime story?
59,What movies are like a tense thriller where a small-town family is forced into the spotlight after a murder?
9390,Can you recommend a romantic comedy-drama about a sports agent who has a moral crisis and rebuilds his career?
9390,What movie is about a sports agent who loses his clients after speaking his mind and only keeps one difficult football player?
9390,"I’m looking for a feel-good drama with romance and sports industry themes, especially involving an agent trying to start over."
44943,Can you recommend a sci-fi action movie about Marines fighting an alien invasion in a city?
44943,I'm looking for a movie where Earth is attacked by UFOs and soldiers have to defend Los Angeles.
44943,What are some action-packed alien invasion movies with military combat and lots of battles?
5174,Can you recommend an action comedy about two mismatched partners who travel to Paris to stop a crime syndicate?
5174,"What’s a funny crime movie with lots of fights, henchmen, and a buddy-cop duo trying to recover a stolen list?"
5174,I want a high-energy action-comedy sequel set in Paris with martial arts and gangster chases—what should I watch?
2288,Can you recommend a dramatic romance about complicated relationships and infidelity?
2288,I’m looking for a movie where two couples’ lives become tangled through deceit and attraction—what should I watch?
2288,"What’s a romance drama involving cheating, emotional manipulation, and messy relationships between two couples?"
866,Can you recommend a touching drama about a writer finding inspiration through a special family?
866,What’s a good fantasy drama about the creation of Peter Pan?
866,I want a movie about an emotional friendship between an artist and a widow with children — any recommendations?
193610,Can you recommend a funny romantic movie about women teaming up for revenge after finding out they were all dating the same guy?
193610,"What’s a comedy romance with a cheating boyfriend, a secret wife, and a revenge plot?"
193610,I’m looking for a light-hearted movie where three women bond over being betrayed by the same man—any suggestions?
417678,Can you recommend a romantic drama about teenagers falling in love under unusual circumstances?
417678,What movie features a girl with a serious illness or allergy who falls for the boy next door?
417678,I want a coming-of-age romance where one character has to live very sheltered—what should I watch?
587792,Can you recommend a funny sci-fi romantic comedy with a time loop and wedding setting?
587792,"I'm looking for a movie similar to Groundhog Day but with romance and a lighter, modern vibe."
587792,What’s a good comedy romance movie with weird sci-fi elements and a couple stuck reliving the same day?
2252,Can you recommend a dark crime thriller involving the Russian mob and a mystery in London?
2252,What’s a suspenseful movie about a diary uncovering secrets tied to a dangerous criminal family?
2252,"I’m looking for a gritty thriller with violence, childbirth tragedy, and organized crime—what should I watch?"
582014,Can you recommend a dark thriller about revenge and trauma?
582014,What are some crime dramas with a strong female lead seeking justice?
582014,"I want a movie like Gone Girl with a twisty, unsettling atmosphere and themes of vengeance."
23169,Can you recommend a romantic drama about two people dealing with tragic family losses?
23169,I'm looking for a movie where a troubled guy falls in love with a girl who has her own tragic past. Any suggestions?
23169,"What are some emotional romance movies centered on grief, family drama, and healing?"
11621,Can you recommend an animated adventure movie with sky pirates and a unique hero?
11621,What fantasy movies are set in 1930s Europe and have a mix of action and humor?
11621,I’m looking for a movie about a former fighter pilot with an unusual transformation and aerial battles.
340102,Can you recommend a sci-fi horror movie about young people with powers trapped in a secret facility?
340102,What’s a good movie about mutants discovering their abilities while trying to escape a creepy lab?
340102,I’m looking for a horror sci-fi film with a group of teens or young adults fighting to survive in captivity.
10054,Can you recommend a fun family adventure movie with spies and kids saving the day?
10054,What action-comedy movies are good for children and involve secret agents or spy families?
10054,I’m looking for a light sci-fi adventure film with humor that the whole family can enjoy.
68,What are some dark comedy sci-fi movies about bureaucracy and government corruption?
68,Can you recommend a surreal movie where the main character escapes reality through daydreams?
68,What movies mix absurd humor with dystopian science fiction and mistaken identity?
456740,Can you recommend a fantasy action movie about a demon-like hero fighting an ancient queen and trying to stop the apocalypse?
456740,What horror adventure movies feature a supernatural protagonist battling magical creatures in England?
456740,I’m looking for an action fantasy film with dark horror elements and an end-of-the-world storyline—any suggestions?
914,Can you recommend a classic comedy about a dictator and political satire?
914,What are some war comedies that also deal with persecution and injustice?
914,I’m looking for a movie that mixes slapstick humor with a serious anti-war message—what should I watch?
9870,What are some funny romantic comedies about getting over a breakup on vacation?
9870,Can you recommend a comedy about a guy who runs into his ex and her new boyfriend while trying to move on?
9870,"I want a lighthearted movie about heartbreak, a tropical getaway, and a new romance—what should I watch?"
77950,What are some family-friendly animated movies about chasing big dreams?
77950,Can you recommend an animated movie about an underdog who wants to win a race?
77950,"What movies are similar to Turbo, with a small character aiming for a huge competition?"
9291,Can you recommend a funny sports movie with prison inmates and a football game?
9291,What's a crime comedy-drama about an ex-football player in prison who ends up coaching a team?
9291,Suggest a movie like a rebellious underdog football story set in a prison
37247,Can you recommend a classic romantic dramedy about a recent college graduate caught in a complicated love triangle?
37247,"What are some movies like The Graduate with a mix of drama, romance, and comedy?"
37247,I’m looking for a film about a young man’s post-college confusion and an affair with an older woman—any suggestions?
514847,Can you recommend a violent thriller where strangers are hunted for sport?
514847,What’s a horror-action movie about a group of people trapped and forced to fight back against hunters?
514847,I’m looking for a suspenseful movie with a dark conspiracy and a woman who turns the tables on her attackers.
57212,Can you recommend a war drama set during World War I with a strong emotional story?
57212,What movie is about a boy searching battlefields for his horse during the First World War?
57212,Suggest a historical drama that follows a horse's journey through the Great War
817,Can you recommend a goofy spy comedy with time travel and lots of 60s pop culture jokes?
817,What's a fun adventure movie with a ridiculous villain and a secret agent trying to save the world?
817,"Do you know any crime-comedy films that are silly, retro, and full of over-the-top characters?"
986056,What are some action sci-fi adventure movies about a team of misfits sent on a dangerous mission?
986056,Can you recommend a movie where disillusioned antiheroes have to confront their troubled pasts?
986056,What’s a good adventure movie with lots of action and a group of unlikely heroes trapped in a deadly situation?
50456,Can you recommend an action thriller about a teenage girl trained to be an assassin?
50456,What’s a good adventure movie where a young woman is hunted across Europe by intelligence agents?
50456,Suggest a thriller with a strong female lead who was raised for a dangerous mission and discovers shocking truths about herself.
65086,Can you recommend a creepy gothic horror movie with a haunted house and a mysterious woman in black?
65086,What’s a good thriller about a lawyer investigating a dead client’s estate in a remote village?
65086,"I want a dark drama-horror film with ghosts, secrets, and an isolated setting—any suggestions?"
13387,Can you recommend an action thriller about a professional driver who has to escort a kidnapped woman across Europe?
13387,What are some crime movies with a lot of car chases and a high-stakes delivery mission?
13387,I’m looking for a fast-paced thriller where the main character must protect someone while dealing with criminals and corrupt officials.
278924,Can you recommend an action thriller where a hitman has to complete impossible assassinations that are made to look like accidents?
278924,I'm looking for a crime movie about a professional assassin forced back into action to save the woman he loves.
278924,What are some adventure-action films with globe-trotting assassinations and a dangerous revenge plot?
696506,What are some dark sci-fi comedies with a weird premise and adventure elements?
696506,Can you recommend a movie about cloning or dying repeatedly that’s also funny?
696506,What are some recent science fiction movies with an unusual hero and a satirical tone?
258216,Can you recommend a drama about a woman reflecting on her sexual history and life experiences?
258216,What’s a controversial art-house drama with a long conversation between two characters about sex and personal philosophy?
258216,"I’m looking for a dark, adult drama that explores sexuality and confession in an unusual narrative style."
1620,Can you recommend an action thriller about a highly trained assassin who gets betrayed by the organization he works for?
1620,What’s a movie like Hitman with a mysterious hitman being hunted after a double-cross?
1620,"Suggest a tense international assassin movie with lots of action, intrigue, and a lone operative on the run."
1621,What are some funny movies about rich and poor people swapping lives?
1621,Can you recommend a comedy where two guys get tricked into switching places?
1621,What are some classic 1980s comedies with social satire and mistaken identity?
499932,Can you recommend a dark crime drama with a lot of tension and morally complicated characters?
499932,"What thriller movies are set in a small-town Southern or rural America and have a grim, eerie atmosphere?"
499932,"I want a movie about family, violence, and evil in a backwoods setting—what should I watch?"
594767,What are some fun superhero movies with comedy and fantasy elements?
594767,Can you recommend an action movie about a team of young heroes with powers?
594767,I’m looking for a lighthearted fantasy film where the heroes fight gods or mythological villains.
462,Can you recommend a drama about a determined woman fighting a major injustice?
462,What’s a movie about uncovering a corporate cover-up and exposing environmental wrongdoing?
462,I’m looking for a true-story drama with a strong female lead who investigates a scandal. Any suggestions?
600354,Can you recommend a heartbreaking drama about an elderly parent struggling with dementia and a strained relationship with their child?
600354,What are some good movies about memory loss and confusion from the perspective of an aging man?
600354,"I’m looking for a serious drama about family caregiving, old age, and a character losing touch with reality."
9489,Can you recommend a romantic comedy about two people who fall in love online without knowing their real-life connection?
9489,"What’s a feel-good movie about bookstores, small businesses, and a romance that grows through email?"
9489,Suggest a comedy romance where rivals in business unknowingly become each other’s love interest
50348,What are some crime thrillers about defense attorneys handling a major case?
50348,Can you recommend a dramatic courtroom movie with a charismatic lawyer and lots of suspense?
50348,I'm looking for a thriller where a defense lawyer gets pulled into a high-stakes murder case.
512196,Can you recommend a horror-comedy with time travel and a sci-fi twist?
512196,What movie is similar to Groundhog Day but with a masked killer and parallel universes?
512196,I want a funny slasher movie involving alternate realities and college students—what should I watch?
212778,Can you recommend a funny feel-good movie about starting over and following your passion?
212778,What comedy movies are about a chef who quits his job and opens a food truck?
212778,"I want a movie about family, food, and someone reinventing their life after a career setback."
77016,What are some gritty crime thrillers about police officers getting targeted by dangerous cartels?
77016,Can you recommend a tense movie about young cops whose routine stop turns into a deadly situation?
77016,"I’m looking for a dramatic thriller with police, gangs, and lots of suspense—what should I watch?"
160588,Can you recommend a drama about a wealthy woman coping with trauma and trying to start over in a new city?
160588,"What’s a good movie about anxiety, personal downfall, and being haunted by the past?"
160588,I’m looking for a character-driven drama about family conflict and rebuilding life after a major misfortune.
11674,Can you recommend a funny family movie about dogs and adventure?
11674,What’s a good comedy for kids that has puppies in it?
11674,I’m looking for a lighthearted movie with animals and a villain—any suggestions?
406759,Can you recommend a sci-fi action movie about a disaster in space threatening Earth?
406759,What are some adventure movies where the moon or other celestial bodies cause a global catastrophe?
406759,I want a science fiction thriller with lots of action and a doomsday scenario—what should I watch?
4257,What are some funny horror spoof movies with aliens and ghosts?
4257,Can you recommend a comedy movie where a haunted house and an alien invasion happen at the same time?
4257,I'm looking for a parody film with creepy supernatural stuff and ridiculous sci-fi elements.
15121,Can you recommend a feel-good family musical set in the years before World War II?
15121,What’s a classic movie about a governess who brings music and happiness to a large family?
15121,I’m looking for a romantic drama with songs and an uplifting story—any suggestions?
1669,Can you recommend a tense Cold War thriller involving submarines and military deception?
1669,What action movies are about a race against time to prevent a nuclear incident?
1669,Can you suggest a spy thriller where a CIA analyst has to figure out if an enemy commander is defecting?
267935,Can you recommend a family-friendly fantasy adventure about a child befriending a giant?
267935,What are some movies like The BFG with magical creatures and a brave young heroine?
267935,I'm looking for a wholesome adventure film where kids and fantasy giants team up against a bigger threat.
280092,What are some scary supernatural horror movies about a teenage girl and her family?
280092,Can you recommend a thriller with otherworldly spirits and a haunted family?
280092,"What horror movies are like Insidious with demons, jump scares, and a creepy alternate realm?"
62214,Can you recommend an animated family movie with some comedy and a spooky twist?
62214,"What’s a good movie for kids that mixes humor, monsters, and a heartfelt story about a dog?"
62214,I’m looking for a quirky stop-motion comedy for families that involves bringing a pet back to life.
936075,What are some music dramas about famous singers and their rise to stardom?
936075,Can you recommend a movie about the life of Michael Jackson?
936075,I’m looking for a dramatic biopic about an iconic performer and their personal life.
937278,Can you recommend a comedy-drama about a grumpy widower who becomes friends with his new neighbors?
937278,What movie should I watch if I want a heartwarming story about an unlikely friendship with a pregnant neighbor?
937278,"Is there a film like A Man Called Otto with humor, sadness, and a lonely older man finding a new purpose?"
27582,Can you recommend an action thriller about a professional assassin with a strict code and a high level of precision?
27582,What crime movies feature a mentor-protégé relationship and revenge after a close friend is murdered?
27582,"I’m looking for a tense thriller with assassins, betrayal, and a clean, methodical lead character."
7512,Can you recommend a sci-fi comedy about people waking up in a future where everyone is really dumb?
7512,What’s a funny adventure movie with a dystopian future and social satire?
7512,I want a movie like Back to the Future but with a ridiculous post-apocalyptic setting and adult humor
7735,Can you recommend a thriller about a social experiment that shows how people can be manipulated into following a dictatorship?
7735,I'm looking for a drama set in a school that explores nationalism and the rise of authoritarianism. Any suggestions?
7735,What movie should I watch if I want a tense story about a teacher demonstrating how easily a group can be turned into an extremist movement?
314,Can you recommend an action fantasy movie with a female vigilante and superhero powers?
314,What are some crime movies where an ordinary person gets transformed and fights corruption?
314,Suggest a movie like a comic-book action film with a strong female lead and cat-like abilities.
1078605,Can you recommend a horror mystery movie about a whole class of children disappearing mysteriously?
1078605,What are some good movies like a creepy small-town horror where everyone is trying to figure out who or what caused the disappearance?
1078605,I’m looking for a suspenseful mystery horror film about a community dealing with the sudden vanishing of children—any suggestions?
59962,What are some action comedy romance movies about two men competing for the same woman?
59962,Can you recommend a fun spy movie with romance and lots of humor?
59962,"I’m looking for a lighthearted action film where secret agents end up in a love triangle, any suggestions?"
6795,Can you recommend a fun family sci-fi adventure with kids and a magical game?
6795,What movie is like Jumanji but set in space?
6795,Suggest a space adventure film that kids and parents can watch together.
87093,Can you recommend a drama about a woman whose art is stolen by her husband?
87093,What’s a good movie about an artist couple where one spouse takes credit for the other's work?
87093,Suggest a drama based on a true story about hidden artistic talent and marriage conflict.
1443,Can you recommend a moody coming-of-age drama about mysterious sisters and teenage obsession?
1443,"What’s a romantic drama with a dark, melancholic tone and a strict family dynamic?"
1443,"I’m looking for a movie about isolated siblings, first love, and a haunting atmosphere."
429197,What are some political drama comedies about power and influence in the U.S. government?
429197,Can you recommend a movie about a behind-the-scenes political figure shaping national policy?
429197,What films explore the rise of a vice president and their impact on a presidential administration?
8367,Can you recommend an action-adventure movie with a heroic outlaw fighting a corrupt sheriff?
8367,I'm looking for a medieval adventure film about a nobleman returning home to avenge his father and save his kingdom.
8367,What are some drama-adventure movies like Robin Hood set in medieval England with lots of sword fighting and rebellion?
796,Can you recommend a dark romantic drama about manipulation and seduction among wealthy teens?
796,What movie is about a bet involving a stepbrother trying to seduce a headmaster's daughter?
796,"I'm looking for a steamy drama with betrayal, power games, and forbidden romance."
8487,Can you recommend an action-comedy with a wild steampunk Western vibe and a pair of mismatched heroes?
8487,What’s a fun sci-fi Western movie about two agents trying to stop a villain from assassinating the president?
8487,"I’m looking for an adventure comedy set in the Old West with gadgets, disguises, and over-the-top villains—what should I watch?"
261023,Can you recommend a crime drama based on a true story about an infamous gangster and FBI informant?
261023,What movie is about a notorious Boston mob boss who works with the FBI?
261023,I’m looking for a dark crime film with history elements about organized crime and betrayal—what should I watch?
11887,Can you recommend a fun family musical about high school seniors getting ready for college?
11887,What’s a good comedy-drama movie about friends and romance in their final year of high school?
11887,I’m looking for a lighthearted movie about teens putting on a school play and dealing with the future.
58233,Can you recommend a funny action movie with a clumsy spy trying to save world leaders?
58233,What’s a crime comedy about an undercover agent using high-tech gadgets on a dangerous mission?
58233,I’m looking for a lighthearted spy movie with political intrigue and lots of action—any suggestions?
146,Can you recommend an action-packed adventure movie with strong drama and romance set in a historical or martial arts world?
146,"What’s a visually stunning foreign film about skilled warriors, a stolen weapon, and a young woman finding her path?"
146,"Suggest a movie similar to epic martial arts films that mix romance, adventure, and intense fight scenes."
4995,Can you recommend a dark comedy drama about the adult film industry in the 1970s?
4995,I’m looking for movies about a rising star and his mentor in a flashy but falling-apart world. Any suggestions?
4995,What’s a good film that mixes humor and drama while showing the excess and downfall of a party lifestyle?
1062722,Can you recommend a dark gothic horror movie about a scientist creating life?
1062722,What’s a dramatic fantasy horror film with a tragic monster and a creator?
1062722,I’m looking for a classic horror story about obsession and a creature brought to life.
9362,Can you recommend a funny horror movie with giant monsters?
9362,What’s a sci-fi comedy about people fighting creatures underground?
9362,I’m looking for a cult classic monster movie that mixes horror and humor.
384521,Can you recommend a sci-fi horror movie with a mysterious alternate reality and a space station setting?
384521,What's a good movie about scientists testing a dangerous device in space that goes horribly wrong?
384521,"I want a suspenseful mystery movie involving an energy crisis, dimensional weirdness, and creepy sci-fi elements."
401104,What are some drama movies about eating disorders and recovery?
401104,Can you recommend a movie about a young woman struggling with anorexia?
401104,I want a drama that deals with mental health and has an unconventional therapist or doctor—any suggestions?
449563,What are some funny romantic comedies with a fantasy twist where the main character gets stuck in a rom-com world?
449563,Can you recommend a movie about someone who hates romance but suddenly wakes up in a cheesy love story?
449563,What’s a lighthearted comedy-romance where the lead is transported into an exaggerated idealized version of real life?
458576,Can you recommend an action fantasy adventure movie with soldiers fighting monsters in another world?
458576,What’s a good movie about a portal to a dangerous fantasy world full of monsters?
458576,I’m looking for a film where a team gets stranded in a strange world and teams up with a hunter to survive.
295964,Can you recommend a drama about a chef trying to rebuild his career and earn Michelin stars?
295964,What movie is about a talented but self-destructive chef who goes back to London for redemption?
295964,"I want a film centered on cooking, ambition, and personal comeback—any suggestions?"
1011985,What are some fun animated action-comedy movies for the whole family with a lovable hero?
1011985,Can you recommend a fantasy adventure movie where the main character has to train a successor?
1011985,"What movies are good if I want martial arts, humor, and a villain who brings back old enemies?"
23631,What are some action-comedy thrillers about a betrayed hitman taking revenge?
23631,Can you recommend a violent revenge movie with a lot of dark humor?
23631,I’m looking for a movie where an ex-soldier or assassin goes on a brutal rampage after being double-crossed.
504949,Can you recommend a historical drama about a reluctant prince who becomes king?
504949,What’s a good war movie set in 15th-century England about Henry V?
504949,I’m looking for a dramatic period film about political power and medieval battles.
458423,Can you recommend a lighthearted romantic comedy with music and a fun island setting?
458423,"What’s a good sequel that mixes comedy, romance, and flashbacks to a character’s youth?"
458423,"I’m looking for a feel-good movie about family, love, and opening a hotel—any suggestions?"
258230,Can you recommend a fantasy adventure movie about a child dealing with a parent’s illness?
258230,What family-friendly movies feature a magical creature helping a kid through a difficult time?
258230,"I’m looking for an emotional fantasy film with a young boy, school bullying, and a monster guide."
9032,Can you recommend a funny movie about someone unexpectedly having to take care of a kid?
9032,What’s a comedy-drama where a guy has to grow up after becoming a parent?
9032,I’m looking for a lighthearted movie about fatherhood and personal responsibility.
72331,Can you recommend an action fantasy horror movie where a historical figure fights vampires?
72331,What’s a movie about Abraham Lincoln battling supernatural creatures?
72331,"I want a dark, outrageous film with vampires and a revenge-driven hero—what should I watch?"
12222,Can you recommend a funny animated family movie with an adventure about helping tiny characters?
12222,What are some fantasy movies for kids where an unlikely hero tries to save a small world?
12222,I’m looking for a lighthearted comedy adventure about an animal who hears something no one else believes.
8619,Can you recommend a historically accurate naval war adventure with strong shipboard camaraderie and a focus on duty versus glory?
8619,What movie has a British ship captain chasing a French warship across the ocean while dealing with the welfare of his crew?
8619,"I’m looking for a dramatic war film set at sea with battles, strategy, and an emphasis on leadership and friendship aboard a ship."
399361,Can you recommend an action thriller about former soldiers planning a dangerous heist against a drug lord?
399361,What’s a good crime adventure movie where a team of ex-special ops members reunite for one last job?
399361,I’m looking for a tense movie about a high-stakes robbery in South America with lots of action and betrayal.
766,Can you recommend a funny fantasy horror movie with undead and a time-travel plot?
766,What's a cult classic comedy-horror movie with a chainsaw-wielding hero?
766,"I want a fantasy adventure with dark ages setting, romance, and lots of zombies — any suggestions?"
695721,What are some science fiction action movies about dystopian societies and survival competitions?
695721,Can you recommend a movie like The Hunger Games with a strong female lead and political intrigue?
695721,What are some prequel movies that explore the backstory of a villain before they become powerful?
572802,What are some action-adventure fantasy movies with underwater kingdoms and epic battles?
572802,Can you recommend a superhero movie where the hero teams up with a rival or enemy to save a kingdom?
572802,What movies are similar to Aquaman that have revenge-driven villains and magical powers?
457799,Can you recommend a true crime drama about a notorious serial killer told from the perspective of his partner?
457799,What’s a crime movie based on Ted Bundy’s life and crimes?
457799,I’m looking for a dark drama about a manipulative murderer and the woman who couldn’t accept who he really was. Any suggestions?
419478,Can you recommend a romantic drama about a girl with a rare illness who falls in love during the summer?
419478,What movie is about a sheltered teenager who can’t go in the sunlight and starts a romance with a boy named Charlie?
419478,I’m looking for a sad but sweet love story involving a serious medical condition and forbidden sunlight—what should I watch?
1103,Can you recommend an action thriller set in a dystopian future prison?
1103,What’s a good science fiction movie about a dangerous rescue mission in a ruined city?
1103,I’m looking for a movie with a tough anti-hero and a high-stakes 24-hour mission. Any suggestions?
397837,Can you recommend a drama-fantasy movie about someone reliving the same day over and over?
397837,What are some movies like Groundhog Day but with a teenage girl and emotional drama?
397837,I want a movie where the main character gets a chance to rethink her life after time starts repeating—any suggestions?
46705,"Can you recommend a raw, emotional drama about a marriage falling apart?"
46705,What are some romance movies that realistically show the ups and downs of a relationship?
46705,I’m looking for a sad relationship film about a couple struggling with love and life.
74643,Can you recommend a romantic comedy-drama set in old Hollywood?
74643,I'm looking for a movie about the transition from silent films to talkies. Any suggestions?
74643,What’s a feel-good black-and-white romance with a classic movie industry setting?
277685,Can you recommend a horror movie about friends being stalked through video chat by a supernatural force?
277685,What’s a mystery horror film where a dead classmate starts exposing a group of teenagers’ secrets online?
277685,I’m looking for a scary movie with a social media or computer screen format and a haunted revenge plot.
3594,Can you recommend a dark psychological thriller about someone becoming obsessed with a mysterious book that seems tied to their own life?
3594,I’m looking for a mystery-crime drama where the main character starts seeing disturbing connections between a novel and reality. Any suggestions?
3594,"What movie should I watch if I want a suspenseful thriller about paranoia, obsession, and a bizarre number that keeps showing up everywhere?"
765,Can you recommend a horror-comedy with lots of gore and dark humor?
765,"What movie mixes supernatural possession, fantasy elements, and absurd comedy?"
765,I’m looking for a cult horror film about a cabin in the woods and evil spirits — any suggestions?
381289,Can you recommend a family-friendly movie about a dog with a touching story?
381289,What’s a good fantasy drama for viewers who like emotional animal stories?
381289,I’m looking for an adventure movie about a dog’s journey through different lives.
1234821,Can you recommend a sci-fi adventure movie with dinosaurs and a high-stakes rescue mission?
1234821,What action movie has a team on a secret mission involving giant dinosaurs and a stranded family?
1234821,Suggest a science fiction film like Jurassic World with survival on a dangerous island full of dinosaurs.
22804,Can you recommend a dark horror-thriller with a lot of suspense and traps?
22804,What’s a good movie like Saw that involves twisted games and a criminal mastermind?
22804,"I want a tense, gory thriller about a detective and a deadly puzzle — what should I watch?"
872,What are some classic comedy-romance movies set in old Hollywood?
872,Can you recommend a funny romantic movie about the transition from silent films to talkies?
872,What movies feature a love story in 1920s Hollywood with lots of singing and dancing?
1966,Can you recommend an epic historical war movie about a famous conqueror?
1966,What movie should I watch if I want a large-scale adventure about ancient empires and battle?
1966,Do you have any drama films with romance and action set in the time of Alexander the Great?
906126,What are some intense survival dramas based on true events?
906126,Can you recommend a movie about people stranded in the mountains after a plane crash?
906126,I’m looking for a historical drama about a real-life disaster and survival
899082,What are some good documentary movies about the making of famous film franchises?
899082,Can you recommend a behind-the-scenes special about Harry Potter for fans of the series?
899082,What should I watch if I want cast interviews and a nostalgic look back at the Harry Potter movies?
10948,Can you recommend a heartfelt animated movie about an unlikely friendship that gets tested over time?
10948,What family-friendly adventure film has animal characters and a bittersweet storyline?
10948,I’m looking for a classic Disney-style movie about a fox and a dog becoming friends—what would you suggest?
392,Can you recommend a romantic drama with a cozy small-town setting and a bit of comedy?
392,What are some movies about an outsider changing a conservative community in a charming way?
392,"I’m looking for a feel-good film centered on food, romance, and family life—any suggestions?"
109431,What are some funny crime movies about identity theft and chasing down the thief?
109431,Can you recommend a comedy where a businessman goes on a road trip after someone steals his identity?
109431,I’m looking for a lighthearted crime movie with a deceptive woman and a lot of chaos—any suggestions?
262391,Can you recommend a funny movie about a conservative family dealing with their daughters marrying men from different cultures and religions?
262391,What are some comedy films about interfaith or intercultural marriages causing chaos in a family?
262391,I’m looking for a lighthearted French comedy about family tensions around mixed marriages and cultural differences.
617126,Can you recommend a sci-fi adventure movie with a retro-futuristic 1960s vibe and lots of action?
617126,What’s a good superhero movie about a family team fighting a cosmic threat like Galactus?
617126,I’m looking for an action-packed Marvel movie with space battles and a strong family theme.
328425,Can you recommend a psychological thriller about a married couple whose lives are disrupted by a mysterious old acquaintance?
328425,What’s a good mystery drama with suspense and unexpected twists involving a chance encounter from the past?
328425,I’m looking for a thriller movie about a couple facing unsettling events after meeting someone from high school—any suggestions?
263472,Can you recommend a suspenseful horror thriller about a married man whose kindness to two strangers turns into a dangerous nightmare?
263472,What’s a good crime thriller where a family man is seduced into a deadly cat-and-mouse game?
263472,Suggest a tense movie about a husband and father who gets into trouble after two young women show up at his door.
8337,Can you recommend a sci-fi action thriller about aliens secretly controlling society?
8337,What’s a movie where someone discovers the government or public is being manipulated by hidden aliens?
8337,I want a thriller with a drifter who uncovers a secret about people not being human—any suggestions?
443791,Can you recommend a tense underwater survival movie with horror and sci-fi elements?
443791,I'm looking for an action-packed thriller about scientists trapped in a damaged deep-sea station—what should I watch?
443791,What’s a scary movie set in the deep ocean with a race against time to escape?
1370,Can you recommend an action-packed war movie about a soldier coming out of retirement for one last mission?
1370,What’s a good adventure thriller set in Afghanistan with rescue and combat scenes?
1370,Suggest a movie like Rambo where a tough lone hero goes back into battle to save his friend.
1339713,Can you recommend a horror thriller about someone making a wish that goes horribly wrong?
1339713,What’s a scary movie where a hopeless romantic gets an obsession with a dark supernatural twist?
1339713,I want a thriller similar to a cursed wish story with romance and sinister consequences. Any suggestions?
6075,Can you recommend a crime drama about an ex-con trying to go straight but getting pulled back into the underworld?
6075,What are some thriller movies set in New York City about gangsters and organized crime?
6075,I’m looking for a movie like The Godfather with a former criminal trying to leave that life behind—any suggestions?
173897,Can you recommend a post-apocalyptic action horror movie with zombies and a strong female lead?
173897,What’s a good sci-fi horror film about a final battle against a deadly corporation and the undead?
173897,I want an intense monster movie set in a ruined world with lots of action and survival elements—any suggestions?
140823,What are some good historical dramas about the making of classic movies?
140823,Can you recommend a comedy-drama about an author reflecting on her childhood?
140823,What movies are about the behind-the-scenes story of Disney adaptations?
531309,Can you recommend a horror movie about an alien child who turns evil instead of becoming a hero?
531309,What’s a scary sci-fi film with a dark twist on the Superman origin story?
531309,I’m looking for a horror drama about a child with superpowers who becomes sinister—any suggestions?
109451,Can you recommend a funny animated family movie with a lot of food-related chaos?
109451,What are some good kids' comedy movies with inventors and crazy inventions?
109451,I’m looking for a lighthearted family animation sequel with adventure and lots of humor.
40805,Can you recommend a funny action movie about a spoiled rich guy who becomes a masked crime-fighter?
40805,I'm looking for a crime comedy with superhero-style vigilantes and lots of action—what should I watch?
40805,What movie is about a wealthy heir teaming up with a skilled sidekick to fight gangsters and corruption?
6023,Can you recommend a romantic drama about coping with the loss of a spouse and finding a way to move on?
6023,What are some movies where a late partner leaves behind messages or letters to help their loved one heal?
6023,"I’m looking for a heartfelt movie about grief, love, and starting over after losing someone important."
1375,Can you recommend a drama about an aging boxer who loses his fortune and has to rebuild his life?
1375,What movie is about a retired fighter who starts training a young boxer after going broke?
1375,I'm looking for a drama where a former champion faces financial trouble and finds purpose in coaching someone new.
244267,What are some science fiction dramas that explore the relationship between science and spirituality?
244267,Can you recommend a movie about a scientist whose research leads to questions about human existence and belief?
244267,I’m looking for a thoughtful sci-fi drama with a molecular biologist and a philosophical storyline.
2756,Can you recommend an adventure sci-fi thriller set underwater with a mysterious force?
2756,What’s a good movie about a deep-sea rescue mission involving a sunken submarine?
2756,I’m looking for a tense ocean-based science fiction film with lots of suspense and exploration.
400650,Can you recommend a family-friendly fantasy movie with music and magic?
400650,What are some good comedy movies for kids that have a magical adventure theme?
400650,I’m looking for a feel-good fantasy film similar to classic children’s musicals — any suggestions?
433808,Can you recommend a horror mystery movie about friends getting stalked in the woods?
433808,What movie should I watch if I want a creepy forest survival story with a menacing presence?
433808,Suggest a suspenseful horror film where a group reunion turns into a terrifying trip through the woods.
609681,What are some sci-fi adventure movies with a team of heroes working together to save the universe?
609681,Can you recommend action movies that involve superheroes and space travel?
609681,I want a fun Marvel movie with female leads and lots of intergalactic action—what should I watch?
9506,Can you recommend a comedy about a shy guy who gets forced into anger management therapy?
9506,What’s a funny movie where a therapist moves in and turns someone’s life upside down?
9506,Suggest a comedy about a businessman who goes from timid to wild after a court-ordered treatment.
220289,What are some mind-bending sci-fi thrillers about a strange event causing people at a dinner party to question reality?
220289,"Can you recommend movies like Coherence with a small cast, tense atmosphere, and a mysterious cosmic phenomenon?"
220289,I want a thriller with science fiction elements where ordinary people are thrown into chaos by an unexplained event—what should I watch?
714,Can you recommend an action-packed spy movie with international intrigue and a villain trying to start a global war?
714,"What’s a good James Bond-style thriller with lots of adventure, gadgets, and high-stakes espionage?"
714,I want a fast-paced movie about a media tycoon causing chaos around the world—any suggestions?
947,What are some epic historical war movies about a British officer leading Arab tribes during World War I?
947,Can you recommend an adventure film set in the Middle East with large-scale battles and political conflict?
947,I’m looking for a classic history movie based on real events about uniting different tribes against the Turks.
2486,Can you recommend a fantasy adventure movie about a farm boy who discovers a dragon and has to save his homeland?
2486,"I’m looking for a family-friendly action movie with dragons, magic, and a young hero chosen to fight an evil king."
2486,What’s a good adventure movie similar to a coming-of-age fantasy quest with dragons and a destined hero?
974576,What are some tense political thrillers set inside the Vatican or involving the Catholic Church?
974576,Can you recommend a drama about a secretive election or power struggle among influential leaders?
974576,What movies are like a suspenseful conspiracy story with religious themes and lots of dialogue?
39451,Can you recommend a light comedy about family awkwardness and in-law tension?
39451,What’s a funny romantic movie about married life and trying to impress your spouse’s parents?
39451,Do you know any comedies where a dad has to deal with chaotic family drama and birthday party mayhem?
2005,Can you recommend a funny music movie about a singer who hides out in a convent?
2005,What’s a good comedy about someone going undercover as a nun?
2005,I’m looking for a lighthearted musical film with crime and mistaken identity elements—any suggestions?
353616,What are some funny music movies about a group of friends reuniting for one last performance?
353616,Can you recommend a comedy about an all-female singing group going on a tour?
353616,"I want a lighthearted movie with singing, friendship, and a sequel vibe — what should I watch?"
19959,Can you recommend a sci-fi action thriller about a futuristic world where people use robot surrogates to interact with each other?
19959,What movie is about a cop investigating murders in a world where humans live through surrogate robots?
19959,"I’m looking for a thriller set in the future with robots, virtual identities, and a detective mystery—what should I watch?"
455980,What are some funny action movies about competitive friends and games?
455980,Can you recommend a comedy where a group of friends has an ongoing rivalry?
455980,I'm looking for a lighthearted action movie with lots of buddy antics and a clever premise.
10312,Can you recommend a funny but emotional movie based on a true story about a doctor who helps patients through humor?
10312,I’m looking for a comedy-drama where the main character is a medical professional who uses laughter and kindness to heal people. What should I watch?
10312,What movie is about a real-life doctor who challenges the system and risks his career to make patients feel better with humor?
980489,What are some movies about video games leading to real-life success?
980489,Can you recommend an inspirational sports movie based on a true story?
980489,What action dramas feature an underdog who becomes a professional racecar driver?
644495,Can you recommend a crime drama about a wealthy family torn apart by ambition and betrayal?
644495,What movie is about a marriage that leads to revenge and murder within a famous fashion dynasty?
644495,I want a historical drama with crime and family conflict—what should I watch?
818,What are some funny spy comedies like Austin Powers in Goldmember?
818,Can you recommend a crime comedy with a ridiculous villain and lots of parody?
818,What movies are similar to Austin Powers with over-the-top humor and secret agent antics?
462919,What are some teen romance movies about mistaken identity and high school drama?
462919,Can you recommend a funny coming-of-age movie with an awkward outsider and a love triangle?
462919,What movies are similar to a high school rom-com where the unpopular girl gets caught up in a crush mix-up?
274167,What are some funny movies about dads competing for their kids' love?
274167,Recommend a comedy about a stepdad dealing with the kids' real father.
274167,I want a lighthearted family comedy with awkward parenting rivalry—any suggestions?
9361,Can you recommend a historical war drama set in colonial America with Native American tribes involved?
9361,What’s a good movie about a British colonel’s daughter being rescued during a colonial battle?
9361,"I’m looking for an epic period drama with action, battles, and Native American characters—any suggestions?"
15969,"What family adventure movie has magic, action, and a genie plotting revenge?"
15969,Can you recommend an animated adventure film with romance and heroic quests?
15969,"What movie features Aladdin, Princess Jasmine, and the Genie fighting Jafar?"
957,Can you recommend a funny science fiction movie that parodies Star Wars?
957,What’s a good comedy movie with space adventures and weird characters?
957,"I’m looking for a lighthearted sci-fi spoof with a hero, a princess, and lots of jokes."
841,Can you recommend an epic sci-fi adventure movie with desert planets and political intrigue?
841,What action science fiction films involve a chosen one prophecy and a struggle over a valuable resource?
841,I’m looking for a space opera like Star Wars with huge world-building and a messianic hero.
157433,Can you recommend a creepy horror movie about a family moving to a rural town and discovering a mysterious cemetery?
157433,What’s a good horror film involving a hidden burial ground and supernatural events in the woods?
157433,Suggest a scary movie about parents and children dealing with an eerie place where pets are buried.
6557,Can you recommend a romantic comedy about a woman who’s always helping others but struggles with her own love life?
6557,What’s a good movie about a bridesmaid who has to deal with her sister marrying the man she’s in love with?
6557,"I’m looking for a lighthearted rom-com with wedding chaos and a funny, selfless main character — any suggestions?"
100042,What are some comedy movies about two clueless friends going on a road trip?
100042,Can you recommend a funny movie where friends go searching for a lost family member?
100042,What are some lighthearted buddy comedies with absurd humor and a long gap between sequels?
449443,Can you recommend a gritty crime thriller about a bank heist and the cops trying to stop it?
449443,I'm looking for an action movie about a team of thieves planning an impossible robbery—what should I watch?
449443,What’s a good crime movie with cat-and-mouse tension between detectives and bank robbers?
76025,What are some intense drama movies about addiction and personal self-destruction?
76025,Can you recommend a serious film about a man struggling with compulsive sexual behavior and loneliness?
76025,What dramas explore damaged family relationships and a character losing control of their life?
12133,What are some funny movies about two immature adult stepbrothers who hate each other at first?
12133,Can you recommend a comedy about grown men living at home and causing chaos after their parents get married?
12133,I'm looking for a silly rivalry comedy with two overcompetitive guys becoming stepbrothers.
18487,Can you recommend a tense crime thriller with a hostage situation on a subway?
18487,What’s a good action movie set in New York City with a hijacking and ransom plot?
18487,I want a suspenseful thriller where an ordinary worker gets pulled into a high-stakes crime—what should I watch?
1542,Can you recommend a comedy about a bored office worker who rebels against corporate life?
1542,What’s a funny movie about someone who gets fed up with their soul-crushing job and starts acting on impulse?
1542,Suggest a comedy where a white-collar employee tries to break out of the daily office grind and do something outrageous.
470,"Can you recommend a dark, emotional drama about strangers whose lives collide after a tragic accident?"
470,"What’s a tense crime thriller with heavy themes of guilt, grief, and interconnected storylines?"
470,Suggest a movie like Magnolia or Crash that follows multiple characters dealing with a life-changing event.
762441,Can you recommend a horror movie set in New York City with aliens and lots of suspense?
762441,What’s a thriller like A Quiet Place with creatures that hunt by sound?
762441,I want a scary science fiction movie about surviving an alien invasion—what should I watch?
3034,Can you recommend a classic comedy about a scientist inheriting a castle and discovering his grandfather’s crazy experiments?
3034,"What’s a funny movie with a mad scientist, a castle, and a Frankenstein-style reanimation plot?"
3034,I’m looking for a comedy similar to old monster movies but with a humorous twist. Any suggestions?
393519,What are some horror dramas about a vegetarian or vegan character struggling with disturbing cravings or identity issues?
393519,Can you recommend a dark coming-of-age movie with intense body horror and a female protagonist at college?
393519,"I want a psychological horror film that deals with peer pressure, self-discovery, and shocking transformation—any suggestions?"
11130,Can you recommend a light-hearted family comedy about a princess who has to take on royal duties and romance?
11130,I'm looking for a romantic comedy-drama about a young woman dealing with becoming queen and adjusting to royal life. What would you suggest?
11130,"What are some movies like The Princess Diaries with a mix of humor, romance, and a coming-of-age royal story?"
9476,Can you recommend an adventurous romance movie with action and a medieval setting?
9476,What’s a fun underdog movie about someone pretending to be a knight and competing in tournaments?
9476,"I’m looking for a drama with romance, action, and a triumphant sports-like competition story."
674324,Can you recommend a dark comedy about a friendship falling apart?
674324,What’s a good drama-comedy with two lifelong friends dealing with a sudden breakup?
674324,I’m looking for a movie about an abrupt ending to a close friendship with tragic and funny moments.
8055,Can you recommend a drama romance about a complicated forbidden relationship that spans years and has a tragic twist?
8055,What movies explore a love affair between a younger man and an older woman that later connects to a historical war crimes trial?
8055,"I’m looking for a serious romance drama with themes of guilt, secrets, and moral conflict—what should I watch?"
1904,Can you recommend a historical drama romance about a young woman’s life in pre-World War II Japan?
1904,What is a good movie about a girl who is forced into a geisha house and has to endure a difficult coming-of-age story?
1904,I’m looking for a romantic period drama set in Japan with strong themes of tradition and personal struggle.
968,Can you recommend a crime drama based on a true story with a tense hostage situation?
968,What are some movies about a bank robbery that goes wrong and turns into a police standoff?
968,I want a thriller with strong character drama and media chaos during a crime—what should I watch?
501929,Can you recommend a funny animated adventure movie about a quirky family saving the world?
501929,What’s a good comedy movie with robots and a dysfunctional family on a road trip?
501929,"I’m looking for an animated adventure film that’s silly, heartwarming, and has a robot apocalypse—any suggestions?"
511987,Can you recommend a tense horror thriller set during a natural disaster?
511987,What’s a good movie about people trapped during a hurricane with something more dangerous than the storm?
511987,I’m looking for a scary survival movie involving flooding and animals—any suggestions?
76649,Can you recommend an action-adventure movie with a doomed romance set in ancient Rome?
76649,What are some historical dramas with gladiators and a volcanic disaster?
76649,"I want a movie like Pompeii with epic battles, romance, and a city being destroyed—what should I watch?"
597208,Can you recommend a dark psychological thriller about manipulation and con artists?
597208,What crime drama features a carnival setting and a dangerous female psychologist?
597208,I want a tense thriller about an ambitious grifter who gets in over his head—what should I watch?
149870,Can you recommend an animated historical drama about an engineer and his love of aviation?
149870,I’m looking for a romantic drama set around World War II with a strong focus on flight—what should I watch?
149870,"What’s a good movie about a Japanese aircraft designer that mixes history, romance, and emotion?"
657,"Can you recommend an action-thriller with espionage, secret organizations, and classic spy missions?"
657,What’s a good James Bond movie that involves intrigue in Istanbul and a device being stolen?
657,"I’m looking for an adventure thriller with Cold War espionage, deception, and lots of suspense—any suggestions?"
581734,Can you recommend a heartfelt drama about starting over after losing everything in the recession?
581734,What are some movies about a woman in her 60s finding freedom and purpose while traveling across the American West?
581734,"I’m looking for a quiet, emotional film about nomadic life and personal reinvention."
35690,Can you recommend a heartfelt drama about family reconciliation and music?
35690,I’m looking for a romantic family movie set in a beach town—any suggestions?
35690,What’s a good coming-of-age film about a rebellious teen bonding with her father over music?
6978,What are some action-comedy movies with a supernatural fantasy element?
6978,Can you recommend a cult classic adventure movie with martial arts and magic?
6978,I'm looking for a funny 80s movie about a truck driver getting caught in a bizarre supernatural conflict.
9334,Can you recommend an action-adventure movie set in ancient Egypt with fantasy elements?
9334,What movie features a warrior hired to take revenge on a powerful ruler and a sorceress?
9334,"I’m looking for a fantasy action film about betrayal, revenge, and a desert setting—any suggestions?"
285783,Can you recommend a historical drama about a real-life daring stunt or achievement?
285783,What movie should I watch if I want an adventure film based on a true story?
285783,Is there a good film about someone attempting an impossible feat against all odds?
11247,Can you recommend a lighthearted teen romance about a girl dealing with a cruel stepfamily and finding love?
11247,What are some family-friendly comedy movies similar to Cinderella with a modern twist?
11247,I want a romantic comedy for a younger audience where the girl meets her crush at a school dance—any suggestions?
10585,Can you recommend a scary horror movie about a possessed doll that terrorizes a family?
10585,What is a horror film where a serial killer’s soul is transferred into a toy?
10585,I’m looking for a creepy movie about a murderous doll given to a young child — any suggestions?
9792,"Can you recommend a horror-thriller about a family road trip gone horribly wrong in a remote, isolated area?"
9792,What’s a scary movie where people get stranded somewhere and are hunted by mutants or a violent family?
9792,I’m looking for a suspenseful cult horror film with a survival story and lots of tension in the wilderness.
573435,What are some action-comedy crime movies about two partners on the run after being framed?
573435,Can you recommend a fun buddy-cop movie where the main characters try to clear their boss's name?
573435,I want a high-energy crime comedy with lots of action and two detectives teaming up against corruption. What should I watch?
10066,Can you recommend a horror thriller about teens getting trapped near a creepy museum and fighting to survive?
10066,What’s a good mystery horror movie where people are turned into wax figures or trapped in a wax museum?
10066,Suggest a suspenseful teen horror film with a creepy setting and a serial-killer vibe.
556984,What are some good historical drama movies based on real court cases or trials?
556984,Can you recommend a movie about political protests that turn into legal drama?
556984,What movies focus on famous events from the 1960s and courtroom activism?
555604,"Can you recommend an animated fantasy movie with a darker, more emotional story?"
555604,What are some movies about fathers and sons with a bittersweet tone?
555604,I want a visually unique adventure film with a serious historical setting—any suggestions?
4488,Can you recommend a scary slasher movie set at a summer camp?
4488,What horror movies involve camp counselors being stalked and killed?
4488,I want a classic 80s horror film about an unknown killer at a campsite—any suggestions?
622,Can you recommend a mystery thriller with occult or supernatural elements involving a rare book?
622,What’s a suspenseful horror movie about someone hunting down a dangerous ancient text?
622,I’m looking for a dark thriller with paranormal events and a devil-related plot—any suggestions?
9614,Can you recommend a funny sports movie about an underdog who tries to save his family’s home?
9614,What’s a comedy about a misfit athlete who gets into golf and clashes with a rival?
9614,"Suggest a movie where a chaotic, unconventional character enters a professional sports tournament to win prize money"
490,"What are some classic fantasy dramas about life, death, and faith?"
490,Can you recommend a thoughtful black-and-white movie about a knight facing Death?
490,What movies explore existential questions during the Black Death?
180863,What are some dark comedy crime dramas about friends reuniting after many years?
180863,Can you recommend a sequel about old friends getting back together in Scotland?
180863,What movie should I watch if I liked gritty dramas with humor and returning characters from the original film?
609,Can you recommend a scary movie about a family dealing with paranormal activity in their home?
609,What horror movies involve a haunted suburban house and a child being taken by spirits?
609,I want a supernatural horror film where a family has to rescue their daughter from another dimension.
259694,What are some funny romantic comedies about navigating single life in New York City?
259694,"Can you recommend a movie about young adults figuring out love, dating, and being single?"
259694,I want a lighthearted comedy romance about friendship and relationships in a big city — any suggestions?
82633,Can you recommend a gritty crime drama set during Prohibition with bootlegging and family conflict?
82633,What movies are similar to Lawless if I want a western-style crime story about moonshiners?
82633,"I'm looking for a period drama with violence, gangsters, and a rural Southern setting—any suggestions?"
9354,Can you recommend a fun family adventure movie with lots of comedy and sci-fi elements?
9354,What's a good movie about kids getting shrunk and having to survive tiny dangers?
9354,I’m looking for a lighthearted 80s-style family film with a mad-scientist type plot and lots of adventure.
440,Can you recommend a dark sci-fi horror movie with a Predator and Alien showdown?
440,What’s a good action-thriller with monsters attacking a small town?
440,I want a violent science fiction horror film with plenty of creature fights — any suggestions?
915935,What are some thriller movies about a woman suspected of killing her husband?
915935,Can you recommend a mystery crime movie where a child is the only witness to a murder?
915935,I'm looking for a tense courtroom-style thriller with a moral dilemma and family secrets.
12113,What are some intense espionage thrillers about CIA agents tracking terrorists?
12113,Can you recommend a movie about undercover intelligence work and remote surveillance?
12113,I’m looking for a political action thriller with a lot of suspense and international intrigue.
8656,Can you recommend a disaster movie about a comet or asteroid threatening Earth?
8656,What’s a science fiction action film where astronauts try to save the planet from an incoming space rock?
8656,"I want a dramatic movie with a president, a space mission, and an apocalypse—what should I watch?"
635744,Can you recommend a war movie about a pilot being shot down and rescued from enemy captivity?
635744,What’s a military rescue film involving elite soldiers trying to save a captured ally behind enemy lines?
635744,Do you know any war movies centered on a daring hostage rescue in the Middle East?
516486,What are some intense WWII war movies with naval battles and submarines?
516486,Can you recommend a dramatic action movie about a captain leading a convoy through enemy waters?
516486,I want a World War II film with nonstop tension and no air support—what should I watch?
8967,"Can you recommend a visually poetic drama about family, faith, and the meaning of life?"
8967,I'm looking for a reflective movie set in the 1950s that explores childhood and complicated father-son relationships.
8967,"What’s a fantasy-drama film that feels philosophical and deals with loss, memory, and spiritual questions?"
412117,What are some good family-friendly animated comedies about pets and animals with adventure?
412117,Can you recommend a funny animated movie for kids that follows pets dealing with new life changes?
412117,I’m looking for a lighthearted adventure comedy about dogs and other animals for the whole family.
43949,Can you recommend a romantic coming-of-age movie about a girl who falls for a boy in elementary school?
43949,What's a good drama-romance about childhood crushes that develops over several years?
43949,I’m looking for a sweet movie about first love and two kids growing up together—any suggestions?
818647,What are some romantic teen movies with a next-door-neighbor love story?
818647,Can you recommend a light drama-comedy about a girl falling for her longtime crush?
818647,What movie should I watch if I want a romance with family conflict and awkward chemistry?
939243,What’s a fun action-comedy family movie with a lot of adventure and sci-fi elements?
939243,Can you recommend a movie like Sonic the Hedgehog with superheroes or animal characters teaming up against a powerful villain?
939243,"I’m looking for a family-friendly sci-fi movie with humor, fast-paced action, and a new enemy to stop."
9772,Can you recommend an action thriller about a president facing terrorists on Air Force One?
9772,What’s a good suspenseful movie with a heroic U.S. president and a hijacked plane?
9772,I want a political action movie where the president has to save his family from attackers—any suggestions?
979,"Can you recommend a dark, intense revenge thriller with a heavy dramatic tone?"
979,What’s a crime movie about violent justice and revenge that’s really disturbing and serious?
979,I’m looking for a psychologically intense drama-thriller with themes of vengeance and punishment—any suggestions?
447277,Can you recommend a family-friendly fantasy adventure with a strong romance subplot?
447277,What movie would you suggest if I want a classic Disney-style story about a mermaid and a prince?
447277,"I’m looking for a romantic adventure film with magic, underwater worlds, and a happy ending."
8741,What are some war movies that focus more on the emotional and psychological impact of battle than on action?
8741,Can you recommend a historical drama about World War II that follows soldiers during a major battle?
8741,I’m looking for a serious war film about a military unit’s experiences and personal transformation during combat.
378236,What are some family-friendly animated comedies about emojis or digital characters?
378236,Can you recommend a funny animated movie where the main character is trying to fit in?
378236,What movies are good for kids that feature a character going on a journey to discover who they are?
8413,Can you recommend a scary sci-fi movie set in space with a mysterious abandoned ship?
8413,What’s a horror movie about astronauts investigating a lost spacecraft?
8413,I want a dark science fiction mystery with a sinister atmosphere in outer space—any suggestions?
46738,"Can you recommend a dark, emotional drama about family secrets and war?"
46738,What are some mystery movies with a powerful story set in the Middle East?
46738,I’m looking for a thought-provoking film about siblings uncovering their mother’s past and hidden roots.
192,Can you recommend a historical mystery thriller set in a monastery with murders and investigation?
192,I want a suspenseful medieval drama where a smart detective solves a series of mysterious deaths—what should I watch?
192,"What’s a good film about religious intrigue, conspiracy, and a monk using logic to uncover a crime?"
68730,Can you recommend a historical drama about missionaries in Japan?
68730,What movie explores faith and apostasy in 17th-century Japan?
68730,I’m looking for a serious drama about Catholic priests facing persecution in Asia.
913290,Can you recommend a tense horror movie with a mysterious setup and lots of twists?
913290,What are some horror films where a woman stays in an Airbnb and things go wrong?
913290,I’m looking for a mystery-horror movie with a creepy house and an unexpected stranger—any suggestions?
68722,Can you recommend a psychological drama about a troubled veteran who gets involved with a charismatic cult leader?
68722,What are some intense dramas dealing with post-war trauma and complicated mentor-student relationships?
68722,Suggest a movie about a volatile man looking for belonging in a strange new religion or movement.
228205,Can you recommend a romantic drama with an emotional love story that also includes an older character reflecting on the past?
228205,What’s a good movie about two young lovers whose relationship connects with an older man’s bittersweet memories?
228205,"I’m looking for a heartfelt romance with multiple intertwined storylines and a tragic, reflective tone — any suggestions?"
13809,Can you recommend a fast-paced crime thriller with gangsters and a real estate scam?
13809,"What action movie has a London underworld plot involving mobsters, thieves, and a rock star?"
13809,"I want a dark, stylish crime film with twists, violence, and shady characters—what should I watch?"
1242898,Can you recommend an action sci-fi adventure about an outcast alien warrior who teams up with an android?
1242898,What’s a good movie with a Predator character on a dangerous quest to find the ultimate opponent?
1242898,I’m looking for a sci-fi action film featuring an unlikely alliance between a creature hunter and a damaged robot.
2758,Can you recommend a dark comedy family movie with weird siblings and a creepy sense of humor?
2758,What’s a good fantasy comedy for families that involves a chaotic and eccentric household?
2758,I’m looking for a funny movie about a spooky family with a clever villain and lots of mischief.
109421,Can you recommend a thriller about prescription drugs and psychological consequences?
109421,What crime drama involves a woman dealing with anxiety over her husband getting out of prison?
109421,I'm looking for a suspenseful movie with medicine misuse and a dark psychological twist. What should I watch?
9029,Can you recommend a light romantic comedy where two people accidentally get married in Las Vegas?
9029,What are some funny romance movies about a chaotic Vegas trip and an unexpected wedding?
9029,I’m looking for a comedy about a mismatched couple forced to stay married for legal reasons—any suggestions?
756,What are some classic animated family movies with beautiful music and fantasy elements?
756,Can you recommend a visually stunning movie that combines animation and classical music?
756,What are good fantasy movies for kids that are more artistic and musical than story-driven?
8922,Can you recommend a horror movie about teens being stalked by a creepy truck driver on a remote highway?
8922,What’s a scary movie where a couple of siblings or teens discover a sinister man hiding a body in a rural setting?
8922,"Do you know a suspenseful horror film with a road trip, an eerie old truck, and a mysterious killer chasing young people?"
543540,Can you recommend a light romantic comedy about a high schooler pretending to be someone’s boyfriend for money?
543540,What’s a fun teen romance movie where the main character creates a dating app and becomes a stand-in date?
543540,I’m looking for a feel-good comedy romance with fake dating and high school drama — what should I watch?
41439,Can you recommend a horror movie about survivors dealing with the aftermath of a serial killer's legacy?
41439,"I want a crime horror movie with lots of traps, terror, and a deadly battle for revenge—what should I watch?"
41439,What’s a scary movie where a self-help guru hides dark secrets and everything turns into a brutal nightmare?
7214,What are some inspiring sports movies based on true stories?
7214,Can you recommend a drama about a coach who teaches life lessons through basketball?
7214,I want a movie about a high school team that struggles with academics and sports—what should I watch?
179144,Can you recommend a visually stunning drama about an aging writer reflecting on life and society?
179144,"What are some movies about decadence, nightlife, and midlife self-reflection in a beautiful city?"
179144,I’m looking for a thoughtful Italian drama with rich imagery and existential themes.
49730,Can you recommend a dark fantasy romance with werewolves and a mysterious village setting?
49730,"What movie combines horror, mystery, and a forbidden love story in a medieval-style town?"
49730,"I’m looking for a thriller with supernatural creatures, romance, and a girl caught between two men."
9655,Can you recommend a lighthearted teen comedy with mistaken identity and romance?
9655,What’s a fun romantic comedy about someone pretending to be their sibling at school?
9655,I’m looking for a movie like She’s the Man with gender disguise and love triangle drama.
10439,What are some family-friendly fantasy comedies to watch on Halloween?
10439,Can you recommend a fun movie about witches for kids?
10439,What is a good comedy fantasy movie with a spooky Halloween vibe?
9471,Can you recommend a fun action-comedy movie with female leads and lots of adventure?
9471,"What’s a movie similar to Charlie’s Angels with spies, big action scenes, and humor?"
9471,I’m looking for a lighthearted action movie about a team of women solving a dangerous case.
3050,Can you recommend a fun family comedy with talking animals?
3050,What’s a fantasy movie about a doctor who can communicate with animals?
3050,I’m looking for a lighthearted movie for kids that mixes comedy and fantasy with animals.
238615,Can you recommend a sci-fi thriller about consciousness being transferred into a younger body?
238615,I’m looking for an action movie where a rich older man gets a new body and uncovers a dangerous conspiracy.
238615,"What’s a good science fiction movie about identity, body swapping, and a secret organization?"
249070,Can you recommend an action thriller about an assassin who teams up with a woman on a mission to find her father?
249070,I'm looking for a crime movie with lots of action and a plot involving uncovering someone's ancestry or family mystery.
249070,What are some good thriller movies about a professional killer helping someone discover their past?
9714,Can you recommend a funny family movie where a kid has to defend his house from bad guys?
9714,What are some comedy movies about children home alone and using clever traps to stop intruders?
9714,I’m looking for a family-friendly adventure comedy with spies and a young hero—any suggestions?
1738,Can you recommend an action thriller with a character who can see a few minutes into the future?
1738,I’m looking for a science fiction movie about a man with precognition who gets hunted by the government—any suggestions?
1738,What’s a good thriller like Minority Report that involves future vision and a terrorist threat?
975,Can you recommend a war drama about military injustice and court-martial during World War I?
975,What are some classic anti-war movies set in the French army in World War I?
975,I want a movie about a commander defending soldiers who were made scapegoats after a failed battle.
726209,Can you recommend a suspenseful thriller about a family vacation gone wrong?
726209,What are some mystery movies involving a cyberattack and strangers showing up unexpectedly?
726209,"I want a dramatic thriller with a tense, isolated setting and a creepy sense of dread—any suggestions?"
36643,"Can you recommend an action thriller with espionage, high-tech terrorism, and a race to stop a global crisis?"
36643,"What’s a good adventure movie featuring James Bond, international intrigue, and a dramatic underwater showdown?"
36643,"I want a fast-paced spy film with revenge, oil politics, and a mission to protect a wealthy heiress—any suggestions?"
3597,Can you recommend a horror thriller about teens being stalked after hiding a deadly secret?
3597,What mystery movies involve a group of friends covering up an accident and then getting haunted later?
3597,I'm looking for a suspenseful slasher movie with a hook-handed killer and a dark secret from the past.
38408,What are some romantic comedies about two people who dislike each other but have to raise a child together?
38408,Can you recommend a funny but emotional movie where strangers are forced to live together and become a family?
38408,I'm looking for a romance-drama with comedy about co-parenting after unexpected circumstances—what should I watch?
843,Can you recommend a visually beautiful romantic drama about unrequited love?
843,What movie should I watch if I want a bittersweet love story set in 1960s Hong Kong?
843,"Do you have any recommendations for a slow, intimate film about two neighbors forming a deep bond?"
62764,What are some family-friendly fantasy adventure movies with comedy and a fairy tale vibe?
62764,"Can you recommend a movie like Snow White with a playful, modern twist?"
62764,"I’m looking for a lighthearted adventure film with princesses, magic, and funny characters"
119283,Can you recommend an action crime movie about a thief who gets betrayed by his crew and seeks revenge?
119283,I’m looking for a movie where the main character uses a disguise and teams up with someone on the inside to pull off a heist—any suggestions?
119283,"What’s a good crime thriller with a professional thief, double-crosses, and a plan to steal back money from the people who betrayed him?"
9355,Can you recommend an action sci-fi adventure movie with a post-apocalyptic desert setting and a strong hero?
9355,"What’s a movie like Mad Max that involves a futuristic society, exile, and a group of children needing help?"
9355,I want a thrilling adventure film with dystopian vibes and survival in a harsh world—what should I watch?
284293,What are some emotional dramas about a family dealing with a serious illness?
284293,Can you recommend movies about memory loss or Alzheimer's disease?
284293,What are some films about a strong woman facing a heartbreaking personal diagnosis?
13310,Can you recommend a dark coming-of-age horror movie about a bullied kid who befriends a mysterious neighbor?
13310,What are some horror dramas with an eerie friendship between children and a supernatural twist?
13310,"I’m looking for a moody, emotional vampire movie with a strong relationship at its center."
10022,Can you recommend a funny family action movie about a tough guy protecting kids?
10022,What’s a comedy movie where a military guy has to babysit a bunch of children?
10022,Suggest a light-hearted action film with lots of family-friendly chaos and kid protection
943,Can you recommend an action-crime thriller about cops hunting down a corrupt ex-officer?
943,What’s a good movie with police partners investigating stolen weapons being sold to gangs?
943,Suggest a thriller where detectives use police procedure knowledge to stop an arms smuggling scheme.
167073,Can you recommend a romantic drama set in the 1950s with a strong immigrant story?
167073,What movie is about a young woman torn between two men and two countries?
167073,I’m looking for a historical romance about finding your place between Ireland and New York.
415842,Can you recommend an action thriller about a man trained by a veteran after a personal tragedy?
415842,"I’m looking for a movie with covert operations, military training, and a revenge-driven lead—what should I watch?"
415842,What are some thrillers about random attacks on military and civilian targets that need to be investigated?
619,Can you recommend an action romance where a bodyguard falls for the celebrity he’s protecting?
619,What’s a good drama with a protective former agent and a pop star romance?
619,I’m looking for a movie about a threatened singer and her bodyguard who develop feelings for each other.
1064213,Can you recommend a dramatic romance with comedy about a whirlwind marriage that turns complicated?
1064213,What movie is about a Brooklyn sex worker who impulsively marries a rich oligarch’s son?
1064213,I’m looking for a darkly funny romantic drama with a Cinderella-style story gone wrong. Any suggestions?
519182,What are some good animated family comedies with action and sci-fi elements?
519182,Can you recommend a funny adventure movie about a family on the run from a villain?
519182,"What movies are similar to Despicable Me with kids, gadgets, and a goofy supervillain storyline?"
60935,Can you recommend a scary sci-fi movie set in Antarctica with a creepy creature?
60935,What's a mystery horror film about a team trapped in an isolated research outpost?
60935,I want a movie where a shape-shifting alien causes paranoia among the characters. What should I watch?
10494,Can you recommend a psychological thriller anime about an idol losing her grip on reality?
10494,"What’s a dark animated movie about fame, identity, and paranoia?"
10494,"I’m looking for a suspenseful anime film with a disturbing, mind-bending plot—any suggestions?"
940721,What are some intense sci-fi horror movies set in postwar Japan?
940721,Can you recommend a monster movie where ordinary people have to fight back with no help from the government?
940721,What are good action horror films about surviving a devastating creature attack after a war?
934433,What are some good horror thrillers with a masked killer and lots of suspense?
934433,Can you recommend a crime horror movie with surviving characters trying to start over after past murders?
934433,What’s a tense thriller similar to Scream with Ghostface-style slasher vibes?
491418,What are some comedy-dramas about adopting kids and navigating family life?
491418,Can you recommend a feel-good movie about foster care and unexpected parenthood?
491418,I want a funny but emotional movie about a couple suddenly becoming parents to multiple kids.
61979,What are some romantic dramas about forbidden love between very different social classes?
61979,Can you recommend a movie with a rebellious bad-boy and a sheltered girl falling in love?
61979,"What’s a passionate romance movie with a lot of danger, drama, and emotional tension?"
15472,Can you recommend a dark Swedish thriller with a journalist and a hacker solving a cold case?
15472,What movie is similar to The Girl with the Dragon Tattoo if I want a crime mystery with strong suspense?
15472,I’m looking for a gritty drama-thriller about corruption and a missing person case—what should I watch?
2666,"Can you recommend a sci-fi mystery movie with a dark, eerie atmosphere and memory loss?"
2666,What are some films about a man trying to uncover his past in a strange city controlled by powerful beings?
2666,I want a movie like a noir science fiction thriller with telekinetic aliens and a mind-bending plot.
9470,Can you recommend a funny action movie with martial arts and gangster fights?
9470,What’s a good crime comedy with over-the-top fight scenes and a fantasy feel?
9470,"I want a movie set in the 1940s with kung fu, humor, and lots of action—what should I watch?"
11283,Can you recommend a family fantasy comedy about a magical nanny who helps a widower and his mischievous children?
11283,What movie is similar to a lighthearted kids' film where a strict but magical caretaker brings discipline to a chaotic family?
11283,I'm looking for a humorous fantasy family movie about a parent struggling with unruly children and a mystical babysitter.
882569,Can you recommend a war thriller about an interpreter who risks everything to save a soldier and then needs help escaping danger later?
882569,What’s a gripping action movie based on loyalty and repayment between a US soldier and his Afghan translator?
882569,"I’m looking for a tense military thriller with themes of friendship, sacrifice, and coming back to rescue someone in a war zone."
11836,Can you recommend a family-friendly animated adventure comedy with a silly quest and lots of jokes?
11836,What movie should I watch if I want a fun fantasy film about a character and his friend going on a dangerous mission to save their boss?
11836,"Do you know any upbeat kids' movies about friendship, teamwork, and an undersea adventure?"
1934,What are some romantic period dramas with a mix of comedy and history?
1934,Can you recommend movies about forbidden love and famous writers?
1934,"What are some films set in historical times that blend romance, drama, and humor?"
525661,Can you recommend a drama about women exposing abuse in a powerful company?
525661,What are some movies based on real events involving media scandals and whistleblowers?
525661,I’m looking for a dramatic film about journalists and workplace misconduct at a major network.
157547,Can you recommend a horror movie with a supernatural mystery and siblings trying to prove what really happened?
157547,I’m looking for a scary film where a haunted object is behind a murder and the characters try to uncover the truth.
157547,What’s a good horror movie about a woman attempting to clear her brother’s name by investigating a paranormal event?
1970,Can you recommend a scary supernatural horror movie set in Tokyo?
1970,What is a good mystery thriller about a deadly curse that spreads from person to person?
1970,"I want a horror movie about a nurse dealing with a creepy haunting in Japan, what should I watch?"
429351,Can you recommend a war movie about special forces missions after 9/11?
429351,What are some action-drama movies set during the U.S. response to the September 11 attacks?
429351,I’m looking for a historical war film about soldiers fighting the Taliban in Afghanistan.
3175,Can you recommend a historical drama about someone climbing the social ladder in 18th century Europe?
3175,I’m looking for a movie about an Irish man who rises through society using wit and ambition—any suggestions?
3175,"What’s a good period drama with war, class struggle, and a protagonist who reinvents himself?"
249397,What are some dark drama movies about a woman reflecting on her troubled adult life?
249397,"Can you recommend a mysterious, character-driven film about sexuality and personal trauma?"
249397,"What movies explore the darker side of an adult woman's life in a serious, dramatic way?"
51739,Can you recommend a family-friendly animated fantasy movie about tiny people living secretly in a house?
51739,What are some good movies like The Borrowers or other stories about small hidden families?
51739,I’m looking for a gentle fantasy film where a human child discovers a secret world—any suggestions?
10734,Can you recommend a tense prison escape movie based on a true story?
10734,What’s a good drama thriller about inmates planning a breakout?
10734,Suggest a movie like a classic escape-from-prison suspense film
758323,Can you recommend a horror thriller about an exorcist investigating a possession in the Vatican?
758323,I'm looking for a scary movie with a priest fighting demonic possession and a hidden church conspiracy. Any suggestions?
758323,What’s a good thriller-horror film involving an exorcism and Vatican secrets?
11906,Can you recommend a creepy horror movie set in a dance school or academy?
11906,What is a scary movie with a foreign setting and lots of eerie atmosphere?
11906,I want a horror film about a newcomer uncovering a sinister secret at an institution—what should I watch?
10521,Can you recommend a light comedy about best friends who turn into rivals over their weddings?
10521,What romantic comedy is about two friends whose wedding plans clash on the same day?
10521,I want a funny movie about friendship drama and wedding chaos—what should I watch?
503314,Can you recommend an action-packed sci-fi anime movie with intense battles and powerful transformations?
503314,What’s a good movie if I want to watch Goku and Vegeta fight a new Saiyan enemy?
503314,Do you know any animated science fiction movies about epic superhero-style fights between super-strong warriors?
59108,Can you recommend a funny action movie about regular people pulling off a heist against a rich crook?
59108,I’m looking for a comedy where a group of workers team up to get revenge on someone who cheated them—any suggestions?
59108,What’s a good action-comedy about an unlikely crew trying to steal money from a billionaire in a luxury building?
7840,Can you recommend an adventure movie about a prehistoric journey and tribal survival?
7840,What’s a good fantasy action film set in the prehistoric era with hunting and exploration?
7840,I’m looking for a dramatic adventure movie about a young hero trying to save his tribe—any suggestions?
25,Can you recommend a war drama about Marines in the Gulf War?
25,I'm looking for a movie about soldiers dealing with the boredom and frustration of war rather than constant action.
25,What are some dramas about a veteran struggling with mental stress and relationship paranoia during deployment?
46838,Can you recommend a horror-comedy with lots of misunderstandings and slapstick gore?
46838,What’s a funny horror movie where the supposed villains are actually nice guys?
46838,I want a movie similar to Scary Movie but set around a cabin and featuring college kids making bad assumptions—any suggestions?
421,Can you recommend a quirky adventure-comedy with a mix of drama and eccentric characters on a sea voyage?
421,"What movie is like a weird, offbeat story about an ocean expedition, family issues, and revenge against a shark?"
421,I'm looking for a funny but emotional adventure film with an unusual crew and a distinctive visual style—any suggestions?
205,Can you recommend a drama based on true events about survival during a war?
205,What’s a historical war movie about genocide and ordinary people trying to save lives?
205,Suggest a serious movie set in Africa about a hotel manager protecting refugees during conflict.
9889,What are some romantic comedies with a fantasy twist and a message about looking beyond appearances?
9889,Can you recommend movies where a character gets hypnotized or magically sees people differently?
9889,I'm looking for a comedy-drama romance about shallow dating habits and learning to value inner beauty.
58224,Can you recommend a family comedy about a businessman whose life gets turned upside down by animals?
58224,What’s a funny movie with cute animals and a lighthearted story that kids and adults can enjoy?
58224,I’m looking for a comedy about a wealthy guy whose home becomes chaotic after inheriting penguins.
7220,Can you recommend an action crime drama about a man seeking revenge after his family is murdered?
7220,What’s a movie like The Punisher where an undercover agent turns into a ruthless vigilante?
7220,Suggest a dark revenge movie with intense action and a crime-driven plot.
822119,Can you recommend an action thriller with a superhero dealing with an international conspiracy and political intrigue?
822119,I’m looking for a science fiction movie where a hero has to uncover a global plot before it escalates—any suggestions?
822119,"What’s a good movie about a newly elected president, a tense international incident, and a high-stakes chase to stop a mastermind?"
917496,Can you recommend a dark comedy fantasy horror movie about a haunted family and the afterlife?
917496,"What movie should I watch if I want something quirky, spooky, and funny with ghosts and family drama?"
917496,"Do you know any movies like Beetlejuice with a bizarre afterlife, supernatural chaos, and a gothic sense of humor?"
32856,Can you recommend a light romantic comedy about multiple couples and singles in a city on Valentine’s Day?
32856,What’s a fun ensemble romance movie about breakups and makeups in Los Angeles?
32856,I want a feel-good comedy-romance with several intertwining love stories—any suggestions?
15092,"What action movies have a fast-paced, over-the-top story with a killer trying to stay alive against impossible odds?"
15092,Can you recommend a thriller about a guy who has to keep shocking himself to survive after his heart gets stolen?
15092,"I want a crime action movie with a crazy premise, intense energy, and a revenge-driven main character—what should I watch?"
665,"Can you recommend an epic historical drama with betrayal, revenge, and faith set in ancient times?"
665,What are some adventure movies about a nobleman in ancient Rome or Judea who gets caught up in political conflict?
665,I’m looking for a classic drama with a strong story of friendship turned rivalry and a big historical setting.
10999,Can you recommend an action-packed 80s movie about a former special forces soldier who has to rescue his kidnapped daughter?
10999,What’s a good thriller with a tough ex-commando fighting his way through an army to save his family?
10999,Suggest an adventure action movie with nonstop shootouts and a one-man rescue mission.
406563,Can you recommend a horror thriller about a parapsychologist investigating a haunted family home?
406563,I'm looking for a scary movie where a haunting is tied to the protagonist's past—any suggestions?
406563,What are some horror films with paranormal investigators and a creepy old house in New Mexico?
1226863,What are some family-friendly animated adventure movies with comedy and fantasy?
1226863,Can you recommend a movie about Mario and Luigi going on a space adventure?
1226863,What movies are similar to a fun video game adaptation with lots of action and colorful characters?
11430,What are some funny family-friendly animated adventure movies about animal friends?
11430,Can you recommend a comedy animation movie that follows side characters from a Disney film?
11430,What movie should I watch if I want a lighthearted prequel with Timon and Pumbaa?
1267,Can you recommend an animated family adventure with time travel and a good sense of humor?
1267,I'm looking for a sci-fi comedy for kids about a young inventor and a futuristic family—what should I watch?
1267,What movie would you suggest if I want a heartwarming animated adventure with time machines and family themes?
8068,What are some action thrillers with a lot of gunfights and revenge?
8068,Can you recommend a crime movie about a man taking on a Mexican drug lord?
8068,I’m looking for a violent border-town thriller with lots of action and a lone hero.
375588,Can you recommend an action-adventure movie about Robin Hood and a rebellion against a corrupt king?
375588,What’s a fantasy-thriller film with medieval battles and a heroic outlaw leading a revolt?
375588,I want a movie with Crusades-era action and a Moorish ally fighting corrupt English royalty—what fits?
1255,Can you recommend a horror movie about a giant mutated monster terrorizing a city?
1255,What’s a good sci-fi drama with a family trying to rescue a kidnapped girl from a creature?
1255,Do you know any movies involving toxic waste creating a monster in a river?
72113,What are some dark comedies about awkward parent meetings that spiral out of control?
72113,Can you recommend a comedy-drama where adults act childishly during a tense conversation?
72113,What movies are similar to a chamber piece about two couples dealing with a fight between their kids?
567748,Can you recommend a tense thriller about a police officer trying to help someone from a dispatch desk?
567748,What’s a good drama-thriller where most of the story happens over phone calls?
567748,Do you know any suspenseful movies about a kidnapped woman and a race against time?
551332,Can you recommend a thoughtful historical drama about church politics and leadership?
551332,I'm looking for a movie about the Catholic Church and a relationship between two popes—what should I watch?
551332,"What are some good films about faith, power, and moral conflict in the Vatican?"
458897,Can you recommend an action-comedy adventure movie about secret agents protecting a scientist and a powerful new energy invention?
458897,"What’s a fun movie like Charlie’s Angels with strong female leads, espionage, and a high-tech invention in danger of becoming a weapon?"
458897,Suggest an adventurous comedy movie involving a team of agents helping an inventor stop her technology from being misused.
1241982,Can you recommend an animated adventure movie for the whole family with comedy and fantasy elements?
1241982,What’s a good family-friendly movie about exploring the ocean and going on a magical journey?
1241982,"I’m looking for a fun sequel with adventure, humor, and a strong female lead—any suggestions?"
303858,Can you recommend a thriller about a TV host and producer caught in a hostage situation?
303858,What is a drama about a financial show that gets hijacked by an angry investor?
303858,"Suggest a tense movie set in a TV studio involving money, crime, and suspense."
438799,Can you recommend a horror war movie with sci-fi elements set during World War II?
438799,What’s a good movie about soldiers behind enemy lines facing a creepy Nazi experiment?
438799,I’m looking for a tense action-horror film about D-Day with monsters or strange science—any suggestions?
565770,What are some action sci-fi adventure movies about a young person discovering an alien artifact that changes their life?
565770,Can you recommend movies where a recent college grad finds a mysterious alien device and becomes a hero?
565770,"What’s a good superhero-style movie with adventure, science fiction, and a coming-of-age story?"
69,Can you recommend a music drama about a real-life singer's rise to fame?
69,"I'm looking for a romantic drama about a legendary country musician's life, any suggestions?"
69,What movie tells the story of Johnny Cash or a similar classic rock and country music icon?
753342,Can you recommend a historical war movie about Napoleon Bonaparte and his rise to power?
753342,I’m looking for a dramatic epic with romance and battle scenes set during the Napoleonic era.
753342,What movie tells the story of a powerful military leader whose life is shaped by a turbulent relationship with his wife?
36685,What are some campy cult classic movies with music and weird humor?
36685,Can you recommend a sci-fi horror comedy with eccentric characters and a bizarre plot?
36685,"What movies have a flamboyant villain, lots of singing, and a midnight-movie vibe?"
96936,What are some crime dramas about teenagers getting caught up in celebrity culture and making bad choices?
96936,Can you recommend movies based on true stories about robberies and obsession with fame?
96936,I’m looking for a drama about a group of young people who commit high-profile crimes in Los Angeles.
1268,What are some good family comedies about a clumsy character causing chaos while traveling?
1268,Can you recommend a funny movie where a character goes on a trip and gets into awkward situations?
1268,"What comedy movies are similar to Mr. Bean and have a lighthearted, family-friendly vibe?"
13027,Can you recommend a tense action thriller with a mystery involving technology and a mysterious caller?
13027,I'm looking for a movie where two strangers get caught up in a dangerous conspiracy and become fugitives—any suggestions?
13027,What are some thrillers about everyday technology being used to control people's lives and create chaos?
429200,What are some intense crime thrillers set in New York City?
429200,Can you recommend a dark movie about a brother trying to save his sibling from jail?
429200,What are some fast-paced dramas with a chaotic criminal underworld vibe?
9598,Can you recommend a heartwarming family movie about an underdog finding his place and proving everyone wrong?
9598,What is a good fantasy-comedy movie for kids that has talking animals and a positive message?
9598,"I’m looking for a charming movie about animals, friendship, and self-discovery—what would you suggest?"
23398,Can you recommend a funny family movie with animated musical animals that perform songs?
23398,What’s a good kids’ movie about characters competing in a battle of the bands at school?
23398,Suggest a lighthearted comedy-fantasy film featuring singing chipmunks and a family-friendly story.
6537,Can you recommend a creepy horror movie about a mother returning to her childhood home with a haunted past?
6537,I’m looking for a thriller/drama where a child has an invisible friend or starts seeing ghosts—any suggestions?
6537,What’s a good scary movie set in an old orphanage or haunted house with emotional drama?
9327,Can you recommend a funny movie with a scientist and a romantic subplot?
9327,What are some comedy films about a professor who transforms himself for love?
9327,I’m looking for a science fiction romance comedy similar to The Nutty Professor. What should I watch?
978,Can you recommend a historical adventure drama about a mountaineer who ends up in Tibet during World War II?
978,What’s a movie about an arrogant explorer whose life is changed by meeting the young Dalai Lama?
978,"I’m looking for a film set in Tibet that mixes adventure, history, and a personal transformation story."
1084242,What are some animated adventure movies with a mystery and comedy vibe for the whole family?
1084242,Can you recommend a funny family-friendly movie with animal characters and a detective story?
1084242,"I want a sequel to a popular animated movie with cops, mystery, and an undercover adventure—what should I watch?"
786,What are some coming-of-age movies about a teenager getting immersed in the music world?
786,Can you recommend a drama about a young journalist following a rock band on tour?
786,What movies capture the behind-the-scenes life of rock stardom in the 1970s?
1072790,Can you recommend a romantic comedy where two people pretend to be a couple at a wedding?
1072790,What’s a funny romance movie set at a destination wedding in Australia?
1072790,I want a rom-com with enemies-to-lovers vibes and lots of fake dating—any suggestions?
112205,Can you recommend a crime comedy with action about a mafia family in witness protection?
112205,What’s a funny action movie about a mob family trying to fit in after turning informant?
112205,I’m looking for a crime-comedy film with a family on the run from the mafia in France.
43539,Can you recommend a suspenseful crime thriller about a husband trying to prove his wife was wrongly convicted?
43539,What are some movies where a family man risks everything to break his wife out of prison?
43539,I’m looking for a dramatic romantic thriller with a desperate rescue and a wrongful conviction plot.
1381,What are some visually stunning sci-fi dramas about love and mortality?
1381,Can you recommend a romantic movie that explores spirituality and the meaning of life?
1381,I want a thought-provoking adventure film with multiple timelines and deep emotional themes.
71859,Can you recommend a dark psychological drama about a troubled mother-son relationship?
71859,What are some thriller movies about a parent dealing with a disturbed child?
71859,I’m looking for a disturbing drama with a tense family dynamic and tragic consequences.
44040,Can you recommend a tense horror mystery set mostly in one location like an elevator?
44040,I'm looking for a thriller where strangers are trapped together and one of them may be evil—any suggestions?
44040,What’s a suspenseful horror movie with a supernatural twist and a whodunit style mystery?
19,Can you recommend a classic sci-fi movie about a futuristic city divided by class?
19,What are some dramas set in a dystopian future with social inequality?
19,I want a movie where a privileged son learns about the struggles of the poor in a science fiction setting. Any suggestions?
631842,Can you recommend a tense horror-thriller with a cabin setting and a psychological moral dilemma?
631842,What’s a suspenseful mystery movie about a family being held hostage with an apocalyptic twist?
631842,I want a scary thriller where strangers force a family to make an impossible choice—what should I watch?
950387,What family-friendly fantasy adventure movies are fun and full of imagination?
950387,Can you recommend a comedy adventure movie about ordinary people ending up in a magical world?
950387,"What movies are good for kids and families that involve a quest in a weird, imaginative world?"
394117,Can you recommend a heartfelt drama about childhood innocence and summer adventures?
394117,What are some movies about kids growing up in difficult circumstances with a lot of emotional depth?
394117,I’m looking for a drama that mixes playful childlike wonder with serious adult struggles—any suggestions?
137094,Can you recommend a thriller about a young CIA analyst uncovering a Russian conspiracy?
137094,What's a good action movie involving espionage and a plot to attack the U.S. economy?
137094,I want a suspenseful spy drama with government agents and international intrigue. What should I watch?
402431,Can you recommend a fantasy drama with romance and a strong friendship story?
402431,What movies are like a musical fantasy about witches and complex female characters?
402431,I’m looking for a dramatic romance set in a magical world with an unlikely friendship at its center.
1656,Can you recommend an action-adventure western with swashbuckling and sword fights?
1656,I’m looking for a movie about a heroic masked outlaw in California with lots of adventure and action.
1656,What’s a fun Western movie with a romantic couple fighting to protect California’s future?
364689,Can you recommend a family-friendly animated movie about a gentle animal who doesn’t fit in with the others?
364689,What’s a good comedy adventure movie for kids about a bull or farm animal with a peaceful personality?
364689,I’m looking for an animated movie similar to stories where an unlikely hero gets mistaken for someone tough—any suggestions?
533,Can you recommend a funny family adventure movie about a quirky inventor and his dog solving a mystery?
533,"What are some animated comedy movies with a wholesome, adventurous feel and a weird creature causing chaos?"
533,"Do you know any family-friendly films about garden pests, competition, and an eccentric British sense of humor?"
359410,What are some action thrillers set in a tropical or beach location?
359410,Can you recommend a movie about a tough fighter who becomes a bouncer?
359410,What’s a good drama-thriller with intense bar fights and a criminal underworld?
314095,Can you recommend an adventure drama based on a true story about exploration in the Amazon?
314095,I'm looking for a historical movie about an explorer who disappears while searching for a lost civilization.
314095,"What are some films like a serious, atmospheric adventure set in the 1920s with themes of discovery and obsession?"
1278,Can you recommend a romantic drama about a complicated relationship and intense emotional discovery?
1278,"What movie explores sensuality, friendship, and coming-of-age in a dramatic Paris setting?"
1278,I’m looking for a romance film with provocative themes and strong character chemistry—what should I watch?
540901,Can you recommend a crime comedy-drama about a group of women who team up to scam wealthy men?
540901,What movie is about former strip club employees getting revenge on Wall Street clients?
540901,I’m looking for a stylish drama with comedy and crime elements centered on a female-led scheme—any suggestions?
319,Can you recommend an action movie with a crime plot and a strong romance storyline?
319,What’s a good movie about a couple on the run after stealing drugs from a criminal?
319,Can you suggest a romantic crime thriller with lots of action and danger?
4513,Can you recommend a scary vampire movie set in a remote town with a dark and snowy atmosphere?
4513,What horror-thriller films feature a small town fighting off a group of relentless vampires?
4513,I'm looking for a tense vampire movie where survivors have to endure a long period of darkness—any suggestions?
77930,What are some funny dramas about partying and making money as a stripper?
77930,Can you recommend a movie about an experienced stripper mentoring a younger guy?
77930,"I'm looking for a comedy-drama about nightlife, dancing, and picking up women."
95610,"Can you recommend a romantic comedy about a woman in her 40s navigating love, friendship, and an unexpected pregnancy?"
95610,"What movie is similar to Bridget Jones's Diary with humor, romance, and a complicated love triangle?"
95610,I'm looking for a light-hearted drama-comedy about a single woman whose life gets complicated after meeting two different men.
4258,Can you recommend a comedy movie with paranormal hauntings and lots of ridiculous scares?
4258,What are some funny movies about a family dealing with an evil demon in their home?
4258,"I want a spoof comedy with security cameras, ghosts, and supernatural chaos—any suggestions?"
605116,What are some action movies with a sci-fi twist and superpowers?
605116,Can you recommend a crime thriller where characters hunt down the source of a dangerous drug?
605116,"What movies feature an ex-soldier, a cop, and a teen teaming up in New Orleans?"
2310,Can you recommend an animated action-adventure movie with a legendary warrior fighting a monster?
2310,What movie is about a Scandinavian hero named Beowulf who battles an ogre called Grendel?
2310,I’m looking for a dark fantasy adventure with intense action and animation—what should I watch?
152742,What are some dark romantic dramas with a twist and a mystery element?
152742,Can you recommend a crime drama about an art expert and an emotionally complex relationship?
152742,What movies are similar to slow-burn romance films with deception and psychological tension?
398173,Can you recommend a dark psychological crime thriller about a serial killer?
398173,What are some disturbing horror dramas with a very violent and artistic killer?
398173,I’m looking for a crime thriller with an intelligent but deeply unsettling main character—any suggestions?
158011,Can you recommend a tense crime thriller with a kidnapped victim trying to escape?
158011,I'm looking for a suspenseful movie about a 911 operator dealing with an abduction call.
158011,What thriller movies involve a race against time to save a teenager from a dangerous attacker?
65057,Can you recommend a comedy-drama about a family dealing with a serious medical crisis in Hawaii?
65057,What movie is about a father taking his daughters on a trip to confront his wife’s lover after an accident?
65057,"I’m looking for a heartfelt film that mixes family drama, humor, and a story set in Hawaii."
35056,Can you recommend a funny action movie about a married couple getting into wild trouble on a date night?
35056,What’s a good comedy-adventure film where an ordinary couple is mistaken for criminals and has to survive the night?
35056,I want a lighthearted action movie with romance and chaos involving a married couple—any suggestions?
103731,Can you recommend a dramatic coming-of-age movie about two boys who help a fugitive?
103731,What are some movies like Mud with a Southern setting and a tense escape story?
103731,"I’m looking for a drama involving teenage boys, a river island, and helping someone reunite with his lover—any suggestions?"
845781,Can you recommend an action comedy with a fantasy twist that’s about saving Christmas?
845781,What’s a fun globe-trotting holiday movie with adventure and humor?
845781,I’m looking for a movie where Santa gets kidnapped and there’s a big mission to rescue him—any suggestions?
8643,Can you recommend a creepy courtroom thriller about a priest on trial after an exorcism goes wrong?
8643,What are some horror movies based on exorcisms and demonic possession with a legal drama twist?
8643,"I’m looking for a dark crime thriller involving religion, possession, and a murder trial—what should I watch?"
27573,Can you recommend an action-comedy with a divorced couple chasing each other while solving a crime?
27573,What's a funny romance movie where exes end up on the run together?
27573,Suggest a movie about a bounty hunter whose ex-wife is a reporter and they get caught up in danger together.
829280,Can you recommend an adventure mystery movie about a young detective solving her first official case?
829280,What crime mystery films feature a smart female lead who teams up with her brother to crack a case?
829280,I'm looking for a fun adventure movie with mystery and detective work involving a missing girl—any suggestions?
26388,Can you recommend a tense thriller where the main character is trapped in one place and has to survive against the clock?
26388,What’s a good suspense movie with a claustrophobic setting and lots of psychological tension?
26388,Suggest a thriller about someone in a life-or-death situation with limited resources and no easy way out.
49797,What are some dark revenge thrillers with a brutal cat-and-mouse plot?
49797,Can you recommend a horror movie about a man hunting down a psychopathic killer?
49797,"What movies are similar to intense, violent thrillers where the hero becomes obsessed with revenge?"
9992,Can you recommend a family-friendly fantasy adventure movie about a boy going on a magical quest?
9992,What are some animated movies where a young hero helps save his grandfather’s home?
9992,"I’m looking for a movie with tiny hidden people, nature magic, and an adventurous treasure hunt for kids"
398181,Can you recommend a dark psychological thriller with a traumatized main character who hunts down missing people?
398181,"What are some intense crime dramas about violence, trauma, and a conspiracy unraveling?"
398181,I’m looking for a gritty thriller similar to Taxi Driver or Drive with a damaged antihero—any suggestions?
353070,Can you recommend a funny crime movie about three friends pulling off a bank heist?
353070,What’s a good comedy film where older guys team up for a daring robbery?
353070,I’m looking for a crime comedy about desperate friends stealing back their money from a bank.
382591,Can you recommend a heartfelt comedy-drama about a carefree man who unexpectedly has to raise a baby?
382591,What movie is about a man traveling to London to find the mother of an abandoned child he is caring for?
382591,Suggest a family-centered film where a father and daughter form a close bond over many years.
9539,Can you recommend a dark revenge horror movie about childhood abuse and trauma?
9539,What are some intense thriller movies where a woman seeks revenge for being kidnapped and tortured as a child?
9539,I’m looking for a disturbing horror drama with psychological torture and a very bleak atmosphere.
718821,What are some action thriller movies about surviving dangerous storms or natural disasters?
718821,Can you recommend movies like Twister with tornadoes and intense weather action?
718821,What are good thrillers featuring rival teams working together during a massive storm?
585083,What are some fun animated family movies with monsters and comedy?
585083,Can you recommend a lighthearted adventure movie for kids that involves body swaps or transformations?
585083,What’s a good family-friendly fantasy comedy similar to Hotel Transylvania?
132363,Can you recommend a drama about a Black man whose life story spans from the Jim Crow era to the White House?
132363,I’m looking for a historical drama centered on an African American butler who serves several U.S. presidents—what should I watch?
132363,What are some movies about an ordinary man witnessing major American history while working in the White House?
9801,Can you recommend a romantic comedy about a woman navigating her relationship with a new boyfriend while dealing with an ex?
9801,What’s a funny romance movie where the main character questions whether she has found the perfect relationship?
9801,Suggest a comedy romance film set partly in Thailand with a love triangle and relationship drama.
5966,Can you recommend a funny romantic movie about opposites attracting?
5966,What’s a good comedy-romance where a cautious guy falls for a spontaneous woman?
5966,"I’m looking for a lighthearted movie about a safe, predictable person whose life gets turned upside down by love."
610150,Can you recommend an animated sci-fi action movie with epic battles and new android villains?
610150,"What’s a good movie if I want something like Dragon Ball with Goku, Androids, and high-energy fight scenes?"
610150,Suggest a science fiction action anime movie where a reformed evil army creates powerful robots to fight the heroes.
26466,Can you recommend a horror movie about a group of friends trapped on a yacht with a creepy mystery?
26466,What’s a good psychological horror film where a woman on a boat starts feeling like something is very wrong?
26466,Suggest a scary movie with an eerie time-loop or suspenseful survival plot at sea.
9902,Can you recommend a scary survival horror movie with people being hunted in the woods?
9902,What’s a thriller about stranded travelers being stalked by cannibal killers in a remote forest?
9902,Do you know a horror movie with a group of young people getting lost and attacked by inbred mountain men?
5236,What are some dark comedy crime movies with a mystery and a lot of witty dialogue?
5236,Can you recommend a movie about a thief or con artist getting caught up in a murder investigation in Los Angeles?
5236,I’m looking for a funny neo-noir mystery with an actor and detective duo—what should I watch?
169917,Can you recommend a dark crime thriller about a private investigator solving a kidnapping and murder case?
169917,What’s a good mystery movie with a gritty detective and a dangerous underworld setting?
169917,I’m looking for a suspenseful drama about a PI tracking down the people behind a violent crime—any suggestions?
768,Can you recommend a dark historical thriller about Jack the Ripper?
768,What’s a horror mystery movie set in Victorian London?
768,I’m looking for a thriller with a detective investigating gruesome murders—any suggestions?
157386,Can you recommend a coming-of-age romance with a mix of comedy and drama?
157386,I'm looking for a movie about an unexpected high school romance between very different people.
157386,What’s a good indie-style teen drama that follows two students figuring out life after high school?
59965,Can you recommend a thriller with action and a mystery about someone uncovering a hidden truth about their family?
59965,I'm looking for a movie where the main character is on the run from assassins and has to trust only one person. Any suggestions?
59965,What are some action thrillers with a mystery plot and a protagonist trying to figure out what their life really means?
342470,What are some romantic drama movies about two teens dealing with personal struggles who form a deep bond?
342470,Can you recommend a heartfelt coming-of-age movie set in Indiana with a strong emotional journey?
342470,What movies are similar to stories about young people finding connection while exploring meaningful places together?
9593,Can you recommend an action comedy with a fantasy twist where someone gets transported into a movie?
9593,I'm looking for a movie about a kid who enters a film world and teams up with a larger-than-life cop. Any suggestions?
9593,"What are some fun movies that mix satire, action, and fantasy with a movie-within-a-movie premise?"
1580,What are some thrillers about people trying to get away with the perfect murder?
1580,Can you recommend a crime drama with a tense dinner party and a hidden body?
1580,I’m looking for movies where the suspense comes from characters trying to conceal a murder—any suggestions?
801,Can you recommend a funny war movie with some drama?
801,What movies are about a radio DJ or broadcaster in the military?
801,I'm looking for a Vietnam War film that's more comedic than serious.
7484,Can you recommend an animated family adventure comedy about animals teaming up against hunters?
7484,What’s a good kids’ movie where an unlikely pair of forest animals become friends and work together?
7484,I’m looking for a fun animal adventure movie with a bear and a deer as the main characters.
484641,Can you recommend an action thriller about a female assassin with a hidden past?
484641,What’s a good adventure movie with a strong female lead and lots of fight scenes?
484641,I’m looking for a suspenseful spy movie with a powerful woman protagonist—any suggestions?
37056,Can you recommend a romantic comedy set in Italy with a travel adventure?
37056,What’s a feel-good movie about finding love and going on a quest during a vacation?
37056,"Suggest a drama-romance with a female lead that involves letters, Italy, and a search for true love."
612,Can you recommend a historical thriller about a real political event and the retaliation that followed?
612,What’s a suspenseful drama based on the Munich Olympics hostage crisis?
612,I’m looking for a movie about Mossad agents on a revenge mission after a terrorist attack.
9336,Can you recommend a funny crime movie about a chaotic police academy with misfit recruits?
9336,What’s a good comedy about people unexpectedly joining the police force despite not fitting the usual standards?
9336,I want a lighthearted crime film with slapstick humor and an underdog causing trouble at police training—any suggestions?
9277,Can you recommend a clever crime comedy about con artists pulling off a big scam?
9277,What’s a good movie about two grifters teaming up to take down a mobster?
9277,I’m looking for a stylish drama with a revenge plot and a major twist—what should I watch?
712,Can you recommend a funny romantic movie about a bachelor who slowly realizes he’s in love?
712,What’s a good comedy-drama about a group of friends and several weddings?
712,I want a romantic British movie with humor and a bittersweet tone—what should I watch?
803796,Can you recommend a funny animated movie with music and fantasy elements about superstars fighting supernatural threats?
803796,What’s a good movie about a girl group or pop stars with secret powers who protect people from demons?
803796,I’m looking for a colorful comedy fantasy with music and action—any animated movies like that?
601666,What are some dark comedy thrillers about a con artist taking advantage of vulnerable people?
601666,Can you recommend movies about greedy guardians or shady legal scams with a suspenseful plot?
601666,What crime dramas have a strong female lead who is morally questionable and ruthless?
76640,Can you recommend an action thriller about a small-town sheriff stopping a drug lord at the border?
76640,What are some crime movies where the police make a last stand against a gang?
76640,I want a movie about an ex-cop in a quiet border town facing off with fugitives—what should I watch?
1645,Can you recommend a courtroom drama about racial injustice and a high-stakes murder trial?
1645,What's a crime thriller where a lawyer defends a father who killed his daughter's attackers?
1645,"I want a tense legal movie that deals with racism, revenge, and vigilante justice—what should I watch?"
542178,What are some quirky comedy-dramas about journalists or magazine staff?
542178,Can you recommend a movie with multiple interwoven stories and an ensemble cast?
542178,"I’m looking for a stylish, offbeat film set in France with humor and drama—what should I watch?"
420634,What’s a really scary horror movie with a terrifying clown villain?
420634,Can you recommend a brutal Halloween slasher movie?
420634,I want a horror film about a maniacal killer clown terrorizing people — what should I watch?
9352,What are some funny road trip movies set across Europe?
9352,Can you recommend a comedy about friends traveling through different European countries?
9352,"I want a goofy teen comedy with a trip to Europe, any suggestions?"
2044,Can you recommend a romantic drama with a fantasy twist and a magical connection between two people?
2044,I'm looking for a movie about two strangers who fall in love through a mysterious or supernatural communication device. Any ideas?
2044,"What is a good romance movie with an unusual premise, like characters connecting across time or distance?"
431693,Can you recommend an animated action-comedy about spies and gadgets that’s fun for the whole family?
431693,What’s a good family-friendly adventure movie with a super spy and a quirky inventor who have to team up?
431693,I’m looking for a comedy animation with lots of action and a buddy-style partnership between two very different characters.
49520,What is a comedy movie about two friends who switch lives?
49520,Can you recommend a funny movie where two men wish they had each other's life?
49520,What comedy movie involves lifelong friends becoming envious of each other's lifestyle?
930564,Can you recommend a dark comedy thriller set in an elite university and wealthy estate?
930564,"What movie has a socially awkward student getting pulled into a rich, eccentric family’s world?"
930564,I’m looking for a drama-comedy with suspense about obsession and class differences at Oxford and a countryside mansion.
400160,What are some fun animated adventure movies for kids about friendship and rescuing a pet?
400160,Can you recommend a family comedy movie with a silly road trip and underwater characters?
400160,What movie should I watch if I want a colorful fantasy adventure with SpongeBob and Patrick?
9315,Can you recommend a suspenseful thriller about a mother searching for her missing child in a confined setting?
9315,What’s a mystery drama involving a disappearance on an airplane?
9315,I want a tense movie with an unreliable reality and a parent fighting to prove their child exists—what should I watch?
10202,Can you recommend a family-friendly fantasy comedy where bedtime stories magically come to life?
10202,"I'm looking for a lighthearted movie with magic, humor, and a romantic subplot for the whole family."
10202,What are some feel-good movies about an ordinary guy whose imaginative stories start becoming real?
531219,Can you recommend a family-friendly fantasy movie with witches and a spooky but funny tone?
531219,"What's a good horror-comedy for kids that involves an orphan, his grandma, and magical witches?"
531219,"I’m looking for a movie similar to Roald Dahl stories with adventure, fantasy, and scary villains for a family movie night."
241554,Can you recommend an action thriller about a former hit man trying to protect his estranged son from the mob?
241554,What’s a good crime movie where a mobster has to choose between his criminal life and his family?
241554,"I’m looking for a tense gangster thriller with revenge, family conflict, and a man on the run from the police."
9374,Can you recommend a dark comedy with fantasy and horror elements about rivalry and immortality?
9374,What movie should I watch if I want a twisted story about two women fighting over the same man with supernatural consequences?
9374,"Do you know any funny but creepy films involving revenge, magic potions, and chaotic relationships?"
193893,Can you recommend a comedy about friends pretending to be cops?
193893,What are some funny movies where regular guys impersonate police officers?
193893,I’m looking for a buddy comedy with fake cops and lots of chaos—any suggestions?
4442,"Can you recommend a fantasy adventure movie with brothers, magic, and a dark fairy-tale atmosphere?"
4442,"I’m looking for a movie that mixes comedy, action, and folklore monsters—what should I watch?"
4442,What’s a good film about con artists who get caught up in a real supernatural curse?
10637,Can you recommend a sports drama about leadership and teamwork overcoming prejudice?
10637,What is a good movie about a football team learning to work together despite racial tension?
10637,Suggest a feel-good inspirational drama based on true events and high school football.
309809,Can you recommend a family-friendly animated adventure with fantasy elements and a meaningful story?
309809,What movies are similar to The Little Prince for someone who likes heartfelt animated films based on books?
309809,I’m looking for a magical adventure film for kids that also has a thoughtful life lesson.
944,Can you recommend an action-packed crime thriller about veteran cops dealing with personal problems while taking on a dangerous criminal syndicate?
944,What’s a good movie about LAPD detectives facing a powerful Chinese crime lord and trying to stop a prison break?
944,"I’m looking for a buddy-cop action movie with crime and thriller elements, especially one featuring older cops under pressure."
619730,Can you recommend a mystery thriller about a seemingly perfect town with a dark secret?
619730,What are some science fiction movies where a woman starts questioning her reality in an idealized community?
619730,I’m looking for a suspenseful movie about an experimental company town that turns out to be hiding something sinister.
9705,Can you recommend a fast-paced action thriller about a hacker being forced into a high-stakes government heist?
9705,What crime movies involve an expert computer hacker helping steal money from a secret government account?
9705,"Suggest a thriller with hacking, terrorism, and a rogue agent planning a big cyber-enabled robbery."
261392,What are some action comedies with a stoner protagonist who turns out to have secret spy skills?
261392,Can you recommend movies where an ordinary guy discovers he is actually a trained assassin or sleeper agent?
261392,What are some funny action movies with government conspiracies and lots of fast-paced violence?
9473,What are some adult animated comedies that are really irreverent and satirical?
9473,Can you recommend a funny animated movie with lots of crude humor and profanity?
9473,What’s a good comedy movie if I want something edgy and offensive like South Park?
600583,Can you recommend a tense psychological western about family conflict and hidden secrets?
600583,What are some good drama movies set on a ranch with intense character power struggles?
600583,I’m looking for a western with strong emotional drama and a domineering lead character—any suggestions?
9279,Can you recommend a funny family Christmas movie about a dad trying to make it up to his son?
9279,What’s a comedy adventure movie where a parent goes on a wild last-minute holiday shopping spree?
9279,I’m looking for a lighthearted family film about a dad’s chaotic quest to find the hottest toy for his kid on Christmas Eve.
638,What are some dark psychological thrillers with surreal twists and a mystery that keeps you guessing?
638,"Can you recommend a movie about a musician whose life spirals into paranoia, crime, and strange identity changes?"
638,"I’m looking for a weird, mind-bending drama with murder, surveillance, and doppelgängers—what should I watch?"
1887,Can you recommend a historical drama about a young queen’s rise and fall?
1887,I’m looking for a movie about Marie Antoinette or the French court—what should I watch?
1887,"What’s a good period drama about royalty, Versailles, and the French Revolution era?"
11007,"Can you recommend a family comedy about parents juggling work and a large, mischievous family?"
11007,What’s a funny movie about a big family adjusting to a new city and chaotic life at home?
11007,I’m looking for a light-hearted comedy-drama with kids causing trouble while their parents are busy at work
889737,What are some dark psychological dramas with crime and thriller elements?
889737,Can you recommend a movie about a troubled antihero dealing with identity issues and love?
889737,"What films blend drama, crime, and thriller with a musical or surreal edge?"
1087192,Can you recommend a fantasy adventure movie with dragons and a strong friendship story?
1087192,What’s a good family action movie about Vikings and dragons?
1087192,I’m looking for an animated adventure film where an outsider befriends a dangerous creature—any suggestions?
228326,Can you recommend an animated family fantasy movie about a young man choosing between family expectations and following his heart?
228326,What’s a good movie with a magical adventure through fantastical worlds and themes of facing your fears?
228326,I’m looking for a family-friendly fantasy animation with a heartfelt story and vibrant adventure—what should I watch?
210479,Can you recommend a tense drama thriller about a man dealing with a personal crisis in real time?
210479,What’s a good movie about one character talking on the phone while his life falls apart?
210479,"I’m looking for an intense, character-driven film about family, responsibility, and a night gone wrong—any suggestions?"
599,Can you recommend a drama about Hollywood and faded movie stars?
599,What’s a movie about a struggling screenwriter who gets involved with an old silent film actress?
599,Do you know any dramas set in old Hollywood about fame and obsession?
313922,Can you recommend a tense horror-thriller about musicians trapped in a dangerous location?
313922,What’s a good crime thriller where witnesses have to fight to survive after seeing a violent crime?
313922,"I want a gritty, suspenseful movie with punks and a deadly standoff—what should I watch?"
74465,Can you recommend a heartwarming family drama about starting over after a personal loss?
74465,What’s a feel-good movie about a parent moving their kids to a new place and rebuilding life?
74465,Is there a comedy-drama with animals and family themes that’s uplifting and emotional?
531428,Can you recommend a slow-burn historical romance with strong emotional tension?
531428,I'm looking for a visually beautiful drama about a forbidden love between two women. What should I watch?
531428,"What are some movies set in the 18th century with a passionate, intimate love story?"
116711,Can you recommend an animated adventure movie with a teenage girl who gets transported into a magical forest world?
116711,What family fantasy movies feature a band of misfit characters trying to save both their world and ours?
116711,I’m looking for a movie like a colorful epic adventure with good vs evil battles in a forest setting
575265,What are some action thrillers about stopping a rogue AI that has taken over global intelligence networks?
575265,Can you recommend an adventure movie with spies racing against time to prevent a worldwide catastrophe?
575265,What’s a suspenseful action film where a secret agent team faces both a powerful enemy and a mysterious figure from the past?
697843,Can you recommend an intense action thriller with a former soldier on a dangerous rescue mission?
697843,What's a good crime movie with lots of high-stakes combat and a hostage rescue plot?
697843,I want a fast-paced movie like a gritty revenge-style action thriller with plenty of suspense.
379149,What are some good action thrillers about a father seeking revenge after his daughter is killed?
379149,Can you recommend a crime movie with a British setting and political terrorism themes?
379149,I’m looking for a thriller about a quiet businessman with a hidden violent past who goes after terrorists.
9373,What are some really intense horror movies with a chainsaw killer and a creepy family?
9373,Can you recommend a classic slasher movie where a group of friends gets hunted in the woods?
9373,I want a scary movie with a deranged family and nonstop suspense—what should I watch?
574475,Can you recommend a horror mystery movie about someone trying to stop a deadly family curse or recurring nightmare?
574475,I’m looking for a scary film where the main character goes home to uncover a way to save their family from a fatal fate—what should I watch?
574475,What’s a good horror movie with a suspenseful plot about breaking a cycle of gruesome deaths after a strange vision or nightmare?
13363,Can you recommend a science fiction drama with a lot of философical discussion and dialogue?
13363,What’s a movie about an unusual secret being revealed during a conversation with friends?
13363,"I’m looking for a thoughtful sci-fi film that explores history, belief, and the nature of humanity."
86829,What are some good dramas about struggling musicians trying to make it in the music scene?
86829,Can you recommend a movie about a gifted but flawed folk singer dealing with money and relationship problems?
86829,What are some films set in the early 1960s Greenwich Village folk music scene?
49517,Can you recommend a tense Cold War spy thriller with a mystery about a mole inside an intelligence agency?
49517,"I'm looking for a smart, slow-burn espionage drama like a puzzle, with lots of intrigue and betrayal—what should I watch?"
49517,"What’s a good movie about secret agents, hidden double lives, and uncovering who the traitor is?"
55,"Can you recommend a dark, emotional thriller that tells interconnected stories about people whose lives are changed by a tragic accident?"
55,What’s a gritty drama with crime and suspense set in Mexico City?
55,"Do you know any intense movies about fate, love, and how a car crash affects several different characters?"
109491,Can you recommend a fantasy romance movie about a teenage girl with mysterious powers and a boy who falls for her?
109491,"What movie is about a young couple dealing with magic, fate, and a choice between good and evil?"
109491,Suggest a drama-fantasy romance similar to a love story where one character has supernatural abilities and an important birthday changes everything.
445651,Can you recommend an action-adventure movie about teens with superpowers on the run from the government?
445651,What’s a good dystopian drama where most kids die from a disease and the survivors develop abilities?
445651,I’m looking for a movie like The Hunger Games with young people escaping internment camps and fighting back—what should I watch?
9477,Can you recommend an action-packed historical adventure movie about King Arthur or the origins of the Arthurian legend?
9477,"I'm looking for a war drama set in ancient Britain with knights, battles, and a legendary hero—what should I watch?"
9477,"What movies blend history and mythology, especially around the Arthurian legend and Roman-era warfare?"
8009,Can you recommend an action-fantasy movie about an immortal warrior who fights across different centuries?
8009,"What’s a good adventure movie with sword fights, Scottish history, and a modern-day New York setting?"
8009,Do you know any fantasy action films where the main character is an immortal hero battling other immortals?
11024,I want a fun mystery-comedy adventure with monsters and a group of goofy friends solving a case—what should I watch?
11024,"Can you recommend a family-friendly movie with supernatural villains, lots of humor, and a team uncovering a strange conspiracy?"
11024,What’s a good lighthearted adventure movie where the heroes investigate a citywide monster outbreak and face old enemies?
23437,Can you recommend a horror movie about teenagers being terrorized in their dreams?
23437,What’s a scary thriller where the villain kills people in their sleep?
23437,I’m looking for a mystery horror movie with a creepy dream-demon and a group of friends.
610253,Can you recommend a horror movie with a relentless masked killer returning to terrorize a small town?
610253,What’s a scary slasher film where the survivors and townspeople fight back against Michael Myers?
610253,I’m looking for a horror sequel that continues the Halloween story with Laurie Strode and Michael Myers.
568091,Can you recommend a thriller where a father becomes convinced something is wrong at a hospital after his child is injured?
568091,I’m looking for a tense drama about a family road trip that turns into a mysterious medical nightmare.
568091,What’s a suspenseful movie about a man searching for his wife and daughter in a hospital when they seem to disappear?
928,What’s a funny horror movie with monsters causing chaos in a big city?
928,Can you recommend a comedy-horror fantasy sequel with mischievous creatures?
928,I want a lighthearted but spooky movie with gremlin-like creatures and lots of mayhem—what should I watch?
452507,Can you recommend a dark psychological horror movie about a family crime gone wrong?
452507,What are some horror dramas about a husband plotting to kill his wife for money?
452507,I’m looking for a crime thriller with a rural setting and a very grim family story.
420814,What are some family-friendly fantasy movies about rediscovering childhood imagination?
420814,Can you recommend an adventure comedy for both kids and adults with classic characters?
420814,I'm looking for a heartfelt movie about growing up and reconnecting with old friends.
1574,Can you recommend a dark comedy musical about crime and fame?
1574,What are some movies set in 1920s Chicago with murder and courtroom drama?
1574,I'm looking for a crime comedy-drama with strong female leads and a showbiz vibe.
823219,What are some good animated adventure movies about animals surviving together in a flood or natural disaster?
823219,Can you recommend a family-friendly fantasy film with a cat and other animals working together?
823219,I’m looking for a visually rich animation movie about unlikely animals forming a team in a transformed world.
257091,Can you recommend a comedy about a wealthy guy preparing for prison?
257091,What’s a funny movie where two very different men team up to survive jail?
257091,I want a prison-themed comedy with lots of fish-out-of-water humor. What should I watch?
546121,Can you recommend a thriller about a teenager who is trapped and suspicious of her mother?
546121,I’m looking for a horror-drama movie with a dark family secret and a wheelchair-bound protagonist.
546121,What’s a tense movie about a homeschooled teen uncovering something unsettling about her parent?
497828,What are some dark comedy movies about rich people on a luxury trip that goes badly?
497828,Can you recommend a satire with social hierarchy and survival on a deserted island?
497828,I’m looking for a comedy-drama about models or celebrities trapped in a disaster situation.
1607,Can you recommend a coming-of-age crime drama set in the 1960s with a strong father-son conflict?
1607,I’m looking for a movie about a kid growing up in New York who gets caught between family values and the mob.
1607,"What’s a good drama like A Bronx Tale, with themes of neighborhood loyalty, crime, and forbidden romance?"
4977,Can you recommend an animated sci-fi thriller about dreams and mind-bending visuals?
4977,What’s a good movie like Inception but animated and more surreal?
4977,I’m looking for a psychological sci-fi movie involving dream exploration and a stolen device.
1032823,Can you recommend a thriller set at a concert or live event that turns sinister?
1032823,What are some crime horror movies where a parent and child get caught in a dangerous situation?
1032823,I want a suspenseful movie about being trapped in a seemingly fun public event gone wrong—any suggestions?
677179,Can you recommend a drama-action movie about a boxer facing an old childhood friend who returns from prison?
677179,What’s a good movie like Creed about a champion boxer dealing with a personal rivalry?
677179,Suggest an action drama with intense boxing and a conflict that gets personal between former friends.
459992,Can you recommend a funny romantic movie about a journalist who reconnects with his childhood crush?
459992,What’s a comedy romance where a woman running for president hires her old acquaintance as a speechwriter?
459992,Suggest a rom-com with political themes and an unlikely couple falling for each other
8874,What are some romantic comedies about a woman trying to stop her best friend from marrying someone else?
8874,Can you recommend a funny movie where the main character realizes she is in love with her best friend?
8874,What movies are about sabotaging a wedding because of unspoken feelings?
9003,Can you recommend a dark horror movie with supernatural puzzle box elements and lots of intense suspense?
9003,What’s a scary thriller about people getting dragged into a nightmarish world by weird otherworldly creatures?
9003,"I’m looking for an extreme horror film that mixes pain, pleasure, and grotesque monsters—any suggestions?"
8054,"Can you recommend a fantasy adventure movie with a surreal, mysterious feel and a deal with the devil?"
8054,What are some movies like a quirky carnival fantasy where the characters travel through magical worlds?
8054,"I’m looking for a strange, imaginative film involving immortality, souls, and a dark bargain—any suggestions?"
22894,Can you recommend an action-fantasy horror movie where angels and an apocalypse are central to the story?
22894,I want a tense desert-set movie with strangers trapped together and supernatural threats—what fits?
22894,What’s a good movie about humanity’s last hope against God sending angels to wipe out the world?
762975,Can you recommend a romance drama with a fake marriage that turns into a real relationship?
762975,What’s a good movie about an aspiring musician and a Marine who enter a marriage of convenience?
762975,I’m looking for a romantic drama with military themes and an emotional love story — any suggestions?
62835,What are some action thrillers about a female assassin seeking revenge for her family’s murder?
62835,Can you recommend a crime drama like Colombiana with a strong female lead and lots of revenge?
62835,What movies are similar to Colombiana that involve an assassin hunting down the people who killed her parents?
451915,Can you recommend a dramatic movie about a parent struggling to help a teenager with drug addiction?
451915,What are some movies about family members dealing with meth addiction in a teenage son?
451915,I’m looking for a serious drama about a journalist’s family falling apart because of a son’s substance abuse.
306947,Can you recommend a tense psychological thriller about an awkward dinner party that turns sinister?
306947,What’s a horror movie where a character suspects the hosts of a dinner gathering are hiding something creepy?
306947,I’m looking for a thriller with old friends reuniting at a house and the evening slowly becoming unsettling—any suggestions?
25376,Can you recommend a mystery thriller with a strong emotional drama about an unsolved murder case?
25376,What’s a good movie about a retired investigator revisiting a haunting old crime from the past?
25376,I’m looking for a suspenseful drama involving a rape and murder mystery with investigative and courtroom elements.
8204,What are some good family fantasy adventure movies about kids discovering a magical world?
8204,Can you recommend a movie with siblings exploring a hidden fantasy realm?
8204,I’m looking for a fantasy adventure film similar to The Chronicles of Narnia with faeries and magical creatures
11005,Can you recommend a moving drama about a doctor who treats patients with a rare condition and forms a deep bond with one of them?
11005,I’m looking for a film about medical breakthroughs that also explores the emotional impact on patients and doctors. What would you suggest?
11005,What’s a good drama where a shy doctor helps someone regain their life and ends up being changed by the experience too?
595,Can you recommend a classic drama about racism and childhood innocence in the American South?
595,What are some movies like To Kill a Mockingbird that deal with social injustice and moral courage?
595,I’m looking for a powerful courtroom drama set in a small town with strong themes of empathy and prejudice.
740985,What are some outrageous political comedies that make fun of American culture and current events?
740985,Can you recommend a mockumentary-style comedy with a lot of satire and social commentary?
740985,"I’m looking for a crude, absurd comedy that deals with the COVID era and U.S. politics—what should I watch?"
417384,What are some good horror movies set around Halloween with a mystery element?
417384,Can you recommend a scary movie about teenagers who accidentally unleash a supernatural force?
417384,I’m looking for a horror film with haunted houses and creepy small-town secrets.
13207,Can you recommend a horror thriller set at a creepy summer camp or lakeside campsite?
13207,I’m looking for a slasher movie where a group of young adults are stalked at a remote campground—what should I watch?
13207,What’s a scary movie about campers encountering a mysterious killer at Crystal Lake?
700391,Can you recommend an action-packed sci-fi adventure with dinosaurs and survival elements?
700391,What movie should I watch if I want a tense space survival story set on prehistoric Earth?
700391,Suggest a science fiction adventure film with alien characters stranded on Earth facing dinosaurs
4476,Can you recommend an epic period drama with romance and war elements set in the American West?
4476,"What’s a movie about a family saga in early 20th-century Montana with themes of loyalty, love, and tragedy?"
4476,I’m looking for a sweeping Western drama with strong emotional conflict and a decades-spanning story.
227719,Can you recommend a sci-fi thriller about teenagers who discover time travel and build a machine?
227719,I'm looking for a movie where a group of teens mess with time travel and things go wrong.
227719,What’s a good science fiction movie with a time machine and a suspenseful teen cast?
865,Can you recommend an action thriller about a dystopian future where criminals are forced into deadly game shows?
865,What science fiction movies are similar to a totalitarian society with violent TV competitions and a manhunt?
865,I’m looking for a movie where the government uses a televised survival game to control the public—any suggestions?
945729,Can you recommend a mystery thriller set in a spooky old mansion or palazzo?
945729,What’s a good crime movie with a detective solving a murder during a haunted-house-style séance?
945729,"I want a suspenseful whodunit with a dark, gothic atmosphere and supernatural vibes—what should I watch?"
521,Can you recommend a suspenseful crime thriller about a husband plotting to kill his wife for money?
521,What are some classic drama movies with a tense murder plot and a jealous spouse?
521,"I’m looking for a thrilling movie about betrayal, blackmail, and a planned murder—any suggestions?"
840326,What are some intense action movies about a lone survivor taking on a group of soldiers?
840326,Can you recommend a war thriller with a relentless revenge plot set in a remote wilderness?
840326,What movies feature a tough ex-soldier fighting Nazis over hidden treasure?
1832,What are some funny fantasy movies with angels and religious themes?
1832,Can you recommend a comedy-adventure movie about saving the world from supernatural forces?
1832,"What movies have a sarcastic take on heaven, angels, and faith?"
614917,Can you recommend a sports drama about a parent coaching their children to greatness?
614917,What are some history-based dramas about the rise of famous athletes?
614917,"I’m looking for a movie about family, determination, and tennis—any suggestions?"
38117,Can you recommend a romantic fantasy movie with a modern Beauty and the Beast vibe?
38117,What’s a drama about a teen transformed into a monster who has to find true love?
38117,I’m looking for a movie like Beauty and the Beast but set in modern times—any suggestions?
535581,Can you recommend a horror comedy with zombies and a weird small-town vibe?
535581,What’s a funny horror movie where a quiet town gets overrun by the undead?
535581,Do you know any darkly comedic zombie movies with an ensemble cast?
800158,What are some good crime thrillers about assassins going on the run after a job goes wrong?
800158,Can you recommend a tense movie about a hitman battling his employers and himself?
800158,What thriller should I watch if I want an international manhunt with a professional assassin?
5925,Can you recommend an adventure war movie based on a true story about prisoners planning a daring escape?
5925,What are some good drama films about Allied POWs trying to break out of a Nazi camp?
5925,I want a classic war movie with suspense and a large-scale prison escape—what should I watch?
403119,Can you recommend a tense shark survival movie with a lot of suspense?
403119,I'm looking for a horror-thriller about people trapped underwater with limited oxygen.
403119,What movie should I watch if I want a scary ocean survival story with sharks?
388399,Can you recommend a tense true-story crime thriller about law enforcement racing to stop terrorists after an attack?
388399,What’s a good action drama based on a real event involving a manhunt for bombers?
388399,I’m looking for a gripping historical thriller set during a major American tragedy with police and first responders—what should I watch?
502033,What are some dramatic movies about musicians facing life-changing challenges?
502033,Can you recommend a movie about hearing loss and personal identity?
502033,I’m looking for a powerful film about adapting to a sudden disability and starting over
505600,What are some funny coming-of-age movies about high school students?
505600,Can you recommend a comedy about overachieving teens trying to let loose before graduation?
505600,I want a movie like a smart teen buddy comedy with a wild one-night adventure.
266647,Can you recommend a family-friendly fantasy adventure with pirates and a magical world?
266647,I’m looking for an action-packed adventure movie about a young hero discovering his destiny—what should I watch?
266647,"What’s a good fantasy film for kids that includes Neverland, pirates, and lots of adventure?"
5,What are some quirky or offbeat comedy movies set in a hotel?
5,Can you recommend a comedy with multiple crazy guest stories happening in one night?
5,"I’m looking for a dark, absurd anthology-style comedy like Four Rooms—what should I watch?"
17609,Can you recommend a dark psychological horror movie about grief and a couple dealing with a tragic loss?
17609,What’s a disturbing thriller set in the woods with a tense relationship between partners?
17609,I’m looking for an intense art-house horror film about a marriage falling apart after a death.
9767,Can you recommend a romantic comedy about a couple who break up and then make each other miserable while still living together?
9767,What’s a funny relationship movie where an ex-couple turns their split into a war of pranks and petty revenge?
9767,I’m looking for a rom-com about a messy breakup with lots of awkward ex-couple drama and humor.
6466,Can you recommend a horror movie with two iconic slashers fighting each other?
6466,What’s a scary movie where Freddy Krueger and Jason Voorhees both appear?
6466,I want a horror film about monsters or killers battling for survival—any suggestions?
265177,Can you recommend a dramatic movie about a recent widow struggling to raise a troubled teenage son?
265177,"What’s a good drama about a single mother dealing with a violent, unpredictable teenager?"
265177,I’m looking for a movie where a grieving parent gets unexpected help from a neighbor—any recommendations?
705861,Can you recommend a sports drama with some comedy about basketball and scouting talent?
705861,What’s a good movie about an underdog trying to get a player into the NBA?
705861,Suggest a feel-good basketball movie with a mix of drama and humor.
602269,Can you recommend a dark crime thriller about detectives hunting a serial killer with a tense psychological twist?
602269,What’s a good movie about two investigators working a murder case that slowly reveals one detective’s troubled past?
602269,Suggest a suspenseful drama thriller set in Los Angeles with a serial killer investigation and lots of tension.
505948,Can you recommend a sci-fi thriller with a mysterious robot caretaker and a tense underground setting?
505948,"What are some movies like I Am Mother that involve AI, isolation, and a post-apocalyptic world?"
505948,I’m looking for a movie where a young woman is raised by a robot and then questions everything—what should I watch?
482373,Can you recommend a tense horror thriller about a man protecting a young girl from dangerous criminals?
482373,"What are some movies where an isolated, dangerous antihero has to go back into action to rescue someone he cares about?"
482373,I want a dark thriller with suspense and home-invasion style tension—what should I watch?
96,Can you recommend an action-comedy about a wisecracking detective solving a crime in Beverly Hills?
96,What are some fun 80s crime movies with lots of action and humor?
96,I’m looking for a movie where a cop returns to LA to investigate a shooting and uncover a bigger criminal plot.
9360,Can you recommend a suspenseful adventure horror movie about a giant deadly snake?
9360,What are some thriller movies where a film crew gets trapped by a dangerous hunter in the jungle?
9360,I want a scary survival movie with snakes and a lot of tension—what should I watch?
5123,Can you recommend a heartwarming family drama about a gifted child searching for his parents through music?
5123,What’s a movie about an orphan with musical talent finding his way in New York City?
5123,Can you suggest an emotional music-centered drama with a runaway child and a hopeful story?
763215,What are some fantasy adventure movies with a strong female lead fighting to survive?
763215,Can you recommend an action movie where a princess or bride is betrayed and has to battle a dragon?
763215,"What movies are like a dark fairy tale with adventure, action, and a monster fight?"
109443,What are some funny comedies like Anchorman 2: The Legend Continues?
109443,Can you recommend a silly newsroom comedy with a lot of over-the-top humor?
109443,I'm looking for a comedy about a charismatic news anchor causing chaos at work. Any suggestions?
37958,Can you recommend a fantasy action movie about a mortal chosen by the gods to fight a powerful king?
37958,"What’s a movie with Greek mythology, epic battles, and a hero leading humanity against a ruthless ruler?"
37958,"I’m looking for a dramatic action film set in ancient Greece with gods, warriors, and a quest to stop a destructive weapon."
9387,Can you recommend an action-fantasy movie about a warrior seeking revenge for his family's murder?
9387,"What’s a good adventure movie with sword fights, survival training, and a lone hero on a vengeance quest?"
9387,I’m looking for a dark fantasy film about a barbarian who rises from slavery to become a fighter and take revenge.
9383,Can you recommend a sci-fi thriller about an invisibility experiment that goes horribly wrong?
9383,What’s a good action movie with a scientist who becomes invisible and turns dangerous?
9383,I’m looking for a thriller where a research breakthrough leads to a man losing his humanity—any suggestions?
339397,What are some romantic comedy-dramas set in Hollywood during the 1930s?
339397,Can you recommend a movie about a young man trying to break into the film industry who falls in love?
339397,What films capture the vibe of 1930s café society and old Hollywood glamour?
49527,Can you recommend a tense action thriller with a rooftop standoff and a hidden heist plot?
49527,What’s a crime thriller about a former cop pretending to be suicidal to pull off a big robbery?
49527,I’m looking for a movie where the police negotiate with a man on a ledge but there’s more going on behind the scenes—any suggestions?
951,Can you recommend a funny action movie where a tough cop goes undercover in an unexpected place?
951,What are some comedy movies about police officers dealing with kids?
951,I want a lighthearted movie with an undercover cop and lots of kid-related chaos—any suggestions?
346648,What are some good family adventure comedies with a lot of heart?
346648,Can you recommend a funny movie about a bear and his adopted family?
346648,I’m looking for a feel-good movie where a character goes on a wholesome quest for a gift
395990,Can you recommend a dark revenge thriller about an ordinary man who becomes violent after a personal tragedy?
395990,What’s a crime action movie where a family man turns into a vigilante after his loved ones are attacked?
395990,I’m looking for a gritty drama with action and thriller elements about vengeance and justice gone too far.
393457,What are some dramatic movies about family struggles and racism in the 1950s?
393457,Can you recommend a movie about a father dealing with poverty and inner demons while raising a family?
393457,I’m looking for an emotional drama centered on an African-American family facing hardship in mid-20th-century America.
384677,Can you recommend a funny romantic movie about two assistants who try to set up their bosses?
384677,What are some lighthearted romance comedies involving workplace schemes and matchmaking?
384677,I want a cute comedy romance about two people teaming up to get their bosses together—what should I watch?
