movie_id,question
157336,Can you recommend a thought-provoking science fiction movie about astronauts traveling through a wormhole?
157336,"What are some epic space adventure films that combine exploration, drama, and the survival of humanity?"
157336,I’m looking for an emotionally powerful sci-fi movie about traveling across vast distances in space—what do you suggest?
27205,What are some action-packed science fiction movies about dream manipulation and corporate espionage?
27205,Can you recommend an adventurous movie with a complex heist involving the subconscious?
27205,"What movies are similar to Inception, with mind-bending plots and layered realities?"
24428,What are some action-packed superhero movies about a team coming together to save the world?
24428,Can you recommend a science fiction adventure movie featuring an international team fighting a global threat?
24428,What movie should I watch if I want a thrilling ensemble of heroes defending Earth from an unexpected enemy?
155,What are some action-packed crime thrillers featuring Batman and a brilliant villain like the Joker?
155,Can you recommend a dark superhero movie about a hero battling organized crime and chaos in a city?
155,What thriller should I watch if I enjoy intense superhero stories with morally complex characters and high stakes?
19995,What are some action-packed science fiction adventure movies set on alien worlds?
19995,Can you recommend a visually stunning sci-fi movie about humans encountering an alien civilization?
19995,What movies feature a soldier who must choose between following orders and protecting an endangered culture?
293660,Can you recommend a funny superhero movie with lots of action and a dark sense of humor?
293660,What are some adventure movies about a mercenary who gains superpowers and seeks revenge?
293660,"What movie should I watch if I enjoy violent comic-book stories with witty, irreverent characters?"
550,"What are some intense psychological thrillers about insomnia, identity, and underground movements?"
550,"Can you recommend movies with dark themes, unreliable narrators, and unexpected twists?"
550,What films explore male aggression and rebellion through unconventional or violent forms of therapy?
299536,What are some action-packed superhero movies with cosmic threats and an ensemble cast?
299536,Can you recommend an epic science fiction adventure where heroes team up to stop a powerful villain from destroying the universe?
299536,What Marvel movies feature the Avengers fighting to protect the world from an intergalactic enemy?
278,What are some emotionally powerful prison dramas with themes of hope and friendship?
278,Can you recommend movies similar to The Shawshank Redemption with an inspiring underdog story?
278,What are the best crime dramas set in prison with memorable characters and a strong emotional impact?
680,What are some crime comedies with nonlinear storytelling and memorable characters like Pulp Fiction?
680,"Can you recommend a stylish, darkly funny thriller about hit men and gangsters?"
680,"What movies have interconnected stories, sharp dialogue, and a mix of crime and comedy?"
13,What are some heartfelt movies about an unlikely hero who achieves extraordinary things despite his limitations?
13,"Can you recommend a romantic drama with humor, historical events, and a bittersweet love story?"
13,What movies feature a kindhearted character whose remarkable life spans major moments in American history?
118340,What are some fun sci-fi adventure movies set in space with lots of action and humor?
118340,Can you recommend a movie about a group of unlikely heroes who team up to stop a powerful villain?
118340,"What Marvel movies feature an abducted human, an alien world, and a team on an exciting intergalactic mission?"
671,What are some adventurous fantasy movies about a young person discovering they have magical powers?
671,Can you recommend a family-friendly fantasy movie set in a magical school?
671,What movies feature a young hero uncovering the truth about their past while learning to use newfound powers?
1726,What are some action-packed science fiction movies about a billionaire inventor who builds a powerful suit of armor?
1726,Can you recommend an adventurous superhero movie where the main character uses advanced technology to fight evil?
1726,"What movies are similar to Iron Man, featuring high-tech weapons, thrilling action, and a hero overcoming captivity?"
68718,Can you recommend a western drama about a freed slave trying to rescue his wife from a ruthless plantation owner?
68718,"What movies combine a revenge story, a German bounty hunter, and the brutal American South?"
68718,"I’m looking for a gritty historical western about slavery, freedom, and rescuing a loved one—what should I watch?"
603,What are some action-packed science fiction movies about hackers fighting powerful machines?
603,Can you recommend a movie set in a future where humans rebel against computers?
603,"What movies are similar to The Matrix, with underground resistance groups and dystopian technology?"
299534,What action-packed science fiction movies feature superheroes trying to save the universe after a devastating event?
299534,Can you recommend an epic adventure movie about a team of heroes undoing the destruction caused by a powerful villain?
299534,"What should I watch if I enjoy superhero films with time travel, high stakes, and a battle to restore the universe?"
475557,What are some dark psychological crime dramas about a troubled comedian’s descent into madness?
475557,Can you recommend movies about an outcast who turns to crime and becomes a notorious villain?
475557,"What intense thrillers set in a gritty city explore chaos, violence, and mental illness?"
120,What fantasy adventure movies feature an epic journey to destroy a powerful magical artifact?
120,Can you recommend action-packed fantasy films with a group of heroes on a dangerous quest?
120,"What movies are similar to The Lord of the Rings, with hobbits, magic, and an epic battle against evil?"
597,What are some romantic dramas set aboard a historic ship or during a major tragedy?
597,Can you recommend an emotional period romance with a tragic love story?
597,What movies tell a sweeping love story against the backdrop of a famous historical event?
122,Can you recommend an epic fantasy adventure with massive battles and a heroic quest?
122,"What movies feature a brave underdog, ancient forces of good and evil, and a battle for the fate of the world?"
122,I'm looking for an action-packed fantasy film about a fellowship traveling through a dangerous world to defeat a powerful evil.
106646,What are some darkly comedic crime dramas about Wall Street corruption and financial fraud?
106646,Can you recommend movies based on the true stories of morally corrupt stockbrokers and their extravagant lifestyles?
106646,"What films combine crime, comedy, and drama with themes of greed, corporate corruption, and mob influence?"
11324,Can you recommend a psychological thriller about a U.S. marshal investigating a disappearance at a remote mental hospital?
11324,"What are some dark, twisty mystery movies with an unreliable protagonist and unsettling visions?"
11324,I’m looking for a suspenseful drama set in an isolated institution with secrets and a shocking reveal—what should I watch?
99861,What action-packed superhero movies feature a team of heroes battling an artificial intelligence villain?
99861,"Can you recommend a science fiction adventure movie with global stakes, unexpected alliances, and epic action?"
99861,What Marvel movies follow Earth’s mightiest heroes as they try to stop a catastrophic threat?
49026,What are some action-packed superhero crime thrillers with a dark tone and a memorable villain?
49026,Can you recommend a movie about a masked hero returning to save a city from a terrorist leader?
49026,"What films are similar to a gritty Batman story involving Gotham, political corruption, and intense drama?"
16869,What are some intense World War II movies about resistance fighters taking revenge on the Nazis?
16869,"Can you recommend a dark, violent war thriller set in Nazi-occupied France?"
16869,"What movies combine historical drama, Jewish resistance, and brutal action with a stylish cinematic feel?"
76341,What are some high-octane post-apocalyptic action movies with intense desert settings?
76341,Can you recommend a visually stunning sci-fi adventure about rebels surviving in a dystopian world?
76341,"What movies feature nonstop action, bizarre characters, and a fast-paced fight for survival?"
271110,What superhero movies feature a conflict between former allies over government regulation?
271110,Can you recommend an action-adventure movie about the Avengers splitting into opposing factions?
271110,What science fiction movies show superheroes facing off in an epic internal battle?
121,What fantasy adventure movies follow a group of heroes on a dangerous quest to destroy a powerful artifact?
121,"Can you recommend an action-packed fantasy movie with epic battles, dark wizards, and multiple storylines?"
121,"What movies are similar to The Fellowship of the Ring, with a grand journey through a richly imagined world?"
672,Can you recommend a fantasy adventure movie about Harry Potter returning to Hogwarts for a dangerous second year?
672,"What movie features a magical school, a mysterious hidden chamber, and a trio of young friends trying to save everyone?"
672,"I’m looking for an adventurous fantasy film with flying cars, a house-elf warning, and dark secrets at a wizarding school."
284054,What are some action-adventure superhero movies with a strong African cultural setting and advanced technology?
284054,Can you recommend a sci-fi movie about a king defending his homeland from rivals and political threats?
284054,What movies feature a powerful hero returning home to claim the throne and protect his nation?
150540,Can you recommend an animated family movie about a child adjusting to moving to a new city?
150540,What are some funny and heartfelt adventure movies that explore emotions and growing up?
150540,I want to watch a family-friendly movie where different emotions help a young person cope with change—what do you suggest?
284052,Can you recommend a fantasy action movie about a brilliant surgeon who learns magic?
284052,What adventure movies feature a former doctor training as a sorcerer to fight evil?
284052,"I want a superhero movie with magic, action, and a character getting a second chance—what should I watch?"
68721,What are some action-packed superhero movies featuring Tony Stark or Iron Man?
68721,Can you recommend a sci-fi adventure movie about a hero facing a powerful terrorist threat?
68721,What Marvel movies focus on a superhero rebuilding his life after a devastating attack?
70160,What are some dystopian action movies about young people fighting for survival in a deadly competition?
70160,Can you recommend a thrilling science fiction adventure with a strong female protagonist and themes of rebellion?
70160,"What movies feature a totalitarian society, televised violence, and a hero who defies the system?"
315635,What are some fun superhero movies about a teenager balancing high school life with fighting crime?
315635,Can you recommend an action-adventure Marvel movie featuring Spider-Man and Iron Man?
315635,What science fiction superhero movies have a young hero facing a dangerous new villain in New York City?
673,What are some adventurous fantasy movies about young wizards facing dangerous escaped prisoners?
673,"Can you recommend a dark, magical adventure movie set at a school for wizards?"
673,What fantasy films feature a young hero in danger from a powerful fugitive?
807,"What are some dark, atmospheric crime thrillers about detectives hunting a serial killer?"
807,Can you recommend a mystery thriller involving murders inspired by the seven deadly sins?
807,"What movies feature a seasoned detective and a rookie partner investigating disturbing, psychologically intense crimes?"
238,What are some classic crime dramas about powerful families and betrayal?
238,Can you recommend a movie about an organized crime family whose reluctant son becomes involved in the business?
238,"What should I watch if I enjoyed epic, character-driven gangster movies with themes of loyalty and revenge?"
283995,What are some action-packed sci-fi adventure movies about a close-knit team facing threats together?
283995,"Can you recommend a fun superhero movie with space travel, humor, and family themes?"
283995,What movies feature a hero uncovering the mystery of his parentage while fighting to protect his friends?
1771,What are some action-adventure superhero movies set during World War II?
1771,Can you recommend a science fiction movie about an ordinary person becoming a super-soldier?
1771,What Marvel movies feature a hero fighting a villain who wants to use a powerful weapon for world domination?
272,What are some dark superhero movies about a billionaire who becomes a masked vigilante to fight crime and corruption?
272,Can you recommend an action-packed crime drama about a hero driven by tragedy to protect his city?
272,What movies explore the origin story of a superhero who uses fear to battle Gotham-like criminal underworlds?
10138,What action-packed superhero movies are about billionaire inventors facing powerful enemies?
10138,Can you recommend a science fiction adventure movie featuring Iron Man and government pressure over advanced technology?
10138,"What movies are similar to the first Iron Man, with Tony Stark, high-tech armor, and intense battles?"
11,Can you recommend an adventurous science-fiction movie about a princess held hostage by an evil empire?
11,"What action movies feature a young hero, a charming smuggler, and lovable robots teaming up to rescue a princess?"
11,I’m looking for an exciting space adventure about restoring peace and justice against imperial forces—what should I watch?
10195,Can you recommend an action-adventure fantasy movie about a powerful god who is banished to Earth and learns humility?
10195,What movies feature a warrior prince who must become a true hero while defending Earth from supernatural forces?
10195,"I'm looking for a fantasy superhero movie with epic battles, mythology, and a character undergoing a redemption arc."
22,"What are some adventurous fantasy movies with pirates, supernatural curses, and memorable characters?"
22,Can you recommend an action-packed movie where a hero teams up with a witty pirate to rescue someone from a cursed crew?
22,"What movies are similar to a swashbuckling pirate adventure involving treasure, undead villains, and romance?"
674,What fantasy adventure movies feature a magical school and a dangerous tournament?
674,Can you recommend a Harry Potter movie with an intense competition and the return of a powerful villain?
674,"What movies would I enjoy if I like magical adventures, wizarding schools, and heroic challenges?"
634649,What are some action-packed superhero movies where the hero's identity is exposed and they seek help from a powerful ally?
634649,"Can you recommend an adventurous science fiction movie involving Spider-Man, Doctor Strange, and dangerous consequences?"
634649,What superhero movies explore the challenges of balancing a normal life with high-stakes responsibilities?
297761,What are some action-packed superhero movies about a team of villains forced to work for the government?
297761,"Can you recommend a dark, adventurous fantasy movie featuring incarcerated criminals on dangerous missions?"
297761,"What movies are similar to Suicide Squad, with antiheroes, high-risk black-ops missions, and comic-book action?"
284053,Can you recommend a funny action-packed superhero movie with science fiction elements?
284053,What movies feature a hero racing against time to save their home world from destruction?
284053,"What should I watch if I want an entertaining Marvel movie with Thor, comedy, and a powerful villain?"
12445,What fantasy adventure movies feature young wizards battling an evil villain in an epic final showdown?
12445,Can you recommend a magical adventure movie about a trio of friends trying to defeat a powerful dark wizard?
12445,What movies involve a quest for legendary magical objects that can turn the tide against an evil sorcerer?
105,What are some funny adventure movies involving time travel and a teenager trying to fix the past?
105,Can you recommend a sci-fi comedy about someone accidentally traveling back in time and changing history?
105,What movies are similar to a lighthearted 1980s adventure with an eccentric inventor and time-traveling complications?
14160,What are some heartwarming animated adventure movies for the whole family?
14160,"Can you recommend a funny, emotional movie about an older man going on an unexpected adventure?"
14160,What family-friendly movies feature an unlikely friendship and exploring the world?
135397,What are some thrilling adventure movies set in a dinosaur theme park?
135397,Can you recommend a science fiction movie about genetically engineered dinosaurs going out of control?
135397,What movies are similar to Jurassic Park and feature an exciting dinosaur-filled theme park?
286217,What are some science fiction adventure movies about an astronaut stranded alone on another planet?
286217,Can you recommend an inspiring space survival drama where the main character uses ingenuity to stay alive?
286217,What movies are similar to a tense Mars mission story about an abandoned astronaut trying to communicate with Earth?
354912,Can you recommend an animated family movie about a child who dreams of becoming a musician despite his family’s disapproval?
354912,"What are some colorful and emotional adventure movies involving music, family, and the afterlife?"
354912,I’m looking for a heartfelt animated movie about discovering family secrets and pursuing your dreams—what should I watch?
98,What are some epic historical action movies about a betrayed hero seeking revenge?
98,Can you recommend a dramatic adventure movie set in ancient Rome with intense gladiator battles?
98,What movies feature a fallen military leader forced to fight for survival and honor?
245891,What are some action thrillers about a retired hitman seeking revenge?
245891,Can you recommend a movie with intense gunfights and a stylish assassin protagonist?
245891,What should I watch if I want a fast-paced revenge movie about an ex-killer coming out of retirement?
297762,What are some action-packed fantasy movies featuring a strong female hero?
297762,Can you recommend an adventure movie set during World War I with mythical elements?
297762,"What superhero films combine Greek mythology, epic battles, and a compelling origin story?"
102899,"Can you recommend a fun superhero movie involving science, adventure, and action?"
102899,What movies feature a thief who gains special powers and must become a hero?
102899,I’m looking for an entertaining Marvel-style film about shrinking technology and an exciting heist.
675,What fantasy adventure movies feature students learning to fight against a rising evil?
675,Can you recommend a Harry Potter movie where Harry secretly teaches classmates defense against the dark arts?
675,What movies are about a school facing danger while a new teacher fails to prepare students for it?
767,Can you recommend a fantasy adventure movie about Harry Potter preparing for a final battle with Voldemort?
767,What movie features Dumbledore mentoring a young wizard while Death Eaters threaten both the Muggle and wizarding worlds?
767,"I’m looking for a dark, magical adventure with Hogwarts, Voldemort’s return, and a major battle—what should I watch?"
496243,Can you recommend a darkly funny thriller about a struggling family infiltrating a wealthy household?
496243,What are some suspenseful dramas about class inequality with unexpected twists?
496243,"I’m looking for a clever Korean movie that blends comedy, family drama, and thriller elements—what should I watch?"
557,What are some action-packed superhero movies about a teenager gaining powers?
557,Can you recommend a science fiction movie featuring a high school student who becomes a superhero?
557,"What movies are similar to Spider-Man, with origin stories, superpowers, and exciting action?"
12,What are some fun animated adventure movies for the whole family?
12,Can you recommend a heartwarming movie about a parent searching for their child?
12,What family-friendly movies take place under the ocean?
140607,Can you recommend an action-packed science fiction adventure set in space with a battle against a powerful evil force?
140607,"What movies feature heroes facing a new threat from a villainous army, with exciting space battles and epic adventure?"
140607,"I’m looking for a thrilling sci-fi sequel with familiar heroes, new characters, and lots of action—what should I watch?"
263115,"What are some gritty, emotional superhero movies with strong action and science fiction elements?"
263115,Can you recommend a movie about an aging hero protecting a young mutant while caring for a mentor?
263115,"What are some dark, character-driven X-Men or mutant movies with a road-trip feel?"
12444,What fantasy adventure movies feature a group of friends on a dangerous quest to defeat an evil villain?
12444,"Can you recommend a dark, epic fantasy movie about hunting down magical objects to stop someone from gaining immortality?"
12444,"What movies should I watch if I enjoy the later Harry Potter films, with darker themes, magic, and a world under threat?"
10681,What are some family-friendly animated sci-fi movies about robots and space exploration?
10681,Can you recommend a heartfelt animated movie about a robot who discovers love and helps save Earth?
10681,"What movies have a post-apocalyptic setting, environmental themes, and very little dialogue?"
37165,What are some thought-provoking comedy-dramas about someone discovering that their reality is not what it seems?
37165,Can you recommend a movie about a person unknowingly being watched or controlled by an unseen audience?
37165,"What films combine satire, emotional drama, and the idea of reality television invading everyday life?"
346364,Can you recommend a horror movie about kids facing a terrifying clown monster?
346364,What thriller should I watch about a group of children confronting evil in a small town?
346364,"Are there any scary coming-of-age movies with friendship, bullies, and supernatural danger?"
862,What are some family-friendly animated adventure movies with humor and heart?
862,Can you recommend a fun movie about toys that come to life and learn about friendship?
862,What animated comedies would be good for watching with kids?
100402,Can you recommend an action-packed superhero movie set in the Marvel universe?
100402,"What science fiction adventure movies feature espionage, conspiracies, and a heroic protagonist?"
100402,"I’m looking for a movie with intense action, political intrigue, and characters like Captain America and Black Widow—what should I watch?"
210577,What are some psychological thrillers about a mysterious disappearance and a suspicious husband?
210577,Can you recommend a dark mystery movie with intense media scrutiny and unexpected twists?
210577,"What movies are similar to Gone Girl, with marital secrets, deception, and a gripping investigation?"
585,Can you recommend a funny animated family movie with lovable monsters and a heartwarming story?
585,What are some fantasy comedies suitable for kids about unlikely friendships and adventure?
585,I’m looking for a Pixar-style movie that both children and adults can enjoy—what do you suggest?
8587,What are some animated family movies about a young hero finding his place and overcoming tragedy?
8587,Can you recommend a dramatic animated movie with memorable animal characters and a powerful story about family and betrayal?
8587,"What family-friendly movies feature a young prince, a villainous relative, and a journey to reclaim his rightful place?"
259316,Can you recommend a fantasy adventure movie about magical creatures escaping in a 1920s setting?
259316,What movie should I watch if I enjoy the Harry Potter universe and stories about wizards and fantastic beasts?
259316,Are there any adventurous fantasy films where a magical suitcase full of creatures causes chaos in the real world?
49051,What are some fantasy adventure movies about a reluctant hero joining a quest with dwarves and a wizard?
49051,Can you recommend an action-packed fantasy film about reclaiming a lost kingdom from a dragon?
49051,"What movies are similar to The Lord of the Rings, with epic quests, magical worlds, and mythical creatures?"
329865,What are some thought-provoking science fiction movies about aliens and language?
329865,"Can you recommend a mysterious, emotionally powerful movie involving first contact with extraterrestrials?"
329865,What movies feature a linguist working with the military to communicate with alien visitors?
281957,What are some gritty Western adventure movies about survival and revenge?
281957,Can you recommend a dramatic frontier movie featuring a man left for dead who seeks vengeance?
281957,"What films are similar to a brutal, atmospheric wilderness story set in the 1820s?"
497,Can you recommend a supernatural drama set in a prison with a deeply emotional story?
497,What movies feature a mysterious character with healing powers and a compassionate prison guard?
497,"I’m looking for a crime drama about death row that explores compassion, injustice, and the possibility of miracles."
383498,What are some action-comedy movies with a wisecracking mercenary protagonist?
383498,Can you recommend an adventure movie where a hero protects a young boy from a powerful villain?
383498,"What movies are similar to Deadpool, with lots of irreverent humor, superhero action, and over-the-top fights?"
209112,What are some action-adventure superhero movies featuring Batman and Superman?
209112,"Can you recommend a dark, epic superhero movie about two iconic heroes battling each other?"
209112,What movies involve a powerful hero being challenged by a vigilante while a greater threat emerges?
24,What are some stylish action movies about a woman seeking revenge?
24,Can you recommend a fast-paced martial arts crime thriller with a strong female protagonist?
24,"What movies are similar to Kill Bill, with brutal fights and a revenge-driven story?"
694,Can you recommend a psychological horror movie set in an isolated hotel?
694,What are some terrifying thriller movies about a family trapped in a remote location?
694,I’m looking for a classic horror film involving supernatural forces and a descent into madness.
419430,What are some psychological horror movies about a man uncovering disturbing secrets while visiting his girlfriend's family?
419430,"Can you recommend a suspenseful thriller with social commentary, unexpected twists, and a creepy atmosphere?"
419430,"What horror movies feature an interracial couple, a seemingly welcoming family, and a sinister mystery?"
9806,What are some family-friendly animated superhero movies with action and adventure?
9806,Can you recommend a movie about a former superhero who returns to action while raising a family?
9806,What animated movies feature a superhero family working together to save the day?
808,What are some funny animated fantasy adventure movies for the whole family?
808,Can you recommend a movie about an ogre who rescues a princess with help from a talking animal?
808,"What family-friendly animated movies have comedy, adventure, and fairy-tale elements?"
1930,Can you recommend an action-adventure sci-fi movie about a teenager who gains extraordinary abilities and investigates his parents’ disappearance?
1930,What superhero movies feature a high school outcast discovering family secrets while uncovering a mysterious corporate conspiracy?
1930,"I’m looking for a Spider-Man movie with a coming-of-age story, action, and a scientific mystery—what should I watch?"
2062,Can you recommend an animated family movie about a rat who dreams of becoming a chef?
2062,"What are some funny, heartwarming fantasy movies set in Paris?"
2062,I’m looking for a family-friendly movie about an unlikely character pursuing their dream in the culinary world.
77338,Can you recommend a heartwarming comedy-drama based on a true story about an unlikely friendship?
77338,"What movies are similar to The Intouchables, featuring a quadriplegic man and a young caregiver from a disadvantaged background?"
77338,I’m looking for an uplifting film about two people from very different social classes who form an unexpected bond.
1891,"What are some epic science fiction adventure movies with Jedi, space battles, and an evil empire?"
1891,Can you recommend an action-packed Star Wars movie where Luke Skywalker trains with a wise Jedi master?
1891,"What movies feature a rebel alliance, Darth Vader, Han Solo, and a darker story about betrayal and capture?"
129,What are some family-friendly animated fantasy movies about a young girl discovering courage in a magical spirit world?
129,"Can you recommend an imaginative anime movie with mystical creatures, adventure, and a heartfelt family story?"
129,What should I watch if I enjoyed fantasy films where a child must rescue their transformed parents in a strange new world?
101299,What action-adventure movies feature a dystopian society and a rebellion against an oppressive government?
101299,Can you recommend a science-fiction thriller where the protagonists are forced into a deadly competition?
101299,"What movies are similar to The Hunger Games, with survival challenges, political unrest, and strong young heroes?"
76338,What action-adventure fantasy movies feature a hero battling an ancient race threatening to plunge the universe into darkness?
76338,"Can you recommend a Marvel movie with epic cosmic battles, Norse mythology, and a personal storyline involving a hero and his love interest?"
76338,What movies would you suggest if I want a fantasy superhero adventure where the protagonist must sacrifice everything to save the universe?
381288,What are some psychological horror thrillers about a man with multiple personalities who kidnaps three teenage girls?
381288,"Can you recommend a tense thriller involving abduction, survival, and a dangerous antagonist with several distinct identities?"
381288,What horror movies explore dissociative identity disorder and a group of teenagers fighting to escape?
269149,Can you recommend an animated adventure comedy about a determined police officer solving a mystery?
269149,What family-friendly movies feature an unlikely partnership between a bunny and a clever fox?
269149,"I’m looking for a funny, heartwarming animated movie about overcoming stereotypes and proving yourself—what should I watch?"
198663,What are some sci-fi thrillers about teenagers trapped in a mysterious maze or enclosed world?
198663,Can you recommend an action-packed mystery movie where the main character has no memory and must find a way to escape?
198663,"What movies are similar to The Maze Runner, with suspense, survival challenges, and a group uncovering the truth behind their confinement?"
18785,What are some funny comedy movies about a wild bachelor party gone wrong?
18785,Can you recommend a hilarious movie where friends wake up after a crazy night and have to find someone who's missing?
18785,"What comedy should I watch if I want an outrageous, chaotic adventure with a group of friends?"
313369,Can you recommend a romantic drama about two aspiring artists trying to balance love and their dreams?
313369,What movies feature a struggling actress and a jazz musician falling in love in Los Angeles?
313369,"I’m looking for a bittersweet, stylish romance with music, ambition, and emotional choices—what should I watch?"
205596,Can you recommend a gripping historical war drama based on a true story?
205596,What movies are about brilliant code-breakers during World War II?
205596,"I’m looking for a tense, intelligent thriller about Alan Turing or cryptography—what should I watch?"
274,What are some psychological crime thrillers about an FBI agent hunting a serial killer?
274,"Can you recommend dark, suspenseful movies featuring a brilliant but dangerous criminal mastermind?"
274,"What films combine intense investigations, psychological drama, and disturbing villains?"
329,What are some exciting adventure movies about dinosaurs coming back to life?
329,Can you recommend a science fiction movie where a theme park goes disastrously wrong?
329,What movies feature a group of people trying to survive after dangerous creatures escape?
207703,What are some action-comedy movies about secret spy organizations and unconventional recruits?
207703,"Can you recommend a stylish, funny spy movie with intense action and a global threat?"
207703,"What movies are similar to Kingsman: The Secret Service, with crime, adventure, and a young hero undergoing elite training?"
424694,What are some good music biopics about legendary rock bands and their lead singers?
424694,Can you recommend a dramatic movie about the rise and struggles of a famous rock band?
424694,"What movies should I watch if I’m interested in Freddie Mercury, Queen, and classic rock music?"
1124,What are some psychological mystery dramas about rival magicians and dangerous obsession?
1124,"Can you recommend a suspenseful sci-fi movie involving magic, deception, and a lifelong rivalry?"
1124,"What movies have a dark, twisty plot about two illusionists competing for supremacy?"
374720,Can you recommend a gripping World War II movie about soldiers trapped and trying to escape?
374720,What are some intense war dramas based on real historical events?
374720,I’d like to watch an action-packed military movie about a daring evacuation—what do you suggest?
109445,"Can you recommend an animated fantasy movie about sisters, magic, and an eternal winter?"
109445,"What family-friendly adventure movies feature a brave princess, a funny snowman, and a journey to save a kingdom?"
109445,"I’m looking for a movie about discovering true love, courage, and the importance of family—what do you suggest?"
424,What are some powerful historical dramas about World War II and the Holocaust?
424,Can you recommend a moving film based on a true story about someone saving Jewish lives during the Holocaust?
424,What are the best serious war movies about courage and resistance against the Nazis?
857,What are some intense World War II dramas set during the Normandy invasion?
857,Can you recommend a realistic war movie about soldiers rescuing someone behind enemy lines?
857,What historical military films have emotional stories and gripping battlefield action?
324857,What are some animated superhero movies with a coming-of-age story and a unique visual style?
324857,Can you recommend an action-adventure movie about a teenager who discovers he has superpowers?
324857,What movies explore alternate universes and feature multiple versions of a superhero?
335983,What are some action-packed science fiction movies featuring an antihero with powerful alien abilities?
335983,Can you recommend a superhero movie about an ordinary person who becomes host to a dangerous alien symbiote?
335983,"What movies combine investigative journalism, alien creatures, and high-stakes action?"
58,"Can you recommend an adventurous fantasy movie with pirates, supernatural elements, and lots of action?"
58,"What movies are similar to Pirates of the Caribbean: The Curse of the Black Pearl, featuring Captain Jack Sparrow and a thrilling sea adventure?"
58,"I’m looking for an action-packed fantasy film involving legendary sea creatures, cursed characters, and a dangerous quest—what should I watch?"
640,Can you recommend a crime drama based on a true story about a clever con artist who impersonates professionals?
640,"What movies are similar to Catch Me If You Can, featuring an FBI agent chasing a charismatic criminal?"
640,"I’m looking for an entertaining true-crime movie about elaborate scams, deception, and evading the law."
240832,What are some action-packed science fiction movies about a woman who gains extraordinary abilities and fights back against her captors?
240832,"Can you recommend a sci-fi action movie where an ordinary woman transforms into a powerful, highly intelligent warrior?"
240832,"I’m looking for a thrilling movie about human evolution, enhanced abilities, and a woman taking revenge on dangerous criminals."
429617,Can you recommend an action-adventure science fiction movie about Spider-Man traveling through Europe and battling mysterious creatures?
429617,What superhero movie follows Peter Parker on a summer trip where he helps Nick Fury stop disasters across Europe?
429617,"I'm looking for an exciting Marvel movie with teenage heroes, international travel, and large-scale battles—what should I watch?"
333339,What adventure sci-fi movies feature virtual reality and a high-stakes competition?
333339,Can you recommend an action movie about gamers competing for a fortune in a virtual world?
333339,"What movies are similar to Ready Player One, with gaming, adventure, and futuristic technology?"
1892,What are some action-packed science fiction movies with epic space battles and a heroic mission?
1892,"Can you recommend an adventurous movie featuring Luke Skywalker, Darth Vader, and a climactic final showdown?"
1892,What movies involve rescuing a friend from a villain while leading a rebellion against an evil empire?
6479,What are some thrilling sci-fi movies about a lone survivor facing a deadly virus?
6479,"Can you recommend a post-apocalyptic movie with drama, suspense, and a scientist trying to save humanity?"
6479,What movies feature a man surviving alone in an abandoned city after a global outbreak?
339403,What are some action crime movies about a young getaway driver caught up in a dangerous heist?
339403,"Can you recommend a stylish, fast-paced crime movie with car chases and a great soundtrack?"
339403,What movies feature a reluctant criminal forced to work for a crime boss in a heist that goes wrong?
75656,What are some thrilling crime movies about illusionists pulling off elaborate heists?
75656,"Can you recommend a fast-paced movie involving magic tricks, bank robberies, and clever twists?"
75656,What movies feature a team of con artists or performers outsmarting the FBI?
299537,What are some action-packed superhero movies set during an alien war?
299537,Can you recommend a sci-fi adventure movie about a powerful female hero discovering her origins?
299537,What Marvel movies take place in the 1990s and feature intergalactic conflict?
131631,What are some sci-fi adventure movies about a rebellion against an oppressive government?
131631,Can you recommend a tense dystopian thriller featuring a reluctant hero who becomes a symbol of resistance?
131631,"What movies explore propaganda, political alliances, and the lead-up to a full-scale revolution?"
244786,What are some intense music dramas about an ambitious young musician facing a ruthless mentor?
244786,Can you recommend a thrilling movie about pursuing perfection in the performing arts at any cost?
244786,What films explore the psychological pressure and sacrifices involved in becoming a world-class drummer?
72190,What are some action-packed zombie movies about a global outbreak and a race to save humanity?
72190,Can you recommend a tense horror sci-fi film featuring a former investigator traveling the world to stop a mysterious infection?
72190,What movies are similar to a fast-paced zombie apocalypse story with intense survival and international stakes?
177572,What are some fun animated adventure movies for the whole family featuring robots and superheroes?
177572,Can you recommend a movie about a young tech genius who teams up with friends to become a hero?
177572,What is a lighthearted action-comedy movie with an adorable robot and a strong friendship at its center?
348,What are some great sci-fi horror movies set in space with terrifying alien creatures?
348,Can you recommend a suspenseful horror movie about a spaceship crew being hunted by an alien?
348,What movies are similar to a claustrophobic space thriller involving a mysterious distress signal and extraterrestrial life?
330459,What are some action-packed sci-fi adventure movies about rebels fighting against an oppressive empire?
330459,Can you recommend a Star Wars movie centered on a daring mission to steal secret plans?
330459,What movies feature a group of resistance fighters uniting for a high-stakes mission to save the galaxy?
558,What are some action-packed superhero movies with emotional character struggles like Spider-Man 2?
558,"Can you recommend a sci-fi adventure movie about a hero dealing with burnout, complicated relationships, and a dangerous villain?"
558,"What movies are similar to Spider-Man 2, with superhero action, personal drama, and a memorable villain?"
38,What are some romantic sci-fi movies about erasing memories after a breakup?
38,"Can you recommend a thought-provoking drama about love, heartbreak, and second chances?"
38,What movies explore whether people can overcome painful memories to save a relationship?
181808,What science fiction adventure movies feature a young hero training with a legendary mentor?
181808,Can you recommend an action-packed space movie about a rebellion fighting against a powerful enemy?
181808,What movies continue the story of a young woman discovering and developing her extraordinary abilities?
49047,What are some intense science fiction thrillers about astronauts trying to survive in space?
49047,Can you recommend a gripping movie about surviving a disaster during a space mission?
49047,What dramatic space movies feature a small crew stranded in orbit and fighting to stay alive?
77,What are some psychological thrillers about a man hunting for his wife's killer despite suffering from short-term memory loss?
77,Can you recommend a mystery movie with a nonlinear storyline and an unreliable protagonist who can't form new memories?
77,What films are similar to a dark revenge thriller where the main character uses notes and tattoos to solve a murder?
127585,What are some action-packed sci-fi movies involving time travel and superheroes?
127585,Can you recommend an epic X-Men movie with a large ensemble cast and a story spanning two time periods?
127585,What movies feature mutants fighting to change the past and save the future?
1422,What are some intense crime thrillers about undercover cops and corrupt police departments?
1422,Can you recommend a gritty movie about an undercover agent infiltrating the Irish Mafia while a mole works inside the police?
1422,"What films feature a cat-and-mouse game between law enforcement and organized crime, with spies on both sides?"
49521,What are some action-packed superhero movies about a young man discovering his extraordinary powers and saving the world?
49521,Can you recommend a science fiction adventure movie featuring an alien hero who becomes a symbol of hope for humanity?
49521,"What movies are similar to Superman stories, with epic battles, an otherworldly origin, and a heroic journey?"
101,What are some intense crime dramas about a professional hitman who takes care of a young girl after her family is killed?
101,"Can you recommend an action movie featuring a reluctant mentor, a revenge-driven child, and a corrupt law enforcement officer?"
101,"What movies are similar to a dark, emotional thriller about an assassin and a young girl seeking revenge together?"
120467,Can you recommend a stylish comedy-drama set in a glamorous European hotel with quirky characters and a heist storyline?
120467,"What movies have a whimsical, visually distinctive style and follow an unlikely friendship against the backdrop of political upheaval?"
120467,"I’m looking for a witty period film about a legendary hotel concierge, a young protégé, and a stolen priceless painting."
118,What are some fun fantasy adventure movies about a child visiting a magical place?
118,Can you recommend a family-friendly movie featuring a whimsical candy maker and a fantastical adventure?
118,What movies are similar to a story about a young boy who wins a tour of an extraordinary chocolate factory?
37724,What are some action-packed spy thrillers with international missions and high-stakes attacks?
37724,Can you recommend a James Bond movie involving an attack on MI6 and a threat to agents worldwide?
37724,What adventure thrillers feature a seasoned secret agent protecting their agency from a powerful mastermind?
20352,Can you recommend a funny animated movie about a supervillain who adopts three orphaned girls?
20352,What family-friendly sci-fi comedies feature a villain planning to steal the Moon?
20352,"I’m looking for an animated crime comedy with minions, an evil mastermind, and a heartwarming family story—what should I watch?"
321612,What are some family-friendly fantasy romance movies with a magical love story?
321612,Can you recommend a live-action fairy-tale movie similar to Beauty and the Beast?
321612,What movies feature a cursed prince and a young woman who helps break the spell?
1893,Can you recommend an adventurous sci-fi action movie about a young boy with strong powers who is discovered on a desert planet?
1893,"What action-packed science fiction movies feature Jedi, the Force, and the return of an evil ancient enemy?"
1893,I’m looking for a space adventure about a young slave who becomes connected to a larger battle between good and evil—what should I watch?
10193,What are some funny and heartwarming animated family movies about toys and friendship?
10193,Can you recommend a family-friendly movie about childhood friends facing change when someone grows up?
10193,"What Pixar movies are great for kids and adults, with humor, adventure, and an emotional story?"
752,What are some action thrillers about a masked vigilante fighting a fascist government?
752,Can you recommend a dystopian science-fiction movie about rebellion against an oppressive regime?
752,"What movies feature political intrigue, guerrilla warfare, and a hero trying to liberate society?"
44214,What are some psychological thrillers about a dancer pushed to the brink of madness?
44214,"Can you recommend a dark, intense movie about the pressures of perfection in the performing arts?"
44214,"What horror dramas explore obsession, rivalry, and losing touch with reality?"
285,"What fantasy adventure movies feature pirates, sea battles, and an epic quest to rescue a legendary captain?"
285,Can you recommend an action-packed pirate movie with characters uniting for one final stand against a powerful enemy?
285,"What movies are similar to a swashbuckling fantasy adventure involving Captain Jack Sparrow, Davy Jones, and the fate of piracy?"
500,Can you recommend a gritty crime thriller about a botched robbery and the survivors hiding out in a warehouse?
500,"What are some intense, dialogue-driven gangster movies involving betrayal, violence, and a suspected police informant?"
500,I’m looking for a stylish crime film with a group of criminals whose loyalties unravel after a heist goes wrong.
122917,"What fantasy adventure movies feature an epic battle between dwarves, elves, men, and orcs?"
122917,Can you recommend an action-packed Middle-earth movie with Bilbo Baggins and the dwarves?
122917,What movies are similar to The Lord of the Rings and involve defending a kingdom from a massive invading army?
447332,What are some suspenseful horror movies about a family trying to survive in silence?
447332,Can you recommend a sci-fi horror movie where creatures hunt people by sound?
447332,What are some emotionally intense survival thrillers with minimal dialogue?
152601,Can you recommend a thoughtful science fiction romance about someone falling in love with an AI?
152601,"What movies explore loneliness, technology, and unconventional relationships in a heartfelt way?"
152601,I’m looking for a unique romantic drama set in the near future—what should I watch?
273248,"What are some mystery Westerns set in a tense, isolated location during a snowstorm?"
273248,Can you recommend a drama about bounty hunters caught in a web of betrayal and deception?
273248,"What movies have a dark, suspenseful atmosphere with a group of strangers hiding secrets from one another?"
559,"What action-adventure superhero movies feature Spider-Man battling multiple villains, including Sandman?"
559,Can you recommend a sci-fi superhero movie where the hero's powers are affected by an alien organism?
559,What superhero films involve a love triangle alongside battles with shape-shifting or superpowered villains?
335984,Can you recommend a thoughtful science fiction movie with a noir atmosphere and a gripping mystery?
335984,"What movies explore the relationship between humans and artificial beings in a dark, visually stunning future?"
335984,I enjoyed the original Blade Runner—what sequel or sci-fi drama should I watch next?
920,Can you recommend an animated family movie about a race car learning that life is more important than winning?
920,"What are some fun adventure comedies for kids featuring cars, racing, and memorable small-town characters?"
920,I’m looking for a feel-good Pixar movie about a hotshot character who learns an important life lesson—what should I watch?
137113,What are some action-packed science fiction movies involving aliens and time loops?
137113,Can you recommend a movie where a soldier relives the same day and keeps fighting an alien invasion?
137113,What movies are similar to a sci-fi action film about a military officer repeatedly dying and restarting the battle?
393,What are some action-packed revenge movies with a strong female lead?
393,Can you recommend a stylish crime thriller about an assassin seeking revenge on her former allies?
393,"What movies have intense martial arts, a nonlinear story, and a relentless revenge plot?"
438631,What are some epic science fiction adventure movies about a young hero discovering his destiny?
438631,"Can you recommend a visually stunning sci-fi movie involving rival families, political conflict, and a valuable resource?"
438631,What movies are similar to a grand space adventure set on a dangerous desert planet?
78,"Can you recommend a dark, thought-provoking science fiction movie set in a dystopian future?"
78,What are some atmospheric cyberpunk thrillers about artificial humans and identity?
78,"I’m looking for a movie with a noir mystery, philosophical themes, and a bleak futuristic setting."
863,Can you recommend an animated family comedy about toys going on a daring rescue mission?
863,What movie features Woody being kidnapped by a toy collector and Buzz Lightyear trying to save him?
863,"I'm looking for a fun, heartfelt sequel about Andy's toys going on an adventure while he's away—what should I watch?"
1895,What are some action-packed science fiction movies about the fall of a republic and the rise of an empire?
1895,Can you recommend an adventurous space opera where a heroic character is forced to choose between good and evil?
1895,"What movie should I watch if I want epic battles, political intrigue, and a tragic story set in a galaxy far away?"
1865,What are some fun adventure movies about pirates and legendary treasure?
1865,Can you recommend an action-fantasy movie featuring Jack Sparrow and a quest for the Fountain of Youth?
1865,"What movies combine swashbuckling adventure, supernatural elements, and a charming con artist?"
297802,What are some action-adventure fantasy movies about an unlikely hero discovering his royal destiny?
297802,"Can you recommend a movie about a half-human, half-underwater being who must claim his place as king?"
297802,"What superhero movies feature epic underwater worlds, family conflict, and a quest for the throne?"
324786,What are some powerful WWII dramas about courage and sacrifice?
324786,Can you recommend a war movie based on a true story about a soldier who refuses to kill?
324786,What historical films feature a heroic medic in combat?
466272,What are some entertaining movies set in 1960s Hollywood about a struggling actor and his stuntman friend?
466272,Can you recommend a stylish comedy-drama about the changing film industry and the lives of actors in Los Angeles?
466272,"What movies blend Hollywood nostalgia, dark humor, and thriller elements with a story involving Sharon Tate and the Manson era?"
607,What are some funny sci-fi action movies about secret agents protecting Earth from aliens?
607,Can you recommend an adventurous comedy where a police officer joins a secret organization that monitors extraterrestrial activity?
607,"What movies feature alien conspiracies, intergalactic villains, and a mismatched agent duo?"
12155,What are some family-friendly fantasy adventure movies about a young woman entering a magical world?
12155,Can you recommend a whimsical movie where someone returns to a fantastical world from their childhood?
12155,What movies feature a heroine discovering her destiny in a magical adventure?
10528,What are some action-adventure mystery movies featuring a brilliant detective and his loyal partner?
10528,Can you recommend a movie about Sherlock Holmes battling a dangerous villain and uncovering a conspiracy?
10528,"What movies have a stylish, eccentric detective solving a deadly mystery in historical England?"
1271,What are some action-packed war movies about epic battles and heroic last stands?
1271,Can you recommend a visually stunning adventure movie set in ancient times?
1271,"What movies are similar to 300, with warriors defending their homeland against an invading army?"
218,What are some action-packed sci-fi thrillers about a cyborg assassin traveling back in time to kill someone?
218,Can you recommend movies set in a dystopian future where humans fight against powerful machines?
218,What movies feature a lone warrior protecting a woman from an unstoppable killer?
353486,What are some fun adventure comedies about teenagers getting trapped inside a video game?
353486,Can you recommend an action-packed fantasy movie with a jungle setting and lots of humor?
353486,What movies are similar to a video game adventure where characters must complete a quest to escape?
769,What are some gripping crime dramas based on true stories about rising through the Mafia ranks?
769,Can you recommend a movie about a young Brooklyn gangster who gets drawn into organized crime?
769,"What films are similar to a gritty, character-driven Mafia story like GoodFellas?"
10191,Can you recommend an animated fantasy adventure about a boy who befriends a dragon?
10191,What family-friendly movies feature a Viking hero and a special bond with a dragon?
10191,I’m looking for an uplifting adventure movie about overcoming prejudice and making an unlikely friend—what should I watch?
280,What are some action-packed sci-fi thrillers involving time travel and a battle against robots?
280,Can you recommend a movie where a protective cyborg helps save a young person from a deadly shape-shifting assassin?
280,What should I watch if I enjoyed intense futuristic movies about preventing a nuclear apocalypse?
8966,What are some romantic fantasy movies about a human falling in love with a mysterious vampire?
8966,Can you recommend a dramatic supernatural romance set in a small town?
8966,What movies feature a dangerous love story between a teenage girl and a vampire?
1894,"Can you recommend a sci-fi adventure movie featuring Jedi, political intrigue, and a major galactic conflict?"
1894,"What action movies involve a mysterious assassination plot, space battles, and the beginning of a war?"
1894,I’m looking for a Star Wars movie that follows Anakin Skywalker and Obi-Wan Kenobi on an investigation—what should I watch?
425,What are some funny animated adventure movies the whole family can enjoy?
425,Can you recommend a family-friendly movie about unlikely animal friends going on a thrilling journey?
425,What animated comedies feature a group of characters trying to protect or reunite a lost child?
324552,What are some action thrillers about a retired assassin forced back into the criminal underworld?
324552,"Can you recommend a stylish, fast-paced movie with intense gunfights and hand-to-hand combat?"
324552,What movies feature an assassin navigating a secret international guild and taking on dangerous killers?
264660,What are some thought-provoking sci-fi movies about artificial intelligence and human consciousness?
264660,Can you recommend a tense psychological drama set in an isolated location involving a mysterious technology experiment?
264660,What movies explore the relationship between a programmer and an advanced humanoid AI?
102382,What are some action-packed superhero movies featuring Spider-Man and a powerful new villain?
102382,"Can you recommend a superhero movie that combines high school graduation, romance, and battles with Electro?"
102382,What adventure movies should I watch if I enjoyed the first The Amazing Spider-Man and want to see more of Peter Parker and Gwen Stacy?
76600,What action-adventure sci-fi movies feature a family fighting to survive on an alien world?
76600,Can you recommend an epic visually stunning sequel about a family facing danger and battles together?
76600,"What movies are similar to Avatar and involve underwater adventures, alien worlds, and protecting loved ones?"
57158,"What fantasy adventure movies feature dwarves, dragons, and a quest to reclaim lost treasure?"
57158,Can you recommend an action-packed movie about a group traveling through dangerous lands to confront a powerful dragon?
57158,"What movies are similar to a magical adventure involving Bilbo, Gandalf, the One Ring, and Smaug?"
274870,What are some sci-fi romance movies about people waking up early during a journey through space?
274870,Can you recommend a dramatic space movie where two passengers are accidentally awakened from suspended animation?
274870,What movies combine romance and science fiction aboard a spaceship traveling to a distant colony?
363088,What are some action-adventure sci-fi movies featuring superheroes and a dangerous rescue mission?
363088,Can you recommend a fun Marvel movie involving the quantum realm and a hero trying to help his family?
363088,"What superhero movies combine comedy, high-stakes adventure, and science fiction?"
62177,What are some family-friendly animated adventure movies with a strong female protagonist?
62177,Can you recommend a fantasy movie set in a magical world with themes of courage and independence?
62177,What movies are similar to a Disney or Pixar film about a rebellious princess and her relationship with her mother?
546554,What are some funny murder mystery movies with a clever detective and a dysfunctional family?
546554,Can you recommend a suspenseful whodunit with lots of twists and red herrings?
546554,"What movies combine crime, comedy, and an investigation into a wealthy family's secrets?"
637,Can you recommend a touching comedy-drama about a father protecting his son during World War II?
637,What are some emotional Italian films that balance humor with the horrors of the Holocaust?
637,I’m looking for a heartfelt movie about a father who turns a difficult situation into an imaginative game for his child—what do you recommend?
240,What are some critically acclaimed crime dramas about powerful mafia families and family loyalty?
240,Can you recommend a gripping film that follows a crime family across multiple generations and time periods?
240,"What movies are similar to The Godfather, with complex characters, organized crime, and an epic story?"
165,Can you recommend a funny adventure movie involving time travel and a trip to the future?
165,What sci-fi comedies feature teenagers changing the past and trying to fix the future?
165,I enjoyed the first Back to the Future—what sequel should I watch next?
489,What are some emotional dramas about a troubled genius finding direction in life?
489,Can you recommend a character-driven movie about overcoming a difficult past with the help of a mentor?
489,"What movies explore friendship, personal growth, and the struggles of a working-class prodigy?"
350,What are some funny dramas about a young woman navigating a demanding boss and a high-pressure career?
350,Can you recommend movies about ambitious women who move to New York and enter the fashion or publishing world?
350,"What movies are similar to The Devil Wears Prada, with workplace comedy, glamorous settings, and a difficult boss?"
185,Can you recommend a dark dystopian crime film about a violent young delinquent and the morality of state control?
185,What movies explore free will and rehabilitation through disturbing psychological experiments?
185,"I’m looking for an intense, controversial science-fiction film with brutal crime, classical music, and a bleak near-future setting."
246655,What are some action-packed science fiction movies featuring mutants and superheroes?
246655,Can you recommend a fantasy superhero movie about a powerful villain threatening to destroy the world?
246655,What movies follow a team of heroes uniting to stop an extinction-level threat?
162,What are some romantic fantasy dramas about an outsider trying to fit into suburban society?
162,"Can you recommend a quirky, emotional fantasy romance with a misunderstood main character?"
162,What movies explore the challenges of an unfinished or unconventional person finding acceptance in a small town?
87827,What are some visually stunning adventure movies about survival at sea?
87827,Can you recommend a thought-provoking drama about a young person stranded in the wilderness with an animal companion?
87827,"What movies combine spiritual themes, emotional storytelling, and an epic survival journey?"
277834,What are some family-friendly animated adventure movies about a young hero saving their island?
277834,"Can you recommend a funny animated movie with Polynesian mythology, ocean adventures, and a strong female lead?"
277834,What movies are similar to a musical adventure where a courageous girl teams up with a demigod to break a curse?
4922,What are some romantic fantasy dramas with an unusual aging premise?
4922,Can you recommend a movie about a lifelong love story between two people who grow older in opposite ways?
4922,"What films are similar to The Curious Case of Benjamin Button, with emotional storytelling, magical realism, and a historical setting?"
102651,What fantasy adventure movies feature a powerful female protagonist seeking revenge after being betrayed?
102651,"Can you recommend a family-friendly fantasy movie with magic, romance, and an epic battle between kingdoms?"
102651,"What movies are similar to Maleficent, with a dark fairy-tale story and a misunderstood heroine?"
260513,What are some fun animated superhero movies for the whole family?
260513,Can you recommend an action-adventure movie about superheroes balancing family life?
260513,What sequel should I watch if I enjoyed The Incredibles and want more family-friendly superhero action?
85,What are some action-adventure movies about archaeologists on dangerous treasure hunts?
85,"Can you recommend a thrilling movie with ancient artifacts, Nazis, and an adventurous hero?"
85,What movies are similar to an exciting archaeological quest with plenty of action and suspense?
141052,What are some action-packed superhero movies about a team of heroes banding together to stop an alien threat?
141052,"Can you recommend a sci-fi adventure featuring Batman, Wonder Woman, and other DC superheroes fighting dangerous creatures?"
141052,What movies involve a group of metahumans searching for powerful artifacts to save Earth from destruction?
64690,What are some stylish crime thrillers about a getaway driver who protects a woman and her child?
64690,"Can you recommend a tense, atmospheric movie with a quiet stuntman who gets involved in a dangerous heist?"
64690,"What films combine romance, crime, and intense action with a morally conflicted protagonist?"
190859,What are some intense war movies about elite snipers and military combat?
190859,Can you recommend an action movie about a soldier struggling to balance combat service with family life?
190859,What movies depict the experiences of a Navy SEAL serving multiple tours in Iraq?
530915,What are some intense World War I dramas with immersive cinematography?
530915,Can you recommend a movie about soldiers racing through enemy territory to deliver an urgent message?
530915,What historical war films focus on the bravery and bond between two young soldiers?
194662,What are some darkly funny dramas about a washed-up actor trying to revive his career on Broadway?
194662,"Can you recommend a movie about a former superhero star struggling with fame, family, and artistic ambition?"
194662,"What films blend backstage theater drama, comedy, and a character's attempt to make a comeback?"
49538,Can you recommend an action-packed sci-fi movie about superheroes discovering their powers?
49538,What adventure movies explore the origins of famous heroes and their friendships?
49538,I’m looking for a science fiction movie about mutants working together to stop a global threat—what should I watch?
809,Can you recommend a funny animated fantasy movie about romance and meeting the in-laws?
809,"What family-friendly animated movies feature ogres, fairy-tale characters, and lots of comedy?"
809,"I'm looking for a lighthearted sequel with adventure, romance, and memorable comedic sidekicks—what should I watch?"
157350,What are some action-packed sci-fi movies about a young woman discovering she has unique abilities in a divided society?
157350,"Can you recommend adventure movies featuring dystopian worlds, secret identities, and resistance against an oppressive system?"
157350,"What movies are similar to The Hunger Games, with factions, rebellion, and a mysterious romantic ally?"
103,"What are some gritty crime dramas about a lonely, troubled person living in a big city?"
103,Can you recommend a psychologically intense movie about a taxi driver who becomes increasingly detached from reality?
103,"What films explore urban isolation, insomnia, and a troubled protagonist’s obsession with cleaning up a corrupt city?"
68726,What are some action-packed science fiction movies featuring giant robots fighting alien monsters?
68726,Can you recommend an adventurous movie about humanity battling an invasion from the ocean?
68726,"What movies have epic battles, massive machines, and a desperate fight to save Earth?"
141,What are some psychological mystery dramas with surreal or supernatural elements?
141,"Can you recommend a dark coming-of-age movie involving visions, fate, and strange crimes?"
141,What movies are similar to a mind-bending fantasy drama about a troubled teenager and a mysterious rabbit?
6977,Can you recommend a gritty crime thriller set in the American West with a relentless killer?
6977,"What movies are similar to No Country for Old Men, with intense cat-and-mouse tension and moral ambiguity?"
6977,"I’m looking for a dark Western about a dangerous pursuit involving criminals, money, and violence—what should I watch?"
131634,What action-adventure sci-fi movies feature a rebellion against an oppressive government?
131634,Can you recommend a thrilling dystopian movie about a dangerous mission to overthrow a dictator?
131634,"What movies have strong heroes fighting through war, betrayal, and deadly traps to bring freedom to their people?"
296096,Can you recommend a heartfelt romantic drama about a caregiver who helps a wealthy man rediscover the joy in life?
296096,What are some emotional love stories set in the English countryside?
296096,Can you suggest a moving romance about two people from very different backgrounds facing a life-changing situation?
70981,What are some sci-fi horror movies about explorers uncovering the origins of humanity?
70981,Can you recommend a mysterious space adventure with terrifying creatures and high stakes for the human race?
70981,"What movies are similar to Alien, featuring a team investigating a strange discovery on a distant planet?"
19908,Can you recommend a funny zombie movie with lots of action?
19908,What horror comedies are about survivors traveling through a zombie apocalypse?
19908,What movies are similar to Zombieland?
37799,What are some compelling drama movies about the rise of a tech company and the people behind it?
37799,"Can you recommend a movie about ambition, friendship, and legal battles in Silicon Valley?"
37799,What should I watch if I’m interested in the origin story of Facebook and Mark Zuckerberg?
72105,Can you recommend a funny fantasy movie about a man whose childhood teddy bear comes to life?
72105,"What movies are similar to Ted, where a grown man has to choose between his best friend and his girlfriend?"
72105,I’m looking for a comedy about an adult dealing with a talking or living teddy bear—what should I watch?
146233,What are some intense crime thrillers about a father searching for his kidnapped daughter?
146233,"Can you recommend dark, suspenseful movies that explore vigilante justice and moral dilemmas?"
146233,What movies are similar to a gripping detective thriller where an abduction investigation becomes increasingly obsessive?
111,What are some gritty crime dramas about a ruthless drug lord rising to power?
111,"Can you recommend action movies about the drug trade, organized crime, and an ambitious gangster?"
111,What films feature a violent antihero who builds a criminal empire in Miami?
82690,What are some fun animated adventure movies for the whole family?
82690,Can you recommend a funny video game-themed movie with an unlikely hero?
82690,What movies are similar to an animated comedy about a villain who wants to become a hero?
14,What are some dramas about a depressed suburban father going through a midlife crisis?
14,Can you recommend a movie about a man who tries to transform his life after becoming infatuated with his daughter's friend?
14,"What films explore suburban discontent, family tension, and personal reinvention?"
228150,What are some intense World War II movies about tank crews and battles in Europe?
228150,Can you recommend a gritty war drama with a hardened sergeant leading a small crew behind enemy lines?
228150,What action movies depict the final days of World War II with a rookie soldier facing overwhelming odds?
64682,Can you recommend a romantic drama set among wealthy socialites in the 1920s?
64682,"What movies explore obsession, unrequited love, and the dark side of extravagant lifestyles?"
64682,I’m looking for a literary adaptation about a mysterious millionaire and a tragic romance—what should I watch?
745,Can you recommend a psychological thriller about a child who claims to see ghosts?
745,What are some suspenseful mystery dramas with a shocking twist and a troubled young protagonist?
745,"I’m looking for a dark, emotional film about a child psychologist helping a boy with a frightening secret."
490132,What are some uplifting historical dramas about an unlikely friendship?
490132,Can you recommend a funny yet moving movie about race relations in 1960s America?
490132,What movies follow musicians on challenging road trips through the American South?
399055,Can you recommend a romantic fantasy movie set during the Cold War?
399055,What are some emotional films about an unlikely love between a human and a mysterious creature?
399055,I’m looking for a visually stunning drama about a woman who helps a captive amphibious being escape.
166426,"What are some fantasy adventure movies with pirates, supernatural villains, and high-seas action?"
166426,Can you recommend an action-packed movie where a legendary artifact is the key to defeating an old enemy?
166426,"What movies are similar to Pirates of the Caribbean, featuring Captain Jack Sparrow, ghostly villains, and thrilling adventures?"
351286,What are some thrilling adventure movies about dinosaurs and an island disaster?
351286,Can you recommend a science fiction movie where people try to rescue dinosaurs from extinction?
351286,"What movies are similar to Jurassic World, with action, suspense, and prehistoric creatures?"
61791,What are some sci-fi action movies about intelligent animals rising up against humans?
61791,Can you recommend a dramatic thriller about animal experimentation and rebellion?
61791,What movies are similar to a story about a highly intelligent chimpanzee leading a revolt?
138843,Can you recommend a horror movie about paranormal investigators helping a family haunted by a dark presence?
138843,What are some terrifying supernatural thrillers set in a farmhouse?
138843,I’m looking for a scary movie based on a case involving a powerful evil entity—what should I watch?
14161,What are some action-packed sci-fi movies about global disasters and the end of the world?
14161,Can you recommend an adventure movie where scientists try to save humanity from a catastrophic natural event?
14161,"What movies are similar to 2012, featuring apocalyptic destruction, government survival plans, and spectacular special effects?"
398818,What are some romantic coming-of-age dramas set in Italy?
398818,Can you recommend a movie about a summer romance between two young men?
398818,What films explore a life-changing first love in a beautiful countryside setting?
1724,What are some action-packed sci-fi superhero movies about scientists who transform into powerful monsters?
1724,Can you recommend a movie where a man struggles to control his rage while being hunted by the military?
1724,What movies feature a hero with incredible powers facing off against a dangerous new enemy?
9502,What animated action-comedies are suitable for the whole family?
9502,Can you recommend a funny movie about an unlikely hero learning martial arts?
9502,What movies feature a lovable underdog who must defeat a powerful enemy with the help of a master?
2048,What are some action sci-fi movies about a detective investigating a robot-related mystery?
2048,Can you recommend movies set in a future where robots are commonplace but threaten humanity?
2048,What movies feature a technophobic police officer uncovering a dangerous conspiracy involving artificial intelligence?
207,What are some inspiring dramas about a teacher who motivates students to challenge tradition?
207,Can you recommend a thoughtful boarding school movie about teenage rebellion and self-discovery?
207,What films explore the importance of seizing the day and finding your own voice?
127380,What are some fun animated adventure movies for the whole family?
127380,Can you recommend a family movie about a character searching for their parents and discovering their past?
127380,"What animated movies feature an ocean adventure with friendship, humor, and lovable characters?"
62,What are some thought-provoking science fiction movies about humanity encountering a mysterious alien artifact?
62,Can you recommend a classic space adventure involving artificial intelligence and a dangerous mission?
62,What movies explore the origins of humanity through a mysterious discovery on the Moon?
372058,What are some emotional animated romance movies about high schoolers who mysteriously switch bodies?
372058,Can you recommend a heartfelt anime movie about two strangers whose lives become connected through a supernatural event?
372058,What romantic dramas feature characters living separate lives but magically experiencing each other's daily reality?
82693,"Can you recommend a movie that blends comedy, romance, and drama while following someone rebuilding his life after a difficult mental health journey?"
82693,What are some movies about two emotionally troubled people who help each other heal and find love?
82693,"I’m looking for a heartfelt romantic comedy involving family complications, personal recovery, and an unlikely relationship—what should I watch?"
73,What movies explore a former white supremacist trying to rebuild his life after prison?
73,"Can you recommend a powerful drama about racism, redemption, and the impact of violence on family?"
73,What films follow a young man whose extremist older brother strongly influences his beliefs and choices?
161,What are some stylish crime thrillers about a charismatic thief assembling a crew to rob Las Vegas casinos?
161,"Can you recommend movies featuring elaborate casino heists, clever specialists, and an all-star ensemble cast?"
161,What films combine a high-stakes heist with a romantic storyline involving an ex-wife?
11036,What are some romantic dramas about couples separated by war who reunite years later?
11036,Can you recommend an emotional love story with an older man recounting a couple's past to a woman with Alzheimer's?
11036,"What movies are similar to a passionate, tearjerking romance about lovers who take different paths before finding each other again?"
771,What are some funny family movies to watch during the Christmas holidays?
771,Can you recommend a movie about a clever child defending their home from burglars?
771,"What are some entertaining, lighthearted movies that both kids and adults can enjoy?"
38757,Can you recommend an animated adventure movie about a girl with magical hair who longs to escape her tower?
38757,What family-friendly movies feature a charming thief and a teenage heroine on an exciting journey?
38757,"I’m looking for a fun animated movie with romance, adventure, and a rebellious princess—what should I watch?"
194,Can you recommend a whimsical French romantic comedy about a shy woman who helps people in Paris?
194,"What are some charming feel-good movies about matchmaking, kindness, and finding love?"
194,"I’m looking for a quirky, visually beautiful romance featuring a café worker and a mysterious handsome stranger."
23483,What are some action-comedy movies about ordinary people trying to become superheroes?
23483,"Can you recommend a gritty superhero movie with crime, humor, and teenage protagonists?"
23483,What movies are similar to a comic book fan becoming a vigilante without any superpowers?
216015,"What are some steamy romantic dramas about a young college woman who becomes involved with a wealthy, mysterious businessman?"
216015,"Can you recommend a romance thriller with an intense, unconventional relationship and strong sexual themes?"
216015,"What movies feature an inexperienced woman falling for a powerful, enigmatic man in a dramatic and passionate affair?"
1359,What are some dark psychological thrillers about wealthy professionals leading secret double lives?
1359,Can you recommend a crime drama with a psychopathic protagonist and satirical commentary on corporate culture?
1359,"What movies feature intense, disturbing fantasies and an unreliable main character?"
562,What are some action thrillers about a lone cop fighting terrorists in a skyscraper?
562,Can you recommend a tense movie where hostages are trapped in a building and one hero has to save them?
562,What movies feature an off-duty police officer battling criminals during a hostage situation?
8358,What are some adventure dramas about a person stranded alone on a deserted island who must learn to survive?
8358,Can you recommend movies about a plane crash survivor facing isolation and finding a way to stay alive?
8358,What emotional survival movies feature a character separated from their loved ones and struggling to return home?
1858,What are some action-packed science fiction movies about alien robots and an ordinary teenager caught in a huge battle?
1858,Can you recommend an adventurous movie where heroic and evil transforming robots fight over a powerful secret?
1858,"What movies are similar to a sci-fi action film featuring Autobots, Decepticons, and a young hero?"
119450,What are some sci-fi action movies about a post-apocalyptic world where humans struggle to survive alongside intelligent apes?
119450,"Can you recommend a tense, dramatic thriller about a plague wiping out humanity and the conflict between humans and another powerful community?"
119450,"What movies are similar to Rise of the Planet of the Apes, with Caesar leading a society of intelligent apes?"
115,Can you recommend a quirky crime comedy with memorable characters and absurd situations?
115,"What movies are similar to The Big Lebowski, especially with offbeat humor and a laid-back protagonist?"
115,"I’m in the mood for a funny, eccentric movie involving mistaken identity, crime, and a strange cast of characters—what should I watch?"
36657,What are some action-packed sci-fi movies about mutants and superhero teams?
36657,Can you recommend an adventure movie where a group of heroes battles a powerful terrorist organization?
36657,"What movies are similar to X-Men, featuring superpowered characters and a secret academy?"
332562,What are some emotional music dramas about a struggling singer who gets a chance to become famous?
332562,"Can you recommend a romantic movie featuring live music, a rising star, and a troubled relationship?"
332562,"What films explore the challenges of fame, addiction, and love between two musicians?"
49530,What are some sci-fi action thrillers set in a dystopian future where time is used as currency?
49530,Can you recommend a movie about a poor young man who suddenly gains wealth and is chased by corrupt authorities?
49530,What movies explore a society where the rich can live forever while everyone else struggles to survive?
8681,What are some action thrillers about a father rescuing his kidnapped daughter?
8681,Can you recommend a fast-paced movie involving human trafficking and a former government operative?
8681,What movies are similar to a tense international kidnapping thriller set in Paris?
414906,"What are some dark, gritty crime thrillers featuring Batman or a similar detective-style hero?"
414906,Can you recommend a mystery movie about a masked vigilante investigating corruption and a serial killer?
414906,"What movies have a suspenseful, noir atmosphere with a complex villain like the Riddler?"
812,What are some fun animated adventure movies for the whole family with magic and romance?
812,Can you recommend a fantasy movie about a streetwise hero who falls in love with a princess?
812,"What are some family-friendly animated films featuring a magical lamp, an evil villain, and an adventurous love story?"
601,Can you recommend a family-friendly science fiction adventure about a child who befriends a stranded alien?
601,What movies feature kids hiding and helping an extraterrestrial find his way home?
601,"I’m looking for an emotional, heartwarming alien movie that the whole family can enjoy."
604,What are some action-packed science fiction movies about humans fighting machines and trying to save a last human city?
604,"Can you recommend a thrilling adventure movie with virtual reality, superpowers, and a rebellion against an oppressive system?"
604,"What sci-fi sequels feature intense martial arts, futuristic technology, and a race to stop an impending attack?"
93456,What animated family comedies feature a former villain recruited to stop a powerful new supervillain?
93456,"Can you recommend a funny, family-friendly sci-fi adventure with Gru and the Minions?"
93456,"What movies are similar to Despicable Me, with humor, superheroes, and a heartwarming family story?"
76203,What are some powerful historical dramas about slavery and the struggle for freedom?
76203,"Can you recommend a serious, emotionally moving movie based on a true story?"
76203,What films depict the experiences of African Americans in pre-Civil War America?
872585,What are some compelling historical dramas about the development of the atomic bomb?
872585,Can you recommend a movie about J. Robert Oppenheimer and his role in World War II?
872585,What films explore the moral dilemmas faced by scientists during wartime?
18,What are some sci-fi action movies with a quirky futuristic world and an unlikely hero?
18,Can you recommend an adventure movie about saving humanity from an apocalyptic threat?
18,What movies feature a reluctant taxi driver who becomes responsible for protecting a mysterious young woman?
458156,What are some action thrillers about a legendary assassin being hunted by bounty hunters?
458156,"Can you recommend a crime movie with intense gunfights, martial arts, and nonstop action?"
458156,"What movies are similar to John Wick, featuring an underground assassin organization and a high-stakes manhunt?"
242582,What are some dark crime thrillers about an ambitious outsider who gets involved in the events he films?
242582,"Can you recommend a tense, morally disturbing drama set in the world of television news?"
242582,What movies are similar to a gritty thriller about someone exploiting crime scenes to build a career?
953,What are some funny animated adventure movies about animals escaping from a zoo?
953,Can you recommend a family-friendly animated movie about animal friends exploring the wild?
953,What movies feature a group of zoo animals stranded on a tropical island?
36557,What are some action-packed spy thrillers with high-stakes poker games?
36557,Can you recommend an adventure movie about James Bond taking on a terrorist financier?
36557,What movies feature a secret agent on a dangerous mission involving international crime and suspense?
1949,What are some gripping crime thrillers about a real-life unsolved serial killer investigation?
1949,Can you recommend a mystery movie about journalists and investigators trying to uncover the identity of a killer?
1949,"What films have a dark, suspenseful atmosphere and follow an amateur sleuth obsessed with solving a case?"
291805,What are some crime thrillers about a group of illusionists pulling off an elaborate heist?
291805,"Can you recommend a fast-paced thriller with clever cons, mind games, and a team of charismatic criminals?"
291805,What movies are similar to a sequel where magicians face a new enemy and attempt their most dangerous heist yet?
13223,What are some heartfelt dramas about a gruff war veteran who forms an unlikely friendship with a troubled teenager?
13223,"Can you recommend movies about cultural differences, neighborhood tensions, and personal redemption?"
13223,What films feature an older man mentoring a troubled teen while confronting prejudice and change in his community?
578,What are some thrilling horror adventure movies about a dangerous shark attacking a coastal town?
578,"Can you recommend a suspenseful monster movie featuring a police chief, a marine biologist, and a shark hunter?"
578,What classic films should I watch if I enjoy tense ocean-set survival stories?
196,What are some fun sci-fi adventure comedies involving time travel and the Wild West?
196,Can you recommend a movie where a time traveler gets stranded in the Old West and has to fix a broken time machine?
196,"What should I watch if I enjoyed the Back to the Future movies and want a humorous, action-packed finale?"
75612,"What are some action-packed science fiction movies set on a mysterious, post-apocalyptic Earth?"
75612,Can you recommend a movie about a lone technician uncovering the truth behind an alien threat?
75612,"What movies combine futuristic adventure, survival, and a mystery involving a crashed spaceship?"
222935,Can you recommend a romantic drama about two young people who meet while dealing with cancer?
222935,What are some emotional love stories about teenagers facing serious illness?
222935,I’m looking for a heartfelt movie about finding love despite a terminal diagnosis.
411,What are some family-friendly fantasy adventure movies with magical worlds and epic battles?
411,Can you recommend a movie about children discovering a hidden kingdom and fighting an evil ruler?
411,"What fantasy films would I enjoy if I liked stories with talking animals, magic, and a heroic quest?"
51876,What are some thrillers about a struggling writer who takes a drug that dramatically enhances his intelligence?
51876,Can you recommend a science fiction mystery about a man whose life changes after using a secret brain-enhancing pill?
51876,What movies feature a protagonist gaining extraordinary mental abilities while being pursued by dangerous forces?
310,Can you recommend a funny fantasy movie about an ordinary man who suddenly gets God's powers?
310,"What movies are similar to Bruce Almighty, with comedy, supernatural elements, and a main character learning a life lesson?"
310,I'm looking for a lighthearted movie about a frustrated person whose life changes after being given divine abilities—what should I watch?
600,What are some war dramas that explore the dehumanizing effects of military training and combat?
600,Can you recommend a realistic Vietnam War movie that follows soldiers from boot camp to battlefield combat?
600,"What movies are similar to Full Metal Jacket, with intense military training and gritty street fighting?"
1417,Can you recommend a dark fantasy film set against the backdrop of war and political oppression?
1417,What movies blend fairy-tale elements with a heartbreaking coming-of-age story?
1417,"I’m looking for a visually imaginative, atmospheric film where fantasy and reality blur—what should I watch?"
510,What are some powerful dramas about a rebellious man challenging the system in a mental institution?
510,Can you recommend a thought-provoking movie about patients in a psychiatric ward and a controlling authority figure?
510,What movies feature a charismatic outsider who inspires a group of troubled people to stand up against oppression?
338952,"Can you recommend a fantasy adventure movie about wizards, magical creatures, and a dark wizard gathering followers?"
338952,What fantasy movie features Newt Scamander teaming up with Albus Dumbledore to stop Grindelwald?
338952,I’m looking for an adventurous Harry Potter–related movie involving the wizarding world and Grindelwald—what should I watch?
508442,What animated movies explore the meaning of life and finding your purpose?
508442,Can you recommend a family-friendly movie with jazz music and an emotional story?
508442,What fantasy dramas feature a character whose soul leaves their body and goes on a journey of self-discovery?
629,What are some twisty crime thrillers about a mysterious criminal mastermind and an unreliable narrator?
629,Can you recommend a suspenseful heist movie set around a group of criminals whose plan goes disastrously wrong?
629,"What movies are similar to The Usual Suspects, with tense interrogations, elaborate deception, and a shocking ending?"
12405,Can you recommend a drama about a young person overcoming poverty and hardship to win a life-changing opportunity?
12405,What romantic dramas are set in India and feature a compelling rags-to-riches story?
12405,"I’m looking for an emotional movie about fate, love, and a contestant on a quiz show—what should I watch?"
62211,What are some fun animated movies about friendship and college life?
62211,Can you recommend a family-friendly comedy about monsters and unlikely friends?
62211,What animated movies show how two rivals become friends?
8844,Can you recommend a family-friendly adventure movie involving a magical board game?
8844,What fantasy movies feature children entering a dangerous world filled with wild animals and mysterious creatures?
8844,"I'm looking for an exciting, funny movie that both kids and adults can enjoy—what do you suggest?"
854,What are some funny fantasy movies where an ordinary person gains magical powers and becomes wildly confident?
854,Can you recommend a comedic crime romance with a cartoonish supernatural transformation and a mobster villain?
854,What movies feature a timid protagonist who uses a magical object to pursue romance while getting involved with criminals?
45243,What are some funny comedy movies about a group of friends getting into wild trouble on a trip?
45243,Can you recommend a comedy sequel with outrageous adventures and a bachelor-party-style storyline?
45243,What movie should I watch if I enjoyed the first Hangover and want another chaotic group vacation comedy?
168259,Can you recommend an action thriller about a family being targeted by someone seeking revenge?
168259,What movies feature high-octane crime action and a villain avenging his comatose brother?
168259,"I’m looking for a fast-paced movie with car chases, revenge, and a close-knit team—what should I watch?"
497698,What action-adventure movies feature a female spy confronting her dark past?
497698,Can you recommend a Marvel movie centered on Black Widow and her history as a spy?
497698,What science fiction action movies involve a dangerous conspiracy and a hero dealing with broken family relationships?
2080,What are some action-packed sci-fi movies about a mutant seeking revenge and discovering his origins?
2080,Can you recommend an adventure movie about a superhuman character who undergoes an experimental transformation?
2080,What movies feature a tragic hero with extraordinary powers fighting through a violent past to avenge someone’s death?
206647,What are some action-packed spy thrillers about James Bond uncovering a sinister secret organization?
206647,"Can you recommend an adventure movie with political intrigue, cryptic messages, and high-stakes espionage?"
206647,"What thriller should I watch if I enjoy stylish action, international missions, and a hero confronting secrets from his past?"
787,What are some action-comedy thrillers about a married couple who discover they are both assassins?
787,"Can you recommend movies that combine marital conflict, espionage, and dark humor?"
787,What films feature spouses forced to turn against each other while balancing romance and high-stakes action?
84892,What are some emotional coming-of-age dramas about high school friendship and finding yourself?
84892,Can you recommend a heartfelt movie about an introverted teenager who finds belonging through new friends?
84892,"What movies explore teenage love, friendship, music, and overcoming personal struggles?"
346698,What are some fun fantasy comedies about iconic characters entering the real world?
346698,"Can you recommend a colorful, adventurous movie about Barbie and Ken discovering what life is like among humans?"
346698,"What movies combine comedy, fantasy, and adventure in a bright, imaginative world?"
82992,What are some action-packed crime thrillers about a crew coming together for a dangerous mission?
82992,"Can you recommend movies with high-speed car chases, mercenaries, and an emotional storyline?"
82992,What films feature a presumed-dead character returning and reuniting with an old team during an intense action adventure?
580489,What are some action-packed sci-fi movies about aliens or symbiotes?
580489,Can you recommend an adventurous superhero movie featuring a powerful antihero and a dangerous villain?
580489,"What movies are similar to Venom that combine comic-book action, dark humor, and an alien creature?"
577922,What are some action thrillers with mind-bending time-bending plots?
577922,Can you recommend a science fiction spy movie with complex twists and international intrigue?
577922,What movies are similar to Inception and feature high-concept action and nonlinear storytelling?
197,What are some epic historical war movies about fighting for freedom?
197,Can you recommend a dramatic movie about a Scottish rebellion against English rule?
197,What action movies feature a warrior seeking revenge after his loved one is killed?
4935,Can you recommend a fantasy adventure movie with beautiful animation and a magical story?
4935,"What animated films feature witches, wizards, and a young woman caught up in an exciting adventure?"
4935,I’m looking for a whimsical animated movie about a cursed girl and a mysterious wizard—what should I watch?
293167,What are some action-adventure movies about explorers encountering giant creatures?
293167,Can you recommend a thrilling fantasy movie set on a mysterious island?
293167,"What movies feature a team of explorers facing dangerous monsters in a wild, untamed environment?"
343668,What are some action-comedy spy movies with stylish fight scenes and quirky humor?
343668,Can you recommend an adventurous crime movie about secret agents teaming up with an American intelligence organization?
343668,"What are some fun, over-the-top science fiction action movies about saving the world from a powerful villain?"
652,What are some epic war movies set in ancient times with large-scale battles and political intrigue?
652,Can you recommend a historical action movie about the Trojan War and a forbidden romance?
652,"What movies are similar to an intense sword-and-sandal epic involving powerful kingdoms, family rivalries, and legendary heroes?"
361743,What are some action movies about elite fighter pilots and high-stakes military missions?
361743,Can you recommend an intense aviation movie with thrilling aerial combat and a strong emotional story?
361743,What movies should I watch if I enjoyed the original Top Gun and want a modern sequel?
453,What are some inspiring dramas about brilliant but troubled mathematicians?
453,Can you recommend a romantic movie about overcoming mental illness and personal struggles?
453,What films feature a socially awkward genius whose life changes after a groundbreaking discovery?
266856,What are some inspiring biographical dramas about brilliant scientists overcoming serious health challenges?
266856,Can you recommend a heartfelt romantic movie about a couple staying together through a life-changing illness?
266856,"What films explore Stephen Hawking’s life, scientific achievements, and relationship with Jane?"
211672,What are some funny animated adventure movies for the whole family?
211672,Can you recommend a movie about lovable characters getting involved with a super-villain's plot?
211672,What family-friendly comedy should I watch if I enjoyed Despicable Me?
89,What are some adventure movies about archaeologists searching for a legendary artifact?
89,Can you recommend an action-adventure film where Indiana Jones goes on a quest with his father?
89,"What movies involve ancient mysteries, historical clues, and a search for the Holy Grail?"
294254,What are some sci-fi adventure movies about a group of young survivors facing a powerful organization in a dangerous dystopian world?
294254,"Can you recommend an action thriller with resistance fighters, high-stakes missions, and a desolate post-apocalyptic setting?"
294254,"What movies are similar to The Maze Runner, with intense survival challenges, mysterious experiments, and plenty of adventure?"
19913,Can you recommend a romantic comedy about a guy reflecting on a failed relationship and finding himself afterward?
19913,What are some bittersweet indie romance movies about an unexpected breakup and unrequited love?
19913,I’m looking for a funny but emotional movie about a hopeless romantic trying to understand what went wrong in his relationship.
64688,What are some funny action-comedies about undercover cops?
64688,Can you recommend a crime comedy where adults go undercover as high school students?
64688,What movies are similar to a buddy-cop film with undercover detectives and a drug investigation?
641,What are some intense dramas about addiction and the devastating effects it has on people’s lives?
641,"Can you recommend a dark, psychologically disturbing movie about people chasing their dreams while descending into self-destruction?"
641,What crime dramas feature interconnected characters whose lives unravel because of drugs and addiction?
539,What are some classic psychological horror thrillers with a mysterious motel setting and a disturbing caretaker?
539,Can you recommend a suspenseful mystery movie about a woman on the run who encounters a dangerous family?
539,"What horror films have an iconic twist, an unsettling atmosphere, and a psychologically complex villain?"
41154,What are some funny sci-fi action movies involving time travel and secretive government agents?
41154,Can you recommend a movie where two partners go back in time to save the world from an alien threat?
41154,"What movies are similar to Men in Black, with witty humor, aliens, and action-packed adventures?"
1593,Can you recommend a family-friendly fantasy comedy set in a museum where the exhibits come to life at night?
1593,"What are some funny adventure movies for kids featuring historical figures, dinosaurs, and magical chaos?"
1593,I’m looking for a lighthearted family movie about a night watchman who encounters animated museum exhibits—what should I watch?
58574,Can you recommend an action-packed mystery movie featuring Sherlock Holmes and Professor Moriarty?
58574,What adventure movies have a brilliant detective facing an equally intelligent criminal mastermind?
58574,"I’m looking for a thrilling mystery with clever deductions, dangerous villains, and plenty of action—what should I watch?"
59967,What are some sci-fi action thrillers involving time travel and assassins?
59967,Can you recommend a movie where a hitman has to confront his future self?
59967,"What movies have a dark futuristic setting, time travel, and a morally conflicted protagonist?"
359940,What are some crime dramas about a grieving parent seeking justice for a murdered child?
359940,"Can you recommend a dark, emotionally intense movie set in a small town with a strong female lead?"
359940,What films feature a tense conflict between a determined civilian and the local police?
36658,"What are some action-packed superhero movies about mutants with a dark, science-fiction storyline?"
36658,Can you recommend an adventure movie where superheroes must unite with former enemies to stop an anti-mutant villain?
36658,"What movies are similar to a team-based superhero film featuring Wolverine, Professor Xavier, and Magneto?"
679,What are some action-packed sci-fi thrillers about space marines facing terrifying alien creatures?
679,Can you recommend a suspenseful science fiction movie with a strong female survivor returning to confront an alien threat?
679,"What movies should I watch if I want a tense, atmospheric sequel involving a team investigating a dangerous colony on another planet?"
791373,What are some action-adventure superhero movies about a team of metahumans joining forces to save the world?
791373,"Can you recommend a dark, epic DC movie featuring Batman, Wonder Woman, and a major global threat?"
791373,What fantasy superhero films focus on assembling a team to protect humanity after Superman's sacrifice?
181812,What are some action-packed science fiction adventure movies with an epic final battle?
181812,"Can you recommend a movie about a resistance fighting against an oppressive empire, with space battles and familiar heroes?"
181812,What sci-fi movies continue the story of a young hero and their friends in an intense conflict between good and evil?
9799,What are some action thrillers about street racing and undercover cops?
9799,"Can you recommend a crime movie with fast cars, high-stakes heists, and a complicated romance?"
9799,What movies are similar to a story about an undercover police officer infiltrating a car-racing gang?
605,What action sci-fi movies feature a war between humans and machines?
605,Can you recommend a thrilling movie about Neo fighting Agent Smith and trying to end a machine uprising?
605,"What movies are similar to The Matrix with intense battles, futuristic technology, and a resistance against powerful machines?"
502356,What are some fun animated adventure movies for the whole family?
502356,Can you recommend a funny fantasy movie about brothers going on an exciting quest?
502356,What movies are similar to a colorful video game-inspired adventure with comedy and magic?
495764,What are some action-crime movies featuring Harley Quinn and a team of women taking on a dangerous crime lord?
495764,Can you recommend a fast-paced superhero movie about an unlikely group teaming up to protect a young girl from criminals?
495764,"What movies combine stylish action, dark humor, female antiheroes, and an underworld crime plot?"
337339,What are some action thrillers about a close-knit crew facing betrayal and high-stakes crime?
337339,"Can you recommend an adrenaline-fueled crime movie with fast cars, intense action, and a shocking betrayal?"
337339,What movies feature a team of skilled criminals taking on dangerous missions while their loyalty is tested?
56292,What are some action-packed spy thrillers about a team racing to stop a terrorist with nuclear launch codes?
56292,Can you recommend an international adventure movie where an IMF team is disavowed after a devastating attack on the Kremlin?
56292,"What movies are similar to a high-stakes Mission: Impossible-style thriller with espionage, explosive stunts, and a race to prevent a nuclear strike?"
420818,What are some family-friendly animated adventure movies with a strong coming-of-age story?
420818,Can you recommend an emotional animated movie about a young character learning to fulfill their destiny?
420818,"What movies feature animal characters, royal family drama, and themes of betrayal and redemption?"
301528,What are some family-friendly animated adventure movies about toys and friendship?
301528,"Can you recommend a funny, heartwarming animated movie for kids involving a road trip and new friends?"
301528,What movies explore a toy discovering its purpose while going on an exciting adventure?
10020,What are some family-friendly animated fantasy movies with a romantic story?
10020,Can you recommend a movie about a kind young woman who falls in love with someone hiding a beastly appearance?
10020,What animated movies teach that true beauty comes from within?
608,What are some funny sci-fi action movies about secret agents protecting Earth from aliens?
608,"Can you recommend a movie with alien conspiracies, comedic action, and a race against time?"
608,What should I watch if I enjoyed the first Men in Black and want another lighthearted extraterrestrial adventure?
772,What are some funny family adventure movies set during Christmas?
772,Can you recommend movies about a clever child outsmarting burglars?
772,What movies are similar to a family comedy about a kid getting lost in a big city?
399566,What are some action-packed science fiction movies featuring giant monsters?
399566,Can you recommend an adventure movie with epic battles between iconic creatures?
399566,What movie should I watch if I enjoy spectacular monster clashes and high-stakes human survival?
1402,What are some inspirational dramas about a struggling parent overcoming hardship?
1402,Can you recommend a movie about a father trying to build a better life for his son?
1402,What uplifting films feature someone pursuing a life-changing career despite financial struggles?
420817,What are some family-friendly fantasy adventure movies with romance and magic?
420817,Can you recommend a movie about a kindhearted hero who finds a magical lamp and battles a power-hungry villain?
420817,What movies should I watch if I enjoy lighthearted animated adventures with memorable characters and a romantic story?
405774,What are some horror thrillers about surviving an unseen supernatural threat?
405774,Can you recommend a tense post-apocalyptic movie about a mother protecting her children?
405774,What movies feature a dangerous journey to safety after most of society has collapsed?
392044,What are some mystery movies featuring a brilliant detective solving a murder on a train?
392044,"Can you recommend a crime drama with an ensemble cast, a locked-room murder, and lots of suspects?"
392044,"What movies are similar to Murder on the Orient Express, with a classic whodunit mystery and an investigator uncovering secrets among wealthy passengers?"
13475,What sci-fi action-adventure movies feature a rivalry between a rebellious young hero and a highly logical alien?
13475,Can you recommend an exciting space adventure about an unlikely partnership saving the galaxy?
13475,"What movies combine futuristic science fiction, intense action, and a crew facing unimaginable danger?"
602,What are some action-packed sci-fi movies about an alien invasion and humanity's fight for survival?
602,"Can you recommend a thrilling summer blockbuster with global destruction, heroic pilots, and an extraterrestrial threat?"
602,What movies should I watch if I enjoy epic adventure films where people unite to save Earth from an overwhelming enemy?
82702,Can you recommend an animated fantasy adventure about dragons and Vikings?
82702,What family-friendly movies feature a young hero discovering a hidden world of wild dragons?
82702,"I’m looking for an action-packed animated sequel with flying dragons, friendship, and an epic villain—what should I watch?"
283366,What fantasy adventure movies feature a teenager protecting orphaned children with special powers?
283366,"Can you recommend a movie about a mysterious island, gifted children, and dangerous creatures?"
283366,What movies are similar to a dark fantasy adventure where a teenager discovers a home for peculiar children?
10674,What are some family-friendly animated adventure movies about a young woman disguising herself as a soldier to protect her family?
10674,"Can you recommend an animated movie set in Imperial China with thrilling battles, humor, and a strong female hero?"
10674,What movies feature a courageous protagonist defying tradition to defend their family and homeland?
381284,What are some inspiring historical dramas about brilliant women overcoming racial and gender barriers?
381284,Can you recommend a movie about African-American women who made important contributions to NASA or the space race?
381284,What films tell the true story of people working behind the scenes to achieve a groundbreaking space mission?
515001,Can you recommend a dark comedy set during World War II that explores the impact of propaganda on children?
515001,"What movies combine war, drama, and humor while following a young protagonist who begins to question his beliefs?"
515001,I’m looking for an emotionally powerful anti-war film with a quirky tone and a story about a boy hiding a Jewish girl—what should I watch?
566525,What are some action-adventure fantasy movies featuring a hero confronting a mysterious organization from his past?
566525,"Can you recommend a Marvel movie with martial arts, fantasy elements, and an emotional family storyline?"
566525,What should I watch if I want an exciting superhero adventure involving ancient legends and a powerful secret organization?
110415,What are some action-packed science fiction movies about a class divide in a dystopian future?
110415,Can you recommend a movie set on a train where survivors struggle against an oppressive social system?
110415,What dramatic post-apocalyptic films explore social inequality and humanity's survival?
262500,What are some action-packed dystopian sci-fi movies about a young woman fighting against a powerful oppressive alliance?
262500,"Can you recommend a thrilling science fiction movie with political conflict, rebellion, and a protagonist confronting her inner demons?"
262500,"What movies are similar to Divergent and feature intense action, futuristic societies, and a struggle against authoritarian forces?"
453395,What are some fantasy action-adventure movies about exploring alternate realities and the multiverse?
453395,"Can you recommend a thrilling superhero movie with magic, mystical allies, and dangerous parallel worlds?"
453395,What should I watch if I enjoyed action-packed Marvel movies involving Doctor Strange and supernatural threats?
627,What are some gritty crime dramas about heroin addiction and struggling to get sober?
627,"Can you recommend movies about a group of reckless friends caught up in drugs, crime, and bad decisions?"
627,"What films are similar to a dark, edgy story set among addicts and unreliable friends in Edinburgh or London?"
36668,What are some action-packed sci-fi movies about mutants and superhuman abilities?
36668,Can you recommend an adventure movie about a conflict between heroes and a mutant rebellion?
36668,What movies explore the consequences of a controversial cure that could eliminate superpowers?
454626,What are some fun family-friendly action comedies with a lovable video game character?
454626,Can you recommend a lighthearted sci-fi adventure movie with super-speed and an evil genius villain?
454626,"What movie should I watch with kids if we enjoy fast-paced humor, fantasy, and exciting global adventures?"
17654,What are some science fiction movies about aliens seeking refuge on Earth?
17654,Can you recommend a sci-fi movie featuring alien segregation and corporate exploitation?
17654,"What movies are similar to District 9, with a human protagonist transformed by alien technology?"
70,What are some emotional sports dramas about a determined female boxer?
70,Can you recommend a movie about an unlikely bond between a boxing trainer and an aspiring fighter?
70,"What are some powerful, character-driven boxing movies with heartbreaking stories?"
950,What are some funny animated adventure movies for the whole family?
950,Can you recommend a family-friendly movie about animals facing a big environmental disaster?
950,What animated sequels are entertaining for both kids and adults?
9479,What are some family-friendly animated fantasy movies with a spooky Halloween and Christmas theme?
9479,Can you recommend a whimsical movie about a Halloween character trying to take over Christmas?
9479,"What animated films feature a quirky, darkly humorous story about holiday traditions going wrong?"
76170,What are some action-packed superhero movies set in Japan?
76170,Can you recommend a sci-fi adventure movie featuring Wolverine or another intense mutant hero?
76170,"What movies combine martial arts, emotional drama, and comic-book action?"
330457,What are some family-friendly animated adventure movies with fantasy elements and a heartfelt story?
330457,Can you recommend a funny animated movie about siblings going on a magical journey to uncover an ancient mystery?
330457,"What movies are similar to Frozen, featuring adventure, comedy, and a close-knit group of characters?"
8960,What are some action-fantasy movies about a troubled superhero trying to improve his public image?
8960,"Can you recommend a superhero movie with comedy, redemption, and a reluctant hero?"
8960,What movies feature an antihero whose destructive behavior forces him to change?
287947,What are some funny superhero movies with a magical or fantasy twist?
287947,Can you recommend an action-comedy about a young person who suddenly gets superpowers?
287947,What superhero movies are suitable for a lighthearted family movie night?
3933,"Can you recommend an animated fantasy romance with a gothic, spooky atmosphere?"
3933,"What movies are similar to a dark fairy tale about love, marriage, and the afterlife?"
3933,I’m looking for a whimsical Tim Burton-style animated film with a tragic love story—what should I watch?
568124,"What are some family-friendly animated movies with magic, music, and a heartfelt story?"
568124,Can you recommend a fun fantasy movie about a family with extraordinary powers?
568124,What should I watch if I enjoyed colorful animated movies set in magical worlds?
423,Can you recommend a powerful historical drama about a Jewish musician surviving the Nazi occupation of Warsaw?
423,What are some emotionally moving World War II films based on true stories?
423,"I’m looking for a serious, realistic movie about survival during the Holocaust—what do you recommend?"
5915,What are some adventure dramas about leaving society behind and living in the wilderness?
5915,Can you recommend a movie based on a true story about someone searching for freedom through travel and solitude?
5915,"What films are similar to Into the Wild, with themes of self-discovery, independence, and nature?"
87,What are some action-adventure movies about an archaeologist uncovering a secret cult in an ancient palace?
87,"Can you recommend a thrilling Indiana Jones movie involving a mystical artifact, a desperate village, and an evil cult?"
87,"What adventure films feature ancient temples, dangerous catacombs, and a hero trying to stop a sinister plot?"
2501,What are some action thrillers about a man with amnesia who discovers he has exceptional spy skills?
2501,"Can you recommend movies like The Bourne Identity with espionage, mystery, and intense fight scenes?"
2501,What movie should I watch about a hunted secret agent trying to uncover his past?
176,What are some horror mystery movies about people trapped in a deadly game?
176,"Can you recommend a dark, suspenseful crime thriller with psychological twists?"
176,"What movies are similar to Saw, featuring gruesome traps and a mysterious killer?"
564,Can you recommend an action-adventure movie set in ancient Egypt with mummies and supernatural curses?
564,"What are some fun fantasy adventure films featuring treasure hunters, ancient ruins, and an undead villain?"
564,"I’m looking for an exciting 1920s-era adventure movie with romance, humor, and supernatural danger—what should I watch?"
399579,What are some action-packed science fiction movies about a cyborg girl discovering her mysterious past?
399579,Can you recommend an adventurous futuristic movie featuring a strong female protagonist and intense battles?
399579,"What movies are similar to Alita: Battle Angel, with cybernetic characters, dystopian worlds, and hidden identities?"
337404,What are some stylish crime comedies set in 1970s London?
337404,Can you recommend a movie about a rebellious young woman trying to break into the fashion world?
337404,"What films feature a clever grifter, punk rock style, and a rivalry with a powerful fashion icon?"
591,Can you recommend a thrilling mystery movie involving secret societies and religious conspiracies?
591,What are some suspenseful films where a murder investigation leads to hidden clues in famous works of art?
591,I’m looking for a movie about an ancient mystery that could challenge the foundations of Christianity—what do you suggest?
389,What are some gripping courtroom dramas about a jury debating whether a defendant is guilty?
389,"Can you recommend a classic, dialogue-driven movie that explores prejudice and reasonable doubt?"
389,What films feature a group of people reconsidering their assumptions while deciding a murder case?
316029,What are some inspiring dramas about real-life entertainers or entrepreneurs?
316029,Can you recommend a movie about the life and ambition of P.T. Barnum?
316029,What movies tell the story of someone who builds a spectacular traveling show from nothing?
13183,Can you recommend a gritty superhero mystery set in an alternate version of the 1980s?
13183,What action science fiction movies feature retired masked heroes investigating a murder and uncovering a global conspiracy?
13183,"I’m looking for a dark, thought-provoking superhero film about vigilantes, political intrigue, and a threat to humanity."
107,Can you recommend a fast-paced crime comedy with a chaotic plot and quirky characters?
107,"What are some funny British gangster movies involving heists, diamonds, and shady criminals?"
107,"I’m looking for a darkly comedic movie with violent bookies, amateur robbers, and an ensemble cast—what should I watch?"
954,What are some action-packed spy thrillers with undercover missions and unexpected betrayals?
954,Can you recommend an adventure movie about a secret agent who is framed and must uncover a mole?
954,"What movies feature high-stakes espionage, thrilling twists, and a protagonist trying to clear their name?"
9738,What are some action-packed sci-fi movies about a team of superheroes gaining powers during a space mission?
9738,Can you recommend a fantasy superhero movie where four scientists develop unique abilities and battle an evil villain?
9738,"What movies should I watch if I enjoy comic-book adventures involving cosmic powers, teamwork, and saving the world?"
156022,What are some action thrillers about a retired badass who uses his skills to protect an innocent young woman?
156022,Can you recommend a gritty crime movie with intense revenge and vigilante justice?
156022,What movies are similar to a story about a quiet man with a mysterious past who takes on a violent Russian gang?
9741,What are some mysterious thrillers about ordinary people discovering extraordinary abilities?
9741,Can you recommend a suspenseful drama involving a strange accident and a mysterious person with a rare condition?
9741,"What movies explore the possibility of superheroes in the real world with a dark, psychological tone?"
670,"What are some dark, twist-filled thrillers about a man seeking revenge after being mysteriously imprisoned?"
670,"Can you recommend a mystery movie with intense violence, psychological torture, and a shocking plot twist?"
670,What movies feature a desperate protagonist uncovering why he was kidnapped and held captive for years?
550988,What are some funny sci-fi adventure movies about a video game character who becomes self-aware?
550988,Can you recommend an uplifting action-comedy where an ordinary person becomes the hero of a virtual world?
550988,"What movies are similar to a lighthearted video game adventure with humor, romance, and a quest to save the world?"
318846,"What are some smart, engaging movies about the 2008 financial crisis?"
318846,Can you recommend a darkly funny drama about people who predicted the housing market crash?
318846,What movies explore how investors made money during a major economic meltdown?
124905,Can you recommend an action-packed science fiction movie about giant monsters threatening humanity?
124905,What are some dramatic monster movies featuring Godzilla or other ancient creatures battling for survival?
124905,"I'm looking for a thrilling movie with massive destruction, military action, and a family-centered story—what do you recommend?"
810,Can you recommend a funny animated fantasy adventure about an ogre who unexpectedly has to become king?
810,What family-friendly animated movies feature a reluctant hero going on a quest with his friends to find a new heir?
810,"I’m looking for a lighthearted sequel with fairy-tale characters, comedy, and an adventure to save a kingdom—what should I watch?"
620,What are some funny supernatural comedies about people starting a ghost-hunting business?
620,Can you recommend a fantasy comedy set in New York where ordinary people battle a world-threatening paranormal force?
620,"What movies are similar to Ghostbusters, with quirky heroes, ghosts, and lots of humor?"
18239,Can you recommend a fantasy romance about a girl coping with her vampire boyfriend leaving and growing close to a werewolf?
18239,"What movies feature supernatural love triangles, vampires, werewolves, and dramatic romance?"
18239,"I’m looking for an adventurous young adult romance with vampires, werewolves, and a heroine who takes dangerous risks for love."
281338,What are some intense sci-fi war movies about humans and intelligent apes?
281338,"Can you recommend a dramatic movie about revenge, survival, and conflict between humans and another species?"
281338,What movies feature an epic battle between a ruthless military leader and a determined protagonist?
9487,What are some funny animated adventure movies for the whole family?
9487,Can you recommend a family-friendly movie about insects working together to fight bullies?
9487,"What movies are similar to A Bug's Life, with comedy, adventure, and lovable animated characters?"
177677,What are some action-adventure movies about a team taking down a dangerous international organization?
177677,Can you recommend a high-stakes spy thriller with impossible missions and lots of action?
177677,What movies are similar to Mission: Impossible films featuring Ethan Hunt and the IMF?
429,What are some classic Westerns with memorable antiheroes and a treasure hunt?
429,Can you recommend a gritty Western set during the Civil War with a tense three-way rivalry?
429,"What movies are similar to a sprawling spaghetti Western featuring a lone gunslinger, a ruthless killer, and a bandit searching for stolen gold?"
264644,Can you recommend a gripping drama thriller about a mother and son escaping captivity and adjusting to the outside world?
264644,What movies explore the bond between a mother and her young child after years of living in confinement?
264644,"I’m looking for an emotional, suspenseful film about a boy experiencing the outside world for the first time—what should I watch?"
54138,What are some action-packed science fiction movies about Captain Kirk and the crew of the Enterprise facing a terrorist threat from within Starfleet?
54138,Can you recommend an adventurous space movie featuring a manhunt for a dangerous weapon of mass destruction?
54138,"What sci-fi films combine intense action, epic space battles, and a personal vendetta against a powerful enemy?"
180,What are some sci-fi action thrillers about technology that predicts crimes before they happen?
180,Can you recommend a movie where a police officer is framed for a murder he hasn't committed?
180,"What are some futuristic thrillers with intense chases, police investigations, and ethical questions about preventing crime?"
474350,What horror movies feature a group of childhood friends reuniting as adults to confront a supernatural evil from their past?
474350,"Can you recommend a dark, suspenseful horror sequel about Pennywise and the Losers' Club returning to Derry?"
474350,"What movies combine supernatural horror, thriller elements, and a dramatic story about old friends coming back together after many years?"
436969,What action-comedy movies feature a team of quirky supervillains on a dangerous mission?
436969,Can you recommend an adventurous superhero movie with dark humor and an ensemble cast?
436969,"What movies are similar to a chaotic, irreverent comic-book adventure about criminals forced to work together?"
744,What are some action dramas about fighter pilots in an elite military training program?
744,Can you recommend a romantic movie featuring a talented but troubled pilot overcoming personal challenges?
744,"What movies combine aerial combat, intense military training, friendship, and romance?"
273481,What are some intense crime thrillers about the war on drugs at the U.S.-Mexico border?
273481,"Can you recommend an action thriller with a morally complex FBI agent and a dark, suspenseful tone?"
273481,What movies are similar to a gritty cartel thriller involving a government task force?
68724,What are some action-packed sci-fi movies about class inequality and a divided society?
68724,Can you recommend a dystopian thriller set in a future where the wealthy live separately from the poor?
68724,"What movies are similar to District 9, with social commentary, intense action, and a struggle for equality?"
664413,What are some steamy romantic dramas involving a dangerous mafia boss and a woman who is held captive?
664413,"Can you recommend movies with a dark, intense romance and a powerful criminal love interest?"
664413,What films are similar to a story about a woman given one year to fall in love with her kidnapper?
10625,What are some funny teen movies about high school cliques and popularity?
10625,Can you recommend a comedy-drama about a new girl navigating school social groups?
10625,What movies feature rivalry between popular girls and romance involving an ex-boyfriend?
138832,What are some funny crime comedies about an unlikely family getting into trouble?
138832,Can you recommend a comedy about a drug dealer who creates a fake family for a risky smuggling plan?
138832,What movies are similar to a hilarious road trip involving a fake family and a dangerous drug shipment?
126889,What are some horror sci-fi movies about a crew exploring a mysterious planet?
126889,"Can you recommend a space horror movie with aliens and a dangerous, uncharted world?"
126889,"What movies are similar to Alien, featuring a colony ship and a terrifying extraterrestrial threat?"
646380,Can you recommend a satirical sci-fi movie about a world-ending disaster and society's failure to take it seriously?
646380,What are some funny but thought-provoking movies about scientists trying to warn the public about an impending catastrophe?
646380,"I’m looking for a dark comedy with an all-star cast that critiques politics, media, and humanity’s response to a global crisis—what should I watch?"
512200,Can you recommend an adventurous fantasy comedy about friends returning to a dangerous video game world to rescue someone?
512200,"What are some funny, action-packed fantasy movies with an ensemble cast exploring an unpredictable game world?"
512200,"I’m looking for a lighthearted adventure movie with dangerous challenges, imaginative worlds, and a group of friends—what should I watch?"
300668,What are some sci-fi horror movies about mysterious zones where the laws of nature don't apply?
300668,Can you recommend a thought-provoking science fiction horror movie about a dangerous expedition?
300668,"What movies are similar to Annihilation, with eerie atmosphere, biological mysteries, and a female protagonist?"
747,Can you recommend a funny horror movie about zombies and an ordinary guy trying to survive?
747,What are some horror comedies set in London with a lighthearted take on the zombie apocalypse?
747,I’m looking for a movie about friends taking refuge in their local pub during a zombie outbreak—what would you suggest?
50620,"What fantasy romance movies feature vampires, family loyalty, and a high-stakes conflict?"
50620,Can you recommend a dramatic supernatural movie about protecting a child from a powerful ruling group?
50620,What should I watch if I enjoyed the earlier Twilight movies and want a romantic fantasy finale?
45269,Can you recommend a historical drama about a reluctant king overcoming a stutter with the help of an unconventional speech therapist?
45269,What are some inspiring movies about real people overcoming personal challenges under intense public pressure?
45269,I’m looking for a period drama based on true events involving the British royal family—what should I watch?
50646,What are some romantic comedies about a middle-aged man starting over after his marriage falls apart?
50646,"Can you recommend a funny yet heartfelt movie about divorce, dating, and finding love again?"
50646,"What movies have a storyline where a smooth ladies' man mentors a recently single, heartbroken man?"
122906,What are some romantic fantasy movies about time travel and making the most of life?
122906,Can you recommend a heartfelt drama about a man who uses time travel to improve his relationships?
122906,"What movies are similar to a touching romance where family, love, and appreciating everyday moments are central themes?"
348350,What are some science fiction adventure movies about daring criminal escapades?
348350,Can you recommend an action movie that explores Han Solo's early adventures and his meeting with Chewbacca?
348350,"What movies feature space-faring heroes, dangerous underworlds, and charismatic gamblers?"
39254,What are some action-packed sci-fi movies about robot boxing and an underdog fighter?
39254,Can you recommend a heartfelt movie about a father and son rebuilding their relationship through competition?
39254,"What movies combine futuristic sports, family drama, and an unlikely underdog contender?"
50619,What fantasy romance movies feature a wedding or honeymoon that leads to unexpected supernatural danger?
50619,Can you recommend an adventurous romantic movie about a couple facing betrayals and tragedies in a supernatural world?
50619,"What movies are similar to a fantasy romance about vampires, marriage, and dangerous consequences?"
330,What are some action-packed science fiction adventure movies featuring genetically engineered dinosaurs?
330,Can you recommend a thrilling dinosaur movie with an expedition to a secret island and dangerous wildlife?
330,What movies are similar to Jurassic Park and follow scientists documenting dinosaurs in the wild?
109439,What are some funny road-trip comedies with an outrageous group of friends?
109439,Can you recommend a comedy sequel featuring the Wolfpack from The Hangover movies?
109439,What comedy movies involve a group of friends getting into chaotic misadventures without a wedding or bachelor party?
74,What are some thrilling science fiction movies about alien invasions and a family trying to survive?
74,"Can you recommend an action-packed adventure movie with suspense, disaster, and a father protecting his children?"
74,What movies are similar to a tense sci-fi survival story involving strange extraterrestrial forces and a troubled family?
24021,"What fantasy romance movies involve a love triangle between a vampire, a werewolf, and a human?"
24021,Can you recommend a dramatic supernatural adventure about a young woman caught between two rival creatures?
24021,"What movies feature romance, mysterious killings, and an impending conflict between vampires and werewolves?"
106,What are some action-packed science fiction movies about elite soldiers being hunted by an alien in the jungle?
106,Can you recommend a thrilling adventure movie featuring a team of commandos battling an extraterrestrial enemy?
106,"What movies are similar to a tense, military-focused alien hunt set in a dangerous jungle?"
47971,What are some action-adventure movies featuring an exiled or presumed-dead hero returning for a dangerous mission?
47971,"Can you recommend a high-energy crime thriller with spies, stunts, and a tough undercover protagonist?"
47971,"What movies are similar to xXx, with explosive action, international missions, and a charismatic hero?"
259693,What are some scary supernatural horror movies about a family being haunted in their home?
259693,Can you recommend a horror movie featuring paranormal investigators helping a single mother and her children?
259693,What should I watch if I enjoyed haunted-house movies based on supposedly true events?
8373,What are some action-packed sci-fi movies about giant robots and an ordinary person caught in an intergalactic war?
8373,Can you recommend an adventure movie where a young man discovers cryptic clues that draw him back into a battle between alien factions?
8373,"What movies are similar to Transformers, with explosive battles, alien machines, and a mix of science fiction and action?"
76492,What are some funny animated family movies about monsters?
76492,Can you recommend a lighthearted fantasy comedy suitable for kids and adults?
76492,"What movies feature a friendly Dracula, a monster-filled hotel, and a family adventure?"
524434,What are some action-packed sci-fi movies about ancient aliens protecting Earth?
524434,Can you recommend an adventure movie about a secret team of immortal beings who reunite to fight an ancient enemy?
524434,What Marvel movies feature superheroes emerging from hiding to save humanity?
353081,What are some action-packed spy thrillers with intense missions and global stakes?
353081,Can you recommend a high-energy adventure movie featuring Ethan Hunt or a similar skilled secret agent?
353081,"What movies should I watch if I enjoy fast-paced stories about assassins, espionage, and preventing a global catastrophe?"
45612,Can you recommend a thrilling sci-fi mystery about a soldier reliving the same moment to stop a train bombing?
45612,What movies are similar to a suspenseful time-loop story involving a commuter train and uncovering a bomber?
45612,I’m looking for a mind-bending thriller with science fiction elements and a military protagonist—what should I watch?
63,Can you recommend a thought-provoking sci-fi thriller about time travel and a deadly virus?
63,What movies are similar to a dystopian mystery where a man travels back in time to prevent a global pandemic?
63,"I’m looking for a dark, suspenseful science fiction movie involving psychological twists, time travel, and the end of the world."
28,What are some intense Vietnam War movies about a soldier sent on a dangerous mission behind enemy lines?
28,"Can you recommend a dark, psychologically gripping war film about a military officer tracking down a rogue commander?"
28,What are some acclaimed anti-war dramas with surreal journeys and morally complex characters?
275,What are some crime thrillers with dark humor and an unconventional police investigator?
275,Can you recommend movies about a kidnapping plot that spirals into multiple murders?
275,"What films have a bleak small-town atmosphere, quirky characters, and a suspenseful investigation?"
14836,"Can you recommend an animated fantasy movie with a dark, creepy atmosphere and a brave young heroine?"
14836,What family-friendly films feature a child discovering a secret magical world with a sinister twist?
14836,I’m looking for a visually imaginative movie about an ordinary kid who finds an eerie idealized version of their life—what should I watch?
450465,"What are some psychological thriller movies about superheroes with dark, realistic tones?"
450465,Can you recommend a suspenseful science fiction drama featuring characters with supernatural abilities and multiple personalities?
450465,"What movies connect characters from different stories in a tense, mysterious showdown?"
152532,What are some powerful drama films based on true stories about people fighting HIV/AIDS?
152532,Can you recommend a moving historical drama about someone challenging the medical system to help AIDS patients?
152532,"What movies are similar to Dallas Buyers Club, with intense performances and a story of survival against the odds?"
464052,What are some action-adventure fantasy movies featuring a powerful female superhero?
464052,Can you recommend a superhero movie set in the 1980s with a global supernatural threat?
464052,What movies involve an ancient mysterious force challenging a hero's powers?
50014,What are some thought-provoking dramas about African-American maids and racial inequality in the 1960s?
50014,Can you recommend a movie about a young woman writing a book that challenges social norms in the American South?
50014,What films explore the friendships and struggles between domestic workers and the families they work for?
128,Can you recommend an animated fantasy adventure about a young prince caught between humans and a magical forest?
128,"What movies feature a conflict between industrializing humans and nature, with strong environmental themes?"
128,"I’m looking for an epic, visually stunning anime with gods, warriors, and a complex battle between humans and the wilderness—what should I watch?"
217,What adventure movies feature Indiana Jones uncovering supernatural artifacts during the Cold War?
217,"Can you recommend an action-adventure film involving a mystical crystal skull, ancient secrets, and a race against the Soviets?"
217,What movies are similar to an archaeological treasure hunt with a legendary lost city and a daring hero?
359724,What are some gripping racing dramas based on true events?
359724,Can you recommend an action-packed movie about competitive motorsports and overcoming corporate challenges?
359724,"What films feature intense rivalries, legendary race cars, and compelling characters?"
254128,What are some action-packed disaster movies about earthquakes and rescue missions?
254128,Can you recommend a thrilling movie where a parent risks everything to save their child after a natural disaster?
254128,"What movies are similar to San Andreas, with intense destruction, family drama, and heroic rescues?"
391713,What are some coming-of-age movies about a strong-willed teenage girl navigating family tensions and college plans?
391713,Can you recommend a heartfelt comedy-drama about the complicated relationship between a teenage daughter and her mother?
391713,"What movies capture the experience of growing up, finding your identity, and leaving home for college?"
114,Can you recommend a romantic comedy about an unlikely romance between a wealthy businessman and a free-spirited woman?
114,What are some feel-good love stories where two people from very different worlds unexpectedly fall for each other?
114,"I'm looking for a charming, funny romance with a glamorous setting and strong chemistry between the leads—what should I watch?"
87101,What are some sci-fi action thrillers about time travel and a war against machines?
87101,"Can you recommend a movie with intense futuristic battles, robots, and a complex timeline?"
87101,What should I watch if I enjoyed action movies featuring resistance fighters trying to prevent a dystopian future?
68734,What are some gripping political thrillers about real-life rescue missions?
68734,Can you recommend a tense historical drama set during the Iranian Revolution?
68734,What movies are about secret CIA operations to rescue people trapped in a dangerous country?
315162,Can you recommend an animated fantasy adventure movie with lots of comedy and a charming cat hero?
315162,"What family-friendly animated movies feature an epic quest, magical worlds, and plenty of humor?"
315162,What movie should I watch if I enjoyed adventurous fairy-tale comedies like Shrek?
38356,What are some action-packed sci-fi adventure movies featuring giant robots and alien technology?
38356,Can you recommend a movie where a secret government cover-up leads to an epic battle between Autobots and Decepticons?
38356,"What movies are similar to Transformers with explosive battles, military missions, and alien artifacts?"
4951,What are some funny romantic high school movies with complicated dating rules?
4951,Can you recommend a teen rom-com about a rebellious girl and a mysterious bad boy?
4951,"What movies are similar to a charming high school romance involving sisters, matchmaking, and unlikely couples?"
508943,What are some family-friendly animated movies about friendship and adventure?
508943,Can you recommend a funny fantasy movie set during a memorable summer vacation?
508943,What movies feature young friends hiding a magical secret while exploring a beautiful world?
137,What are some funny romantic fantasy movies about a character stuck reliving the same day?
137,Can you recommend a feel-good comedy about a cynical person who changes through an unusual time-loop experience?
137,"What movies have a small-town setting, a quirky supernatural premise, and a sweet romance?"
533535,What are some action-comedy movies with superheroes and lots of irreverent humor?
533535,Can you recommend a sci-fi superhero movie featuring Deadpool and Wolverine?
533535,"What should I watch if I want a funny, fast-paced movie about unlikely heroes teaming up to save the world?"
435,What are some thrilling science fiction movies about catastrophic climate change and extreme weather?
435,Can you recommend an adventure movie where a father braves dangerous conditions to rescue his son?
435,What movies are similar to a disaster thriller about a new Ice Age engulfing the world?
8355,What are some funny animated family adventure movies featuring dinosaurs?
8355,Can you recommend an entertaining movie for kids about prehistoric animals and friendship?
8355,What are some lighthearted animated adventure films similar to the Ice Age series?
51497,What are some action-packed crime thrillers about an ex-con and a former cop teaming up for one last heist?
51497,"Can you recommend a high-energy movie with car chases, international criminals, and a crew trying to win their freedom?"
51497,What movies are similar to a Fast and Furious film set in Rio de Janeiro involving an elaborate heist?
8392,Can you recommend a family-friendly animated fantasy movie about children discovering magical forest spirits?
8392,"What are some gentle, imaginative movies about sisters, nature, and magical creatures?"
8392,I’m looking for a heartwarming Studio Ghibli-style movie suitable for watching with kids.
187,"What are some dark, stylish crime thrillers with interconnected stories and morally complex characters?"
187,"Can you recommend a gritty neo-noir movie about crooked cops, desperate vigilantes, and revenge?"
187,"What films have a hard-boiled comic-book atmosphere, violent action, and characters seeking redemption?"
158015,What are some horror thrillers about a family trying to survive a home invasion during a night when all crime is legal?
158015,Can you recommend a dystopian sci-fi movie where the government allows a yearly period of lawlessness and a family must defend their home?
158015,What movies are similar to a tense home-invasion thriller set during a government-sanctioned night of violence?
402900,What are some fun crime comedies about a team of women pulling off a daring heist?
402900,Can you recommend an action-packed movie with a stylish ensemble cast and a clever robbery plot?
402900,What movies are similar to Ocean's Eleven but feature an all-female crew?
314365,What are some powerful true-story dramas about investigative journalism and exposing institutional corruption?
314365,Can you recommend a historical drama about journalists uncovering a major scandal involving the Catholic Church?
314365,"What movie should I watch if I enjoyed serious, fact-based films about uncovering a hidden child abuse cover-up?"
91314,What are some action-packed sci-fi adventure movies about giant robots and humanity fighting to save Earth?
91314,"Can you recommend a movie with intense battles, alien technology, and a powerful new threat to the planet?"
91314,What should I watch if I enjoyed earlier Transformers movies and want another explosive robot adventure?
4348,"Can you recommend a period romance about love, family pressures, and marriage among the English upper class?"
4348,What movies are similar to a classic story where a woman navigates societal expectations and an unexpected romance?
4348,"I’m looking for a drama about family inheritance, complicated relationships, and finding a suitable marriage—what should I watch?"
569094,What animated superhero movies with multiverse adventures and stunning visuals would you recommend?
569094,"Can you suggest an action-packed, family-friendly sci-fi movie about Spider-People and alternate universes?"
569094,"What movies are similar to Spider-Man: Into the Spider-Verse, with strong animation, adventure, and an emotional hero’s journey?"
38700,What are some action-crime thrillers about police partners taking down a dangerous drug cartel?
38700,"Can you recommend a movie with midlife crises, buddy-cop humor, and intense Miami action?"
38700,What movies feature an elite police team battling a ruthless crime boss?
594,What are some funny yet heartwarming movies about someone stuck in an airport or other unusual place?
594,Can you recommend a drama-comedy about an immigrant facing unexpected challenges in a foreign country?
594,What movies feature a person making a temporary home in an unfamiliar place and finding meaningful connections?
333371,What are some suspenseful sci-fi thrillers set in an underground bunker?
333371,Can you recommend a movie about a woman trapped with a survivalist during an apparent apocalypse?
333371,"What horror movies have a tense, claustrophobic atmosphere and an ambiguous threat outside?"
290250,What are some funny crime comedies set in 1970s Los Angeles?
290250,Can you recommend an action-comedy about a private detective uncovering a conspiracy?
290250,"What movies have the same mix of buddy-cop humor, mystery, and crime as The Nice Guys?"
466282,Can you recommend a funny romantic movie about secret love letters and high school romance?
466282,What are some lighthearted teen romance movies with a love triangle?
466282,I’m looking for a charming romantic comedy about a girl whose hidden crushes are revealed—what should I watch?
9552,What are some classic horror movies about demonic possession?
9552,"Can you recommend a scary, serious supernatural horror film involving a mother trying to save her daughter?"
9552,What are the best religious horror movies with a dramatic and terrifying story?
1366,Can you recommend an inspiring sports drama about an underdog boxer getting a once-in-a-lifetime shot at the championship?
1366,"What are some emotional, motivational movies about overcoming the odds and going the distance?"
1366,I’d like to watch a classic boxing movie with a determined fighter and a powerful personal journey—what do you suggest?
493922,What are some horror movies about a family uncovering disturbing secrets after the death of a relative?
493922,Can you recommend a psychological horror movie with a mysterious family curse and an inescapable fate?
493922,"What should I watch if I like slow-burn horror films that explore grief, madness, and dark family secrets?"
22538,"What are some action-comedy romance movies with quirky characters and a fast-paced, humorous style?"
22538,Can you recommend a fun movie about a musician who must battle an ex-lover's former partners to win her heart?
22538,"What movies combine romance, rock music, video-game-inspired action, and comedy?"
616037,What are some funny fantasy action movies about superheroes and gods?
616037,"Can you recommend a Marvel movie with cosmic adventure, comedy, and a powerful female hero?"
616037,What should I watch if I enjoyed Thor: Ragnarok and want another humorous superhero adventure?
95,What are some action-packed sci-fi adventure movies about saving Earth from an asteroid?
95,Can you recommend a thrilling space movie with a team of unlikely heroes on a dangerous mission?
95,"What movies are similar to Armageddon, with explosions, space travel, and an emotional story?"
22970,Can you recommend a horror movie about friends staying at a remote cabin where nothing is as it seems?
22970,"What are some funny, mysterious horror movies that turn the typical cabin-in-the-woods story on its head?"
22970,"I’m looking for a horror comedy involving five friends, a secluded cabin, and a sinister hidden agenda—what should I watch?"
268,What are some action-packed crime movies about a masked vigilante fighting a ruthless villain in a corrupt city?
268,Can you recommend a dark superhero movie featuring Batman and the Joker?
268,What fantasy action films involve a wealthy hero hiding his identity while protecting the city and the woman he loves?
170,What are some intense horror thrillers about a virus outbreak and survivors fighting to stay alive?
170,Can you recommend a suspenseful science fiction movie set in a deserted or devastated London?
170,What movies feature fast-moving infected people and a desperate struggle to contain a deadly epidemic?
315837,What are some sci-fi action movies about cyber-enhanced soldiers?
315837,Can you recommend a futuristic movie with a strong female protagonist and a dramatic storyline?
315837,What movies explore the relationship between humanity and advanced cybernetic technology?
10764,What are some action-packed spy thrillers like Casino Royale?
10764,"Can you recommend a James Bond movie with a darker, more personal storyline?"
10764,"What adventure thrillers feature betrayal, international conspiracies, and undercover missions?"
35,Can you recommend an animated comedy about a family causing trouble in their town?
35,What funny family movies involve environmental disasters or a town being trapped under a dome?
35,I’m looking for a lighthearted animated movie featuring Homer Simpson and his family—what should I watch?
2108,What are some coming-of-age movies about high school students from different social groups finding common ground?
2108,Can you recommend a funny but heartfelt teen movie set during a school detention?
2108,"What movies explore teenage stereotypes, friendship, and the pressures of fitting in?"
187017,What are some funny action-comedies about undercover cops?
187017,Can you recommend a movie like 21 Jump Street set in college?
187017,What crime comedies feature a buddy-cop partnership and undercover investigations?
254,What are some adventure movies about explorers encountering a giant creature on a mysterious island?
254,Can you recommend an action-drama movie set in the 1930s with a thrilling expedition and a giant ape?
254,What movies feature a love story between a leading lady and a powerful monster?
137106,What are some funny animated adventure movies for the whole family?
137106,Can you recommend a fantasy comedy about an ordinary character who becomes an unlikely hero?
137106,"What movies are similar to The Lego Movie, with imaginative worlds, humor, and an exciting quest?"
49013,What are some fun animated family adventure movies with racing and comedy?
49013,Can you recommend a kids' movie about a race car going on an international adventure?
49013,"What animated movies feature friendship, humor, and an exciting overseas competition?"
328111,Can you recommend a funny animated family movie about pets getting into adventures when their owner is away?
328111,What are some lighthearted adventure comedies about a dog adjusting to a new pet in the family?
328111,"I’m looking for a fun family movie featuring talking animals, friendship, and plenty of comedy—what should I watch?"
339846,What are some funny action movies about lifeguards who uncover a criminal scheme?
339846,Can you recommend a comedy about a veteran lifeguard clashing with a new recruit while protecting the beach?
339846,"What movies combine beachside adventure, crime, and comedic action?"
278927,What are some family-friendly adventure fantasy movies about a young boy raised in the jungle?
278927,"Can you recommend a movie featuring a boy, a protective panther, and a fun-loving bear on a journey through the wilderness?"
278927,What movies are similar to a classic jungle adventure with talking animals and a coming-of-age story?
198184,What are some action-packed sci-fi movies about robots developing their own personalities?
198184,Can you recommend a gritty crime movie with robots or artificial intelligence at the center of the story?
198184,"What movies are similar to RoboCop or District 9, with futuristic technology, action, and moral questions?"
537915,Can you recommend a romantic drama about a college student who falls for a mysterious bad boy?
537915,What movies feature a young woman questioning her sheltered life after meeting a rebellious love interest?
537915,I’m looking for a steamy coming-of-age romance set in college—what should I watch?
447365,What sci-fi adventure movies feature a team of heroes defending the universe?
447365,Can you recommend an action movie about a group of unlikely heroes on a dangerous mission to save one of their own?
447365,What Marvel movies explore the Guardians of the Galaxy dealing with loss while facing a universe-threatening threat?
4011,What are some funny fantasy movies about ghosts haunting a family home?
4011,Can you recommend a quirky supernatural comedy with a mischievous demon?
4011,"What movies would I enjoy if I like dark humor, eccentric characters, and haunted houses?"
396535,What are some intense zombie thrillers set on a train?
396535,Can you recommend a Korean action-horror movie with nonstop survival tension?
396535,What movies are similar to Train to Busan with fast-paced zombie action and emotional stakes?
335797,What are some fun animated family movies about a singing competition?
335797,Can you recommend a lighthearted musical comedy featuring talking animals?
335797,What movies are similar to a story about a koala putting on a talent show to save his theater?
615457,What action thrillers feature an ordinary suburban dad who unleashes his hidden violent past after a home invasion?
615457,Can you recommend a movie about an overlooked family man who becomes a ruthless fighter when criminals target his home?
615457,What movies are similar to an intense revenge thriller where a seemingly harmless neighbor reveals deadly skills?
949,What are some intense crime dramas about master thieves and determined detectives?
949,Can you recommend an action-packed heist movie set in Los Angeles?
949,What movies feature a gripping cat-and-mouse pursuit between a brilliant criminal and a relentless police detective?
336843,What are some sci-fi action adventure movies about a group breaking into a dangerous city to rescue their friends?
336843,Can you recommend a thrilling dystopian movie with escaped teenagers on a final mission against an oppressive organization?
336843,"What movies feature a deadly maze, high-stakes survival, and a group searching for answers about their past?"
1979,What are some action-packed sci-fi superhero movies with an adventurous storyline?
1979,Can you recommend a fun superhero movie featuring a powerful mysterious alien threat?
1979,What movies are similar to the Fantastic Four films and involve a team battling to save Earth?
10144,What are some colorful animated fantasy movies with memorable songs and a romantic adventure?
10144,Can you recommend a family-friendly movie about a mermaid who falls in love with a human prince?
10144,What animated films feature magical underwater worlds and a memorable villain like Ursula?
50544,What are some funny romantic movies about friends who start a no-strings-attached relationship?
50544,Can you recommend a lighthearted rom-com where two people avoid emotional commitment but eventually develop feelings?
50544,What movies are similar to a romance comedy about friends with benefits and modern dating?
2503,Can you recommend an action thriller about a spy uncovering his dark past while being hunted by a secret government agency?
2503,"What movies are similar to The Bourne Identity, with intense espionage, chase scenes, and mystery?"
2503,I’m looking for a fast-paced thriller involving a journalist exposing a covert operation—what should I watch?
4638,What are some funny action-comedies about a skilled police officer transferred to a quiet village where strange crimes start happening?
4638,"Can you recommend a crime comedy with buddy-cop chemistry, British humor, and an unexpectedly exciting small-town mystery?"
4638,"What movies combine over-the-top action, grisly accidents, and a hilarious investigation in an idyllic village?"
338970,What are some action-adventure movies featuring a strong female protagonist?
338970,Can you recommend a fantasy adventure movie about exploring a mysterious island?
338970,What movies are similar to Lara Croft's search for her missing father?
1372,"What are some intense movies about civil war, conflict diamonds, and survival in Africa?"
1372,Can you recommend an action thriller featuring a smuggler and a desperate mission to rescue a child soldier?
1372,"What movies combine war drama, political intrigue, and the search for a valuable hidden treasure?"
2105,What are some funny teen comedies about high-school friends trying to lose their virginity before graduation?
2105,"Can you recommend a raunchy coming-of-age movie with romance, friendship, and a senior-year challenge?"
2105,What movies are similar to a comedy about four friends making a pact to hook up before prom?
337167,Can you recommend a romantic drama about newlyweds whose luxurious life is threatened by dangerous figures from the past?
337167,"What movies feature an intense love story, married protagonists, and suspenseful threats to their happy ending?"
337167,I’m looking for a steamy romance drama about a wealthy couple trying to build a life together while facing new danger—what should I watch?
27578,What are some action movies about a team of elite mercenaries on a dangerous mission?
27578,Can you recommend a thrilling adventure movie with famous action stars and lots of explosive combat?
27578,What movies feature a group of highly skilled soldiers trying to overthrow a dictator in a small country?
8871,What are some funny family-friendly Christmas movies with a heartwarming message?
8871,Can you recommend a fantasy comedy about a grumpy character whose heart changes because of a child’s kindness?
8871,What movie should I watch with my kids if we want a festive Christmas story set in a whimsical town?
116745,What are some feel-good adventure movies about ordinary people finding courage and going on unexpected journeys?
116745,"Can you recommend a funny, inspiring movie that blends daydreams with a real-life adventure?"
116745,"What movies are similar to The Secret Life of Walter Mitty, with beautiful travel scenery and a heartwarming story?"
340666,"What are some intense psychological thrillers about revenge, regret, and the consequences of past relationships?"
340666,"Can you recommend a dark, emotionally disturbing thriller with a story-within-a-story structure?"
340666,What movies are similar to a tense drama where an ex-husband’s novel forces a woman to confront her past?
256591,What are some movies about con artists who fall in love but end up betraying each other?
256591,Can you recommend a stylish romantic crime comedy with a master thief and a femme fatale?
256591,What movies feature a seasoned grifter training a young apprentice before she returns to disrupt his plans?
1954,What are some psychological sci-fi thrillers about time travel and changing the past?
1954,Can you recommend movies where a character revisits childhood memories and faces unexpected consequences?
1954,"What films explore the butterfly effect through dark, suspenseful twists?"
406997,What are some heartfelt family dramas about a child overcoming challenges at school?
406997,"Can you recommend an inspiring movie about kindness, acceptance, and bullying in elementary school?"
406997,What family-friendly films feature a young protagonist with a facial difference finding friendship and belonging?
561,"What are some dark supernatural action movies about demons, angels, and exorcism?"
561,Can you recommend a horror-fantasy movie set in modern Los Angeles with a gritty detective story?
561,What movies feature a morally conflicted hero investigating a mysterious death in a world hidden from ordinary people?
598,What are some gritty crime dramas set in impoverished neighborhoods?
598,Can you recommend a movie about drug-related violence and rival paths in a Brazilian favela?
598,What films focus on a young photographer documenting crime and social change?
58595,Can you recommend a dark fantasy adventure movie featuring Snow White and an evil queen?
58595,What movies involve a princess escaping a murderous queen with help from a huntsman?
58595,"I'd like a dramatic fantasy film about a captive princess, a quest for immortality, and a dangerous forest—what should I watch?"
345940,What are some action-packed sci-fi horror movies featuring giant sea creatures?
345940,Can you recommend a thrilling movie about a deep-sea expedition encountering a massive prehistoric shark?
345940,"What movies are similar to The Meg, with suspense, monsters, and underwater adventure?"
2502,What are some action thrillers about a former assassin being hunted and forced back into his old life?
2502,"Can you recommend movies like The Bourne Identity with intense espionage, revenge, and chase scenes?"
2502,What suspenseful spy movies feature a man protecting his partner while being pursued by rival agents?
584,What are some action crime thrillers about undercover operations and double-crosses?
584,"Can you recommend a fast-paced movie featuring street racing, former police officers, and a criminal heist?"
584,What movies are similar to a story where two unlikely partners work with an undercover agent to take down a shady crime boss?
693134,What are some epic science fiction adventure movies with a mythic hero’s journey and stunning world-building?
693134,"Can you recommend a movie about revenge, political conspiracies, and uniting with a desert-dwelling people?"
693134,"What should I watch if I enjoyed the first Dune and want a more intense continuation with romance, war, and destiny?"
530385,Can you recommend a disturbing horror movie set during a strange festival in a remote European village?
530385,What are some atmospheric psychological horror films about friends whose vacation turns into a terrifying nightmare?
530385,"I’m looking for a mystery drama with unsettling rituals, folk horror, and a group of friends traveling abroad—what should I watch?"
8363,What are some funny coming-of-age comedies about high school friends trying to throw an unforgettable party?
8363,Can you recommend a raunchy teen comedy about best friends dealing with their final days of high school?
8363,"What movies are similar to Superbad, with awkward teenage adventures, friendship, and lots of laughs?"
57800,What are some funny animated adventure movies for the whole family?
57800,Can you recommend a family movie about animals going on an exciting ocean adventure?
57800,"What movies are similar to Ice Age with comedy, adventure, and memorable animal characters?"
404368,Can you recommend an animated family adventure movie about video game characters exploring the internet?
404368,"What are some funny, action-packed movies that kids and adults can enjoy together?"
404368,"I’m looking for a colorful sci-fi comedy featuring misfit friends, video games, and an online world—what should I watch?"
153,What are some thoughtful romantic dramas about two lonely people finding comfort in each other while traveling abroad?
153,"Can you recommend a witty, bittersweet movie set in Tokyo about feeling lost and disconnected?"
153,What films explore unexpected connections between people from very different stages of life?
44115,What are some gripping survival movies based on true stories?
44115,Can you recommend an intense adventure movie about someone trapped in the wilderness?
44115,"What movies are similar to 127 Hours, with high-stakes survival and emotional drama?"
121856,What are some action-adventure movies with science fiction elements and a historical setting?
121856,Can you recommend a movie about an assassin uncovering an ancient secret organization?
121856,"What movies feature genetic memories, warrior descendants, and a battle against a powerful oppressive order?"
458723,What are some horror mystery movies about a family whose peaceful vacation is disrupted by terrifying strangers?
458723,Can you recommend a suspenseful horror movie involving doppelgängers and a family fighting to survive?
458723,What unsettling horror films should I watch if I enjoyed psychological mysteries set during a beach getaway?
487558,Can you recommend a crime comedy-drama based on a true story about infiltrating the Ku Klux Klan?
487558,"What movies combine racial history, undercover police work, and dark humor?"
487558,I’m looking for a thought-provoking historical film about an African American detective taking on the KKK—what should I watch?
545611,What are some sci-fi action movies about parallel universes and alternate lives?
545611,"Can you recommend an adventurous, mind-bending movie with a heartfelt family story?"
545611,What movies feature an ordinary person discovering they must save the multiverse?
257344,What are some funny sci-fi action movies about video games coming to life?
257344,Can you recommend a movie where gamers team up with the military to save the world?
257344,What movies feature classic arcade characters attacking a city?
339964,What are some visually spectacular sci-fi adventure movies set in vast alien cities or space civilizations?
339964,"Can you recommend an action-packed space opera with futuristic agents, diverse alien species, and an intergalactic mission?"
339964,"What movies are similar to The Fifth Element, with imaginative world-building, humor, and colorful science-fiction action?"
603692,"What are some action thrillers with intense gunfights, martial arts, and a relentless assassin protagonist?"
603692,Can you recommend a crime movie about a legendary hitman taking on a powerful organization and seeking his freedom?
603692,"What movies feature stylish, globe-spanning action, shifting alliances, and high-stakes revenge?"
4232,What are some horror mystery movies about a masked killer terrorizing teenagers?
4232,Can you recommend a scary movie involving a deadly game inspired by horror films?
4232,What crime horror movies feature a teenage girl being targeted by a serial killer after her mother’s murder?
214756,Can you recommend a funny fantasy movie about a talking teddy bear fighting for legal recognition and the right to become a parent?
214756,What comedy movies involve an unconventional couple trying to start a family while facing a courtroom battle?
214756,"I’m looking for a raunchy supernatural comedy with a talking animal, friendship, and an absurd legal storyline—what should I watch?"
1091,Can you recommend a horror sci-fi movie set in Antarctica with a mysterious alien threat?
1091,What are some suspenseful creature-feature movies about a team being hunted by a shape-shifting monster?
1091,I’m looking for a claustrophobic mystery horror film involving scientists and an alien that can imitate people.
300669,What are some intense horror thrillers about a group of teenagers breaking into the wrong house?
300669,Can you recommend a suspenseful home-invasion movie with a dangerous and unexpected twist?
300669,What crime thrillers feature burglars who find themselves trapped with a terrifying homeowner?
10192,What are some funny animated fantasy adventures for the whole family?
10192,Can you recommend a movie about an ogre who goes on a magical quest to save his love?
10192,"What family-friendly films feature alternate worlds, fairy-tale characters, and lots of comedy?"
408,What are some classic family-friendly animated fantasy movies like Snow White and the Seven Dwarfs?
408,Can you recommend an animated fairy-tale movie about a beautiful girl hiding from a wicked queen?
408,"What Disney movies are suitable for families and feature magic, a princess, and memorable supporting characters?"
312221,What are some inspiring boxing dramas about an underdog finding a mentor?
312221,Can you recommend a movie about a young boxer following in his father's footsteps?
312221,What films feature Rocky Balboa training a new fighter?
20526,What are some action-packed sci-fi adventure movies set in a futuristic digital world?
20526,Can you recommend a visually stunning movie about a son searching for his missing father?
20526,What movies feature a hero battling a powerful dictator in a high-tech virtual universe?
11970,What are some fun animated adventure movies about Greek mythology and heroes?
11970,"Can you recommend a family-friendly fantasy movie with comedy, romance, and a young hero discovering his powers?"
11970,"What movies are similar to Disney's Hercules, with gods, mythical creatures, and an entertaining villain?"
395992,What are some sci-fi horror movies about astronauts encountering a dangerous alien life-form?
395992,Can you recommend a suspenseful space thriller involving a mysterious organism discovered on Mars?
395992,What movies are similar to Alien that feature a space crew fighting an intelligent extraterrestrial creature?
49444,What are some funny animated action movies about a hero facing his past?
49444,Can you recommend a family-friendly kung fu movie with adventure and comedy?
49444,What movies feature a determined hero battling a ruthless villain with an epic weapon?
163,What are some stylish crime thrillers about a team of professional thieves pulling off elaborate heists?
163,Can you recommend a movie about a group of con artists forced to reunite when a casino owner demands repayment?
163,"What are some fun ensemble heist movies with clever schemes, high-stakes crime, and a star-studded cast?"
341174,Can you recommend a dramatic romance about a complicated couple trying to rebuild trust after a breakup?
341174,"What movies are similar to Fifty Shades of Grey, with intense romance, emotional conflict, and a mysterious past?"
341174,I’m looking for a passionate romantic drama with suspense and a couple facing threats from someone’s troubled past.
4247,What are some funny horror movie parodies with a group of teenagers being stalked by a masked killer?
4247,Can you recommend a comedy that spoofs famous slasher and horror movies?
4247,"What movie should I watch if I want a raunchy, over-the-top parody of teen horror films?"
9693,What are some dystopian sci-fi thrillers about a future where humanity can no longer have children?
9693,"Can you recommend an action movie about protecting a pregnant woman in a dangerous, chaotic world?"
9693,What thought-provoking films explore the survival of humanity and the hope offered by a miraculous child?
331,What are some adventure sci-fi thrillers about people struggling to survive on a dinosaur-filled island?
331,"Can you recommend a Jurassic Park movie with intense action, dangerous dinosaurs, and a survival adventure?"
331,What movies feature a stranded group being hunted by deadly creatures in a thrilling science fiction setting?
7191,What are some intense sci-fi thriller movies about a monster attacking a city?
7191,Can you recommend a found-footage action movie about friends trying to survive a disaster?
7191,What movies capture the chaos of a giant creature destroying New York?
773,What are some funny and heartwarming family road trip movies?
773,Can you recommend a quirky comedy-drama about a dysfunctional family traveling together?
773,What movies feature an unconventional family supporting a child in a competition?
96721,What are some gripping movies about rival race car drivers?
96721,Can you recommend a dramatic sports movie based on a true story?
96721,What action movies feature intense competition and high-stakes racing?
13804,What are some action-packed crime thrillers featuring fast cars and intense rivalries?
13804,Can you recommend a movie about an ex-con and an undercover agent who must team up against a common enemy?
13804,"What movies combine street racing, revenge, and high-stakes action?"
65,What are some inspiring music dramas about an aspiring rapper overcoming hardships?
65,Can you recommend a movie set in Detroit about finding your voice through hip-hop?
65,What films should I watch about battling adversity and pursuing a career in music?
619264,Can you recommend a thought-provoking sci-fi thriller about social inequality and survival?
619264,"What movies are similar to The Platform, with a dark dystopian setting and class struggle?"
619264,"I’m looking for an intense, symbolic movie about people trapped in a vertical facility competing for scarce food—what should I watch?"
32657,Can you recommend an adventure fantasy movie about a teenager who discovers he is a demigod?
32657,"What family-friendly movies involve Greek mythology, magical powers, and a quest to save the world?"
32657,"I'm looking for a fun movie like Percy Jackson with gods, monsters, and an exciting supernatural adventure."
384018,What are some action-comedy movies with unlikely partners who have to team up to stop a dangerous villain?
384018,"Can you recommend an adventurous, over-the-top action movie with lots of humor and high-stakes fights?"
384018,"What movies are similar to Fast & Furious with explosive action, witty banter, and charismatic rivals forced to work together?"
587,Can you recommend a fantasy drama about a son trying to uncover the truth behind his father's incredible life stories?
587,"What adventure movies combine magical storytelling, family relationships, and emotional themes?"
587,I’m looking for a heartfelt film about a larger-than-life father and his complicated relationship with his son.
766507,What are some thrilling action sci-fi movies featuring a strong female warrior?
766507,Can you recommend a suspenseful movie about a human being hunted by an advanced alien predator?
766507,What action movies are set in an Indigenous culture and involve a battle against a dangerous extraterrestrial creature?
168672,What are some crime dramas about con artists caught between the FBI and the Mafia?
168672,"Can you recommend a movie with a seductive con woman, a wild FBI agent, and corrupt power brokers?"
168672,"What movies are similar to a gritty crime story involving elaborate scams, political corruption, and organized crime?"
1824,What are some funny romantic movies about falling in love with someone who has short-term memory loss?
1824,Can you recommend a lighthearted romance where the couple has to reconnect every day?
1824,What movies are similar to a charming comedy about a man repeatedly wooing the same woman?
59436,"What are some romantic fantasy comedies set in Paris with a nostalgic, time-traveling story?"
59436,Can you recommend a charming movie about a writer who mysteriously travels back to the 1920s?
59436,What films should I watch if I enjoy whimsical romances involving historical figures and life in Paris?
363676,Can you recommend a drama about a real-life aviation hero who saves passengers during an emergency landing?
363676,What movies are based on true stories of miraculous survival and the investigations that follow?
363676,I’m looking for a historical drama about a pilot who safely lands a disabled plane and faces scrutiny afterward.
1734,"Can you recommend an adventure movie with ancient Egyptian mythology, supernatural villains, and lots of action?"
1734,What fantasy action movies feature a family caught up in a dangerous quest involving resurrected enemies and legendary powers?
1734,"I'm looking for an exciting early-2000s adventure film with mummies, magical artifacts, and a child at the center of the story."
385128,What action movies feature street racers facing off against a dangerous family member?
385128,Can you recommend an adrenaline-filled crime adventure with high-speed car chases and an emotional family conflict?
385128,What movies in the Fast & Furious style involve an elite driver or assassin threatening Dominic Toretto's crew?
223702,What are some funny animated adventure movies with a fantasy twist?
223702,Can you recommend an adult animated comedy about food or supermarket products coming to life?
223702,What movies feature a group of characters uncovering the truth about their existence in a humorous way?
310131,What are some atmospheric horror movies about a family facing supernatural forces in the wilderness?
310131,Can you recommend a slow-burn folk horror film set in the 1600s with themes of paranoia and religious faith?
310131,"What horror movies feature a remote family, a mysterious forest, and escalating tension between family members?"
14574,What are some emotional World War II dramas told from a child’s perspective?
14574,Can you recommend movies about an unlikely friendship during the Holocaust?
14574,What historical war films explore the impact of Nazi Germany on families and children?
44826,Can you recommend an adventurous family movie set in 1930s Paris with a young orphan as the main character?
44826,"What movies are similar to a heartwarming mystery about a boy, a broken automaton, and a hidden secret?"
44826,"I’m looking for a visually magical drama suitable for families, with trains, clocks, and an emotional story about finding purpose—what do you recommend?"
621,What are some fun romantic comedies set in high school?
621,Can you recommend a movie about teenagers rekindling a summer romance?
621,What movies feature a good girl and a rebellious greaser falling in love?
75780,What are some action thrillers about an ex-military investigator uncovering the truth behind a shooting?
75780,Can you recommend crime dramas with a mysterious lone hero and a sniper-related plot?
75780,"What movies are similar to Jack Reacher, with suspense, investigation, and intense action?"
9615,What are some action movies about underground street racing and drifting in Tokyo?
9615,Can you recommend a crime thriller about a teenager getting involved in illegal car races?
9615,"What movies feature intense car chases, street racing, and a young outsider starting over in a new city?"
44912,Can you recommend an action-packed sci-fi adventure about superheroes defending Earth from an intergalactic threat?
44912,What movies feature an ordinary human recruited by a powerful space-faring organization to protect the universe?
44912,"I’m looking for a superhero movie with cosmic battles, alien warriors, and a hero who gains powers from a mysterious ring."
282035,What are some action-adventure horror movies about an ancient evil awakening in the modern world?
282035,Can you recommend a fantasy thriller set in the desert involving an undead queen or mummy?
282035,"What movies combine supernatural horror, mythology, and fast-paced adventure?"
956,What are some action-packed spy thrillers with a high-stakes mission and a ruthless villain?
956,Can you recommend an adventure thriller about a secret agent protecting the woman he loves from a dangerous arms dealer?
956,"What movies are similar to films featuring Ethan Hunt, the Impossible Mission Force, and intense international espionage?"
7326,What are some funny and heartfelt movies about teenage pregnancy and unexpected life choices?
7326,Can you recommend a coming-of-age comedy-drama with romance and a strong-willed teenage protagonist?
7326,"What movies explore unplanned pregnancy, adoption, and the emotional challenges of growing up?"
324852,Can you recommend a funny animated family movie with action and adventure?
324852,What movie features Gru and Lucy battling a former child star who wants to take over the world?
324852,"I’m looking for an entertaining movie for kids and adults with comedy, animation, and a villain from the 1980s."
718930,What are some action-comedy thrillers with fast-paced fights and dark humor?
718930,Can you recommend a movie about assassins whose missions collide in an unexpected way?
718930,"What movies have a stylish, chaotic plot set largely on a train?"
65754,What are some dark mystery thrillers about a journalist investigating a decades-old disappearance?
65754,"Can you recommend crime movies with a brilliant, unconventional hacker helping solve a complex case?"
65754,"What suspenseful films explore corruption, family secrets, and a missing person investigation?"
8909,What are some action thrillers about an ordinary office worker who discovers he has a hidden connection to a secret society of assassins?
8909,"Can you recommend movies with stylish gunfights, intense training sequences, and a protagonist who transforms from a loser into a skilled killer?"
8909,"What crime movies feature secret assassin organizations, mysterious fate-driven missions, and fast-paced action?"
955,What are some action-packed spy thrillers with high-stakes missions and international intrigue?
955,"Can you recommend an adventurous movie featuring a skilled secret agent, a dangerous biological weapon, and intense action?"
955,What movies are similar to a fast-paced thriller about an IMF agent racing to stop a global catastrophe?
62213,What are some funny fantasy movies about a vampire waking up in the modern world?
62213,Can you recommend a quirky vampire comedy set in the 1970s?
62213,What movies feature a supernatural character returning to find their old family estate in ruins?
18240,What are some funny romantic comedies about a fake marriage that turns into real love?
18240,Can you recommend a movie about an ambitious boss and her assistant who unexpectedly fall for each other?
18240,What are some lighthearted romance movies involving immigration trouble and a marriage of convenience?
9339,What are some funny fantasy movies about a workaholic who learns to appreciate his family?
9339,Can you recommend a comedy-drama about a magical device that changes someone's life?
9339,"What movies explore the consequences of prioritizing career success over family, but in a humorous way?"
616,What are some action dramas about samurai and honor?
616,Can you recommend a war movie about a soldier who becomes immersed in another culture?
616,What movies explore the conflict between traditional ways of life and modernization?
142,Can you recommend a poignant LGBTQ+ romance set in a rural landscape?
142,What movies explore a long-lasting but complicated love affair between two men?
142,I'm looking for a heartbreaking drama about forbidden love and the challenges of marriage and family—what should I watch?
427641,What are some action-adventure sci-fi movies featuring giant mutated animals?
427641,Can you recommend a movie about a primatologist trying to save a genetically altered gorilla?
427641,What movies have massive creatures destroying cities and battling each other?
49519,Can you recommend a funny animated adventure movie for the whole family?
49519,What are some family-friendly movies about prehistoric characters going on an exciting journey?
49519,I’m looking for an animated comedy with a close-knit family facing danger and discovering a new world.
376867,"What are some emotionally powerful dramas about identity, sexuality, and coming of age?"
376867,"Can you recommend a tender, heartbreaking movie about a young man struggling to find himself?"
376867,What films explore the beauty and pain of falling in love while grappling with one's sexuality?
398978,What are some crime dramas about organized crime and a complicated friendship between a hitman and a powerful union leader?
398978,Can you recommend a historical gangster movie set in the United States that spans several decades?
398978,What movies are similar to a slow-burn mob drama featuring a war veteran who becomes involved with the Mafia?
83542,Can you recommend a thought-provoking sci-fi drama with interconnected stories spanning different time periods?
83542,What movies explore how one person's actions ripple across generations and connect multiple lives?
83542,"I’m looking for an epic film blending science fiction, mystery, romance, and stories set from the past to a post-apocalyptic future."
505642,What action-adventure science fiction movies feature a powerful African kingdom defending itself from foreign powers?
505642,Can you recommend a superhero movie about a nation mourning its king and fighting to protect its future?
505642,"What Marvel movies feature Shuri, Wakanda, and a struggle to find a new leader after T’Challa’s death?"
109424,What are some intense action-thrillers based on true stories about piracy or maritime hijackings?
109424,Can you recommend a gripping survival drama set at sea with high-stakes tension?
109424,What movies are similar to Captain Phillips and feature realistic hostage situations?
38055,What are some funny animated superhero movies with a villain who ends up saving the city?
38055,Can you recommend a family-friendly sci-fi comedy about an intelligent supervillain who creates a new hero?
38055,What movies are similar to a humorous superhero film where the villain becomes the unlikely hero?
7345,What are some intense dramas about ruthless ambition and the pursuit of wealth?
7345,Can you recommend a slow-burning movie about an oil prospector whose business dealings lead to a conflict with a preacher?
7345,What critically acclaimed period dramas feature morally complex characters and a gripping power struggle?
322,What are some intense mystery dramas about childhood friends dealing with a tragic family event?
322,Can you recommend a dark thriller about old friends whose lives are torn apart by a devastating murder?
322,"What movies explore guilt, grief, and long-buried secrets among three childhood friends?"
295693,Can you recommend a funny animated family movie about a young boy adjusting to the arrival of a new baby?
295693,What are some imaginative comedy movies for kids and families featuring sibling rivalry and a baby?
295693,I’m looking for a lighthearted animated movie about family changes told from a child’s perspective.
1487,What are some fantasy action movies about a supernatural hero who fights evil alongside a secret government agency?
1487,Can you recommend a movie featuring a demon or monster who chooses to protect humanity instead of destroying it?
1487,"What action fantasy films have a dark comic-book atmosphere, paranormal investigations, and Nazi occult experiments?"
10527,What are some funny animated adventure movies about zoo animals going on a wild journey?
10527,Can you recommend a family-friendly animated movie where animals escape and discover Africa?
10527,"What movies are similar to Madagascar, with comedy, adventure, and a group of animal friends?"
520763,What are some sci-fi horror thrillers about a family trying to survive terrifying creatures that hunt by sound?
520763,Can you recommend a suspenseful monster movie that continues a family’s struggle for survival in a dangerous post-apocalyptic world?
520763,What movies are similar to a tense horror thriller where leaving home exposes survivors to even greater threats?
454983,Can you recommend a fun teen romantic comedy about a forbidden romance?
454983,What movies are similar to a high school love story involving a complicated friendship?
454983,I’m looking for a lighthearted romance about a teenager’s first kiss and falling for the wrong guy—what should I watch?
492188,What are some emotionally intense dramas about a couple going through a difficult divorce?
492188,Can you recommend a realistic movie about the breakdown of a marriage and its impact on both partners?
492188,"What films explore the painful complexities of relationships, separation, and co-parenting?"
10201,Can you recommend a funny romantic movie about a man who starts saying yes to everything?
10201,What are some feel-good comedies about turning your life around and finding love?
10201,I’m looking for a lighthearted romance where the main character joins a self-improvement program and changes his life—any suggestions?
150689,Can you recommend a family-friendly fantasy romance about a young woman who overcomes her cruel stepmother after losing her father?
150689,"What movies feature a hopeful heroine, a dashing stranger, and a fairy-tale romance?"
150689,I’m looking for a dramatic yet uplifting Cinderella-style movie suitable for the whole family.
508,What are some romantic comedy movies with multiple interconnected love stories?
508,Can you recommend a funny and heartwarming Christmas movie set in London?
508,What movies explore different kinds of relationships through several intertwining stories?
302946,Can you recommend a crime thriller about a math genius who uncovers financial corruption?
302946,What movies feature an accountant or financial expert involved in dangerous criminal activities?
302946,"I’m looking for a tense drama with government agents, money laundering, and plenty of action—what should I watch?"
2668,What are some gothic mystery horror movies with supernatural elements and a creepy small-town setting?
2668,Can you recommend a dark fantasy thriller about a detective investigating mysterious murders linked to a legend?
2668,"What movies are similar to Sleepy Hollow, with eerie atmosphere, period settings, and headless or ghostly villains?"
37735,Can you recommend a funny high school comedy about a student whose reputation spirals out of control?
37735,"What movies are similar to Easy A, with witty humor, teenage gossip, and a strong female lead?"
37735,"I’m looking for a lighthearted teen movie about social status, rumors, and navigating high school—what should I watch?"
2649,What are some psychological thrillers about a wealthy man whose life is turned upside down by a mysterious game?
2649,Can you recommend a suspenseful mystery movie where the protagonist can't tell what's real and what's part of an elaborate conspiracy?
2649,"What films are similar to a dark, twisty thriller involving a dangerous game with constantly changing rules?"
447404,What are some action-adventure fantasy movies featuring Pokémon or other collectible creatures?
447404,Can you recommend a family-friendly movie about a young person solving a mystery with a talking creature?
447404,"What movies combine monster battles, detective mysteries, and a fantastical world?"
49018,What are some good horror movies about a family being haunted by dark spirits?
49018,Can you recommend a scary supernatural thriller where a child falls into an unexplained coma?
49018,What horror movies involve a haunted house and a family's past coming back to haunt them?
158852,What are some family-friendly science fiction adventure movies about a teenager discovering a mysterious world?
158852,"Can you recommend an optimistic, imaginative movie about a young inventor and a hidden futuristic place?"
158852,"What movies combine mystery, time-traveling adventure, and themes of hope and scientific curiosity?"
37135,What animated adventure movies feature an orphan raised by animals who discovers his human origins?
37135,Can you recommend a family-friendly animated movie about Tarzan choosing between his ape family and his human roots?
37135,"What movies are similar to Tarzan, with jungle adventures, family themes, and a human raised in the wild?"
13448,Can you recommend a thrilling mystery movie involving secret societies and a Vatican conspiracy?
13448,What movies are similar to a suspenseful investigation into the Illuminati and a papal conclave?
13448,"I’m looking for a fast-paced mystery thriller with kidnappings, religious intrigue, and a brilliant investigator—what should I watch?"
257211,Can you recommend a feel-good comedy about a retiree starting a new chapter in life?
257211,What movies are similar to a workplace comedy about an older intern mentoring and bonding with a young business owner?
257211,"I’m looking for a lighthearted movie about friendship, career changes, and an intergenerational relationship—what should I watch?"
11688,What are some funny animated adventure movies for the whole family?
11688,Can you recommend a fantasy comedy about a spoiled ruler who learns humility?
11688,What movies are similar to an entertaining jungle adventure with talking animals and lots of humor?
527774,What are some animated fantasy adventure movies with dragons and a strong female hero?
527774,Can you recommend a family-friendly action movie about restoring peace in a divided world?
527774,"What movies are similar to an epic animated adventure featuring magic, dragons, and ancient kingdoms?"
18360,What are some fun family adventure movies with fantasy elements and historical figures coming to life?
18360,Can you recommend a lighthearted action-comedy set in a museum with magical or supernatural events?
18360,What movies are similar to a family-friendly adventure about a night watchman protecting living museum exhibits?
195589,What are some funny movies about a couple dealing with noisy neighbors after having a baby?
195589,Can you recommend a comedy about new parents living next to a rowdy fraternity house?
195589,What movies feature a family facing unexpected problems because of troublesome neighbors?
68735,Can you recommend an action-packed fantasy movie about orcs invading a human kingdom through a magical portal?
68735,What movies are similar to a story where two opposing heroes from different worlds must decide the fate of their peoples?
68735,"I’m looking for an adventure fantasy film featuring epic battles, warring civilizations, and a conflict between humans and orcs."
296,What are some action-packed sci-fi thrillers featuring killer robots and time-traveling heroes?
296,Can you recommend a sequel about a futuristic assassin hunting down the adult target of a past machine uprising?
296,"What movies are similar to The Terminator, with a returning cyborg protector and a fight to prevent Judgment Day?"
296098,What are some gripping Cold War spy thrillers based on true events?
296098,Can you recommend a historical drama about a lawyer negotiating a prisoner exchange?
296098,What movies feature tense international negotiations and espionage during the Cold War?
3131,What are some historical crime dramas about immigrant communities and gang rivalries in 19th-century New York?
3131,Can you recommend a gritty revenge movie set during a turbulent period in American history?
3131,What films feature an Irish protagonist infiltrating a powerful gang to avenge his father?
6957,What are some funny romantic comedies about an awkward man trying to lose his virginity?
6957,Can you recommend a raunchy comedy about a middle-aged guy whose friends help him find love and have sex for the first time?
6957,What movies are similar to a lighthearted comedy about a 40-year-old virgin navigating dating and relationships?
11321,Can you recommend a moving drama about a man seeking redemption by changing the lives of several strangers?
11321,What movies feature a character with a painful secret who sets out to help seven people in extraordinary ways?
11321,"I’m looking for an emotional, thought-provoking drama about sacrifice, guilt, and redemption—what should I watch?"
419704,What are some thoughtful science fiction dramas about astronauts confronting mysterious threats in space?
419704,"Can you recommend a visually stunning, slow-burn space movie with emotional and philosophical themes?"
419704,What movies are similar to Interstellar and focus on a mission to uncover the truth about a lost space expedition?
1933,What are some atmospheric horror mystery movies about a family living in a haunted old house?
1933,"Can you recommend a suspenseful supernatural thriller with a dark, creepy atmosphere and unexpected twists?"
1933,What movies are similar to a psychological horror film about a mother protecting her light-sensitive children from strange paranormal events?
100,What are some funny British crime movies with clever heists and chaotic schemes?
100,Can you recommend a fast-paced gangster comedy about friends getting into trouble after a card game goes wrong?
100,"What movies have the same witty dialogue, ensemble cast, and dark humor as a crime caper?"
98566,Can you recommend a funny action-adventure movie about heroes protecting New York City?
98566,What science fiction movies feature a group of unlikely heroes fighting a powerful crime boss?
98566,"I’m looking for an entertaining, family-friendly adventure with mutant characters and martial arts—what should I watch?"
28178,Can you recommend a heartfelt family drama about the bond between a dog and its owner?
28178,What are some emotional movies about a loyal dog and the lasting friendship it shares with a family?
28178,"I’m looking for a touching, family-friendly movie featuring an adopted dog and a deeply devoted companion."
76163,What are some action movies about a mercenary team seeking revenge after one of their own is killed?
76163,"Can you recommend an action-packed thriller with an ensemble cast, explosive missions, and a revenge-driven plot?"
76163,"What movies are similar to The Expendables, with military-style action, adventure, and unexpected enemies?"
46195,What are some fun animated adventure movies about animals and friendship?
46195,Can you recommend a family-friendly comedy set in Rio de Janeiro?
46195,What movies feature a domesticated animal going on an exciting adventure and learning about itself?
567,Can you recommend a suspenseful mystery movie about someone spying on their neighbors?
567,What are some classic thrillers involving a murder investigation from an apartment window?
567,I’m looking for a tense psychological drama with a wheelchair-bound protagonist who suspects a neighbor of murder—what should I watch?
9543,What are some fantasy adventure movies featuring a rogue prince and an ancient magical artifact?
9543,"Can you recommend an action movie with time-traveling magic, a princess, and an epic quest?"
9543,What movies are similar to a swashbuckling adventure set in ancient Persia with dark forces and romance?
439079,What are some horror movies about a priest and a novice investigating a demonic force in a Romanian convent?
439079,Can you recommend a scary supernatural movie involving a haunted nun and a dark religious mystery?
439079,"What horror films are similar to The Conjuring, featuring the Vatican, demonic possession, and a remote abbey?"
370172,What are some action-packed spy thrillers with globe-trotting adventures and a dangerous high-tech villain?
370172,Can you recommend a movie about a retired secret agent who is pulled back into a dangerous mission?
370172,"What should I watch if I enjoyed thrilling James Bond-style adventures with espionage, kidnapping, and explosive action?"
81188,What are some family-friendly animated fantasy movies with action and adventure?
81188,Can you recommend a movie about magical guardians protecting children from an evil force?
81188,"What animated films would you suggest for a fun, imaginative adventure that the whole family can enjoy?"
11224,What are some family-friendly animated fantasy movies about a young woman whose dreams come true with magical help?
11224,"Can you recommend a romantic fairy-tale movie featuring a royal ball, magical transformation, and a happily-ever-after ending?"
11224,What animated movies are similar to Cinderella and suitable for watching with children?
39514,What are some action-comedy movies about retired spies getting back together for one last mission?
39514,Can you recommend a funny thriller about a former CIA agent and his old team fighting a conspiracy?
39514,What movies feature an ensemble of aging secret agents taking on hit men and breaking into CIA headquarters?
44896,Can you recommend an animated family movie with a funny Western setting and an adventurous story?
44896,"What movies are similar to Rango, featuring a quirky hero, comedy, and a Wild West adventure?"
44896,I’m looking for a fun animated movie about an unlikely hero who becomes a sheriff and solves a mystery—what do you recommend?
166428,What are some family-friendly animated adventure movies about dragons?
166428,Can you recommend an animated movie about a boy and his dragon facing danger and making difficult choices?
166428,What movie should I watch if I enjoyed the first two How to Train Your Dragon films?
82675,What are some action thrillers about a retired CIA operative protecting his family from criminals?
82675,"Can you recommend crime movies involving kidnappings, hostage situations, and revenge?"
82675,"What movies are similar to Taken, especially with intense international action and family rescue missions?"
380,What are some emotional dramas about estranged brothers reconnecting after their father's death?
380,Can you recommend a movie about a man discovering that his brother is an autistic savant and taking him on a road trip?
380,"What films explore family conflict, inheritance, and an unexpected bond between two brothers?"
206487,Can you recommend a mind-bending science fiction thriller involving time travel and preventing a major crime?
206487,What movies are similar to a time-travel mystery about a temporal agent chasing a criminal across different points in history?
206487,I’m looking for a tense sci-fi thriller with intricate time-travel twists and a mission to stop a devastating attack.
76757,Can you recommend a sci-fi action movie about a poor young woman who discovers she has a powerful destiny?
76757,What fantasy science fiction films feature intergalactic dynasties fighting over a human woman’s genetic identity?
76757,"I’m looking for an action-packed space adventure with romance, royal intrigue, and a protagonist from Earth—what should I watch?"
188927,What are some action-packed sci-fi adventure movies about a starship crew exploring unknown space?
188927,Can you recommend a space adventure movie where a crew faces a mysterious enemy far from home?
188927,"What movies are similar to Star Trek films, with futuristic exploration, alien threats, and a strong team dynamic?"
364,"What are some dark, action-packed superhero movies featuring Batman and Catwoman?"
364,"Can you recommend a fantasy action movie with a villainous plot, gothic atmosphere, and complex antiheroes?"
364,What movies feature a superhero facing off against a monstrous villain while an ordinary woman transforms into a powerful costumed character?
381283,What are some psychological horror movies about a couple whose peaceful home is disrupted by unexpected guests?
381283,"Can you recommend an intense, unsettling drama about a relationship tested by strangers invading the couple's home?"
381283,What horror films explore domestic tension and chaos caused by uninvited guests?
60304,What fantasy horror movies feature siblings who hunt witches and seek revenge?
60304,Can you recommend an action-packed dark fairy-tale movie with Hansel and Gretel-style characters?
60304,"What horror films combine supernatural villains, intense violence, and a revenge-driven story?"
507086,What are some thrilling science-fiction adventure movies about dinosaurs living alongside humans?
507086,"Can you recommend a movie with worldwide dinosaur chaos, intense action, and a suspenseful story?"
507086,What should I watch if I enjoyed the Jurassic Park films and want a larger-scale dinosaur adventure?
320288,Can you recommend a science fiction superhero movie where the X-Men battle a powerful alien force?
320288,What action-adventure movies feature a hero struggling to control newly acquired cosmic powers?
320288,I want a movie about a team of mutants fighting to save one of their own from becoming dangerously powerful.
37686,What are some thrilling sci-fi mystery movies about kids who uncover something terrifying in their small town?
37686,"Can you recommend a suspenseful movie set in the late 1970s involving a train crash, strange disappearances, and an alien creature?"
37686,"What movies are similar to Stranger Things, featuring a group of friends investigating supernatural events in their town?"
11544,What are some funny animated family movies about friendship and finding family?
11544,Can you recommend a heartwarming sci-fi cartoon with a mischievous alien and a young child?
11544,"What movies feature themes of loyalty, adoption, and the importance of family?"
293863,Can you recommend a romantic fantasy movie about a woman who never ages?
293863,What are some emotional dramas about a woman hiding a secret after a life-changing accident?
293863,I’m looking for a romance where an extraordinary woman meets someone who changes her life.
345,"Can you recommend a psychological thriller about jealousy, sexual fantasies, and marital tension?"
345,"What are some mysterious, erotic dramas involving secret societies and hidden desires?"
345,I’m looking for a slow-burn movie about a married man whose search for sexual adventure leads him into danger.
1018,What are some mysterious psychological thrillers set in Hollywood with dreamlike storytelling?
1018,Can you recommend a suspenseful drama about an aspiring actress who becomes involved with a woman suffering from amnesia?
1018,"What movies have an enigmatic, twisty plot involving identity, filmmaking, and dark secrets?"
117263,What action thrillers feature a terrorist attack on the White House and a lone hero trying to rescue the president?
117263,Can you recommend movies about a former Secret Service agent fighting to retake a government building from terrorists?
117263,"What intense political action movies are similar to Die Hard, with a kidnapped president and a high-stakes rescue mission?"
534,What are some action sci-fi movies about humans fighting militaristic robots in a post-apocalyptic future?
534,Can you recommend a thriller set in 2018 where a resistance leader battles machines and questions whether a mysterious man is friend or foe?
534,"What movies are similar to a futuristic war story featuring John Connor, human resistance fighters, and advanced robots?"
436270,What are some action-adventure superhero movies with ancient Egyptian mythology and powerful antiheroes?
436270,Can you recommend a science fiction movie about a powerful hero awakening after thousands of years and seeking justice?
436270,"What movies are similar to Black Adam, with epic battles, superpowers, and a morally complex protagonist?"
337401,Can you recommend an action-adventure movie about a young woman who disguises herself as a man to join the army?
337401,What fantasy movies feature a courageous heroine defying tradition to protect her family and country?
337401,"I’m looking for an exciting historical adventure with martial arts, war, and an inspiring female lead."
676,What are some war dramas about Pearl Harbor and the events of World War II?
676,"Can you recommend a historical romance set during wartime involving friendship, love, and fighter pilots?"
676,What movies feature an emotional love triangle against the backdrop of a major military attack?
11631,"What are some fun, feel-good romantic comedies set on a beautiful Greek island?"
11631,Can you recommend a musical comedy about a bride searching for her biological father before her wedding?
11631,"What movies feature family secrets, old romances, and a lively destination wedding?"
328387,What are some movies about teenagers getting involved in a dangerous online game?
328387,"Can you recommend a suspenseful mystery movie with dares, adrenaline, and a sinister twist?"
328387,"What movies are similar to Nerve, featuring a young protagonist, crime, and risky challenges?"
7446,What are some action comedies about actors who get caught up in a real-life war situation?
7446,Can you recommend a funny war movie set in the jungle with a group of arrogant actors?
7446,"What movies combine Hollywood satire, over-the-top action, and a disastrous film shoot?"
927,What are some funny horror movies with mischievous creatures and a Christmas setting?
927,Can you recommend a fantasy comedy about a young person accidentally unleashing dangerous monsters in a small town?
927,What movies blend horror and humor with adorable pets that turn into chaotic creatures?
262504,What are some action-packed sci-fi movies about rebels discovering the truth beyond a walled society?
262504,Can you recommend a dystopian adventure movie where the protagonists venture outside a controlled city and uncover a mysterious organization?
262504,"What movies are similar to Divergent, featuring young heroes, genetic experimentation, and a dangerous journey beyond the fence?"
9737,Can you recommend an action-comedy about two mismatched Miami cops investigating a drug theft?
9737,What movies are similar to a crime thriller featuring police partners who have to pretend to be each other?
9737,"I’m looking for a funny, action-packed buddy-cop movie with undercover work and a stolen drug shipment."
1576,Can you recommend a horror action movie about a virus outbreak that turns people into zombies?
1576,What science fiction movies feature an elite military team fighting mutated creatures in a secret facility?
1576,"I’m looking for a movie with zombies, deadly lab experiments, and a government containment mission."
53182,What are some action-packed war movies about ancient Greek battles and Persian invasions?
53182,Can you recommend a dramatic historical movie featuring naval warfare and a powerful female commander?
53182,"What movies are similar to 300, with epic battles, heroic generals, and stylized action?"
270303,What are some horror movies about a supernatural entity that follows someone after a sexual encounter?
270303,Can you recommend a creepy mystery horror movie with an unknown force relentlessly pursuing the main character?
270303,"What should I watch if I want a slow-burn supernatural horror film with an unsettling, inescapable threat?"
184,What are some crime thrillers about a woman caught smuggling money who devises a clever plan to outsmart the cops and her boss?
184,"Can you recommend movies like Jackie Brown with sharp dialogue, double-crosses, and an antihero protagonist?"
184,What films feature a flight attendant involved in a dangerous cash-smuggling scheme with criminals and law enforcement?
334543,What are some emotional dramas about a child who gets lost and later searches for his birth family?
334543,"Can you recommend a moving movie about adoption, identity, and finding one's way home?"
334543,What films are similar to a true story about an Indian boy adopted abroad who returns to find his family?
782,What are some thought-provoking sci-fi dramas about genetic discrimination and social inequality?
782,Can you recommend a movie about someone overcoming a society obsessed with genetic perfection?
782,What films feature an underdog who assumes a false identity to pursue their dream of traveling into space?
335787,What are some action-adventure movies about treasure hunts and lost family members?
335787,"Can you recommend a fun, fast-paced movie with mystery, adventure, and a wisecracking duo?"
335787,What movies feature a young hero searching for a legendary treasure while uncovering clues about a missing brother?
298,What are some crime thrillers about a team of con artists seeking revenge against a ruthless casino owner?
298,Can you recommend a movie featuring Danny Ocean and his crew planning an elaborate casino heist?
298,What movies involve criminals teaming up with an enemy to take down a double-crossing casino tycoon?
1368,What are some action thrillers about a highly trained veteran being pursued by local law enforcement?
1368,Can you recommend a gritty survival movie where one man fights back against an entire police force in the wilderness?
1368,What intense dramas feature a former soldier pushed into a one-man war after being mistreated by authorities?
661374,What are some funny murder mystery movies with an ensemble cast and clever twists?
661374,Can you recommend a stylish crime comedy set among wealthy friends on a lavish getaway?
661374,What movies are similar to Knives Out and feature Benoit Blanc solving a mystery?
254320,What are some darkly funny dystopian romances with an unusual premise?
254320,Can you recommend a surreal comedy-drama about people being pressured to find a romantic partner?
254320,"What movies combine romance, absurd humor, and a bleak near-future world?"
2059,What are some action-adventure mystery movies about treasure hunters searching for hidden historical riches?
2059,Can you recommend a movie where secret clues in American history lead to a legendary treasure?
2059,What movies are similar to an adventurous treasure hunt involving the Declaration of Independence and the Founding Fathers?
5255,What are some family-friendly animated adventure movies with a magical journey?
5255,Can you recommend a movie about a child traveling to the North Pole and discovering the meaning of belief?
5255,What fantasy movies are suitable for kids and have a heartwarming Christmas theme?
242,What crime dramas about an aging mafia boss trying to legitimize his business and seek redemption would you recommend?
242,Can you recommend a thriller set between New York and Italy about a powerful underworld figure mentoring a young protégé?
242,What movies continue the story of a crime family leader struggling with his past while navigating business and family conflicts?
114150,What are some funny college movies about a cappella singing and friendship?
114150,Can you recommend a lighthearted music comedy with a little romance and a strong female ensemble?
114150,What movies are similar to a college-set story about an outsider finding her place in a singing group?
203801,What are some fun action-adventure movies with witty humor and an international spy storyline?
203801,Can you recommend a stylish Cold War espionage movie featuring unlikely partners from rival countries?
203801,What movies are similar to a lighthearted spy thriller involving CIA and KGB agents teaming up against a nuclear threat?
1637,What are some action thrillers about a bomb on a bus or vehicle that must keep moving to survive?
1637,Can you recommend a high-tension action movie involving a hostage situation and a ticking clock?
1637,"What movies feature relentless suspense, a dangerous criminal, and characters racing through Los Angeles?"
57214,What are some hilarious movies about high school parties that get completely out of control?
57214,Can you recommend a raunchy teen comedy where a small party spirals into chaos?
57214,What movies feature friends trying to become popular by throwing an unforgettable party?
109414,What are some funny action movies about celebrities trying to survive the apocalypse?
109414,Can you recommend a raunchy comedy with an ensemble cast and an end-of-the-world storyline?
109414,What movies are similar to a hilarious apocalyptic party featuring Seth Rogen and James Franco?
82700,"What are some sci-fi adventure movies about a father and son surviving on a dangerous, unfamiliar planet?"
82700,Can you recommend an action-packed movie set on a future Earth after humanity has left it?
82700,What movies feature a young protagonist navigating a hostile environment to rescue or reunite with a parent?
22881,Can you recommend an inspiring sports drama about an underprivileged young athlete overcoming adversity?
22881,What movies are similar to a true story about a homeless teenager who becomes a successful football player with help from a caring family?
22881,"I’m looking for an emotional, feel-good movie about mentorship, family, and achieving success in sports."
331482,What are some heartfelt period dramas about sisters growing up together?
331482,Can you recommend a coming-of-age movie set in America after the Civil War?
331482,What romantic dramas focus on the relationships and ambitions of four sisters?
460465,What are some action fantasy movies with intense martial arts battles and supernatural warriors?
460465,Can you recommend a high-stakes adventure movie about fighters training to defend Earth from another realm?
460465,"What movies based on video games feature epic tournaments, powerful villains, and lots of action?"
1813,Can you recommend a dark supernatural thriller about a young lawyer who takes a job at a mysterious New York law firm?
1813,What horror dramas feature an ambitious attorney whose career success comes with an evil hidden cost?
1813,"Are there any movies blending courtroom drama, mystery, and demonic forces?"
334533,What are some heartfelt dramedies about an unconventional father raising his children off the grid?
334533,Can you recommend movies about families leaving an isolated lifestyle and confronting the outside world?
334533,"What films explore alternative parenting, homeschooling, and the meaning of being a good parent?"
51540,What are some funny crime comedies about friends plotting against their awful bosses?
51540,Can you recommend a dark comedy about coworkers who plan to get rid of their unbearable employers?
51540,"What movies combine workplace frustration, outrageous schemes, and criminal humor?"
68728,What fantasy adventure movies feature a con artist or unlikely hero who is transported to a magical world?
68728,"Can you recommend a family-friendly fantasy movie set in a magical land with wizards, adventure, and good versus evil?"
68728,What movies are similar to The Wizard of Oz and follow an ordinary person who becomes a legendary hero?
2454,"Can you recommend a family-friendly fantasy adventure with a young prince, magic, and an epic quest?"
2454,"What movies are similar to The Lion, the Witch and the Wardrobe, featuring children returning to a magical world to fight evil?"
2454,"I’m looking for an exciting fantasy movie with talking animals, brave heroes, and a medieval battle—what should I watch?"
43074,What are some funny action-fantasy movies about a team fighting ghosts or other supernatural threats?
43074,Can you recommend a supernatural comedy about unlikely heroes saving a city from a paranormal invasion?
43074,"What movies combine paranormal adventure, science, and humor with a diverse group of protagonists?"
241259,What fantasy adventure movies feature a brave heroine returning to a magical world to save a friend?
241259,Can you recommend a family-friendly fantasy movie with a whimsical adventure and the Mad Hatter?
241259,"What movies are similar to Alice in Wonderland and involve time travel, magic, and saving someone in danger?"
47964,"What are some action thrillers about a tough cop traveling abroad to help his estranged son, only to get caught up in an international conspiracy?"
47964,Can you recommend a fast-paced action movie featuring a father and son battling criminals and trying to stop a dangerous weapons heist?
47964,"What movies are similar to Die Hard, with explosive action, a sarcastic hero, and a high-stakes race against time?"
1022789,What are some funny and heartwarming animated movies about a teenager dealing with big emotions?
1022789,Can you recommend a family-friendly animated adventure with humor and relatable coming-of-age themes?
1022789,What movies explore anxiety and other emotions in a creative way that both kids and adults can enjoy?
8467,What are some hilarious buddy comedies about two incredibly stupid friends going on an adventure?
8467,Can you recommend a silly comedy where two friends travel to return a lost suitcase and get caught up in chaos?
8467,"What movies are similar to a goofy road-trip comedy featuring clueless characters, romance, and lots of ridiculous situations?"
36647,What are some action-horror movies about a half-vampire hero fighting vampires?
36647,"Can you recommend a dark, fast-paced superhero movie with vampires and supernatural action?"
36647,What movies feature a vampire hunter protecting humans from an underground vampire army?
335988,What action-adventure science fiction movies involve humans and Transformers fighting a war?
335988,Can you recommend a movie about uncovering the hidden history of extraterrestrial robots on Earth?
335988,What films feature an unlikely team trying to save the world after a powerful hero disappears?
373571,What are some action-packed science fiction movies featuring giant monsters battling for supremacy?
373571,"Can you recommend a movie with Godzilla, Mothra, Rodan, and other massive creatures?"
373571,What should I watch if I enjoy epic monster battles and a threat to humanity?
509,What are some romantic comedies about an ordinary person falling in love with a famous celebrity?
509,Can you recommend a charming British romance with witty humor and an unlikely couple?
509,What movies are similar to a love story between a bookstore owner and a famous actress?
9532,What horror movies are about a teenager who foresees a deadly accident and tries to save his friends?
9532,Can you recommend a scary movie where Death hunts down survivors one by one after they escape a disaster?
9532,What movies are similar to a supernatural slasher involving a group of friends who avoid a plane crash but are still doomed?
38365,What are some funny movies about old friends reuniting for a holiday weekend?
38365,Can you recommend a lighthearted comedy about former teammates getting back together after their coach dies?
38365,What movies are similar to a nostalgic comedy about childhood friends spending the Fourth of July together?
10555,What are some funny animated family movies about sea creatures and unlikely friendships?
10555,Can you recommend an action-comedy movie where a small character becomes an unexpected hero?
10555,What animated films feature a shark with a surprising secret and plenty of humor?
20504,Can you recommend an action thriller set in a post-apocalyptic world where a lone traveler protects something vital to humanity?
20504,"What movies are similar to a gritty, dystopian journey across a devastated America with mystery, survival, and intense combat?"
20504,I'm looking for a sci-fi action movie about a solitary hero guarding a powerful book or secret from dangerous enemies—what would you suggest?
238636,What are some horror thrillers about a night when all crimes are legal?
238636,Can you recommend a suspenseful movie where a grieving man protects innocent strangers during a lawless night?
238636,What movies are similar to The Purge that feature vigilante revenge and survival during a government-sanctioned killing spree?
565,What are some scary mystery movies about a cursed videotape or an urban legend?
565,Can you recommend a horror movie where a journalist investigates a series of strange deaths?
565,What suspenseful supernatural films involve a protagonist racing against time to save herself and her child?
18823,"What are some action-packed fantasy movies about gods, demons, and heroic quests?"
18823,Can you recommend an adventure movie where a mortal hero battles mythical creatures to save the world?
18823,"What movies are similar to Clash of the Titans, with Greek mythology and epic battles?"
80278,"What are some intense, emotional movies about families surviving natural disasters?"
80278,Can you recommend a movie based on the 2004 Indian Ocean tsunami in Thailand?
80278,What thrilling dramas feature a family separated by a catastrophic event and fighting to reunite?
7131,What are some action-packed horror adventure movies about a monster hunter battling Dracula?
7131,"Can you recommend a gothic supernatural adventure with vampires, Frankenstein's monster, and intense action?"
7131,What movies are similar to a dark fantasy story set in Transylvania involving legendary monsters and a heroic vampire slayer?
1572,"What are some action thrillers with a wisecracking detective, high-stakes citywide danger, and nonstop excitement?"
1572,Can you recommend a fast-paced action movie where an unlikely pair must stop a villain's deadly game?
1572,"What movies are similar to Die Hard that feature explosive action, a tense thriller plot, and a hero trying to save innocent lives?"
644,What are some emotional science fiction dramas about a robotic child searching for love and belonging?
644,"Can you recommend an adventurous, thought-provoking movie about artificial intelligence and the meaning of humanity?"
644,What movies explore the relationship between humans and robots through a heartfelt family story?
390043,What are some action-comedy movies about a bodyguard protecting a hitman?
390043,Can you recommend a funny thriller featuring an unlikely partnership between a bodyguard and a criminal?
390043,"What movies combine crime, comedy, and high-stakes action with a hitman who has to reach court safely?"
9325,Can you recommend a family-friendly animated adventure about a boy growing up in the jungle?
9325,"What are some fun animated movies featuring talking animals, friendship, and catchy songs?"
9325,I’m looking for an adventurous children’s movie with a lovable bear and a young hero—what do you suggest?
12230,Can you recommend an animated family adventure about Dalmatian puppies being rescued from a villainous fashion designer?
12230,"What are some funny, family-friendly movies featuring adorable animals and an exciting rescue mission?"
12230,I’m looking for a classic animated comedy about parents trying to save their kidnapped puppies—what should I watch?
207932,What are some mystery thrillers about a professor with amnesia trying to stop a global catastrophe?
207932,Can you recommend an action-packed movie involving a doctor and a race against time to foil a deadly conspiracy?
207932,What movies are similar to a fast-paced thriller where the main character wakes up in a hospital with no memory?
497582,What are some adventure mystery movies about a clever teenager solving a family-related disappearance?
497582,Can you recommend a crime adventure film with a young female detective and a runaway aristocrat?
497582,What movies feature a resourceful heroine outsmarting Sherlock Holmes while investigating a mystery?
424783,What are some action-adventure sci-fi movies about a teenager who befriends a mysterious alien robot?
424783,Can you recommend a fun sci-fi movie set in the 1980s with a heartfelt coming-of-age story?
424783,What movies feature a battle-damaged robot hiding on Earth and forming a bond with a young person?
522627,What are some action-comedy crime movies about stylish British gangsters and elaborate schemes?
522627,"Can you recommend a witty, fast-paced gangster movie set in London?"
522627,"What movies are similar to a darkly funny crime caper involving rival criminals, blackmail, and a marijuana empire?"
2034,What are some gritty crime dramas about a rookie cop's first day working with a corrupt or morally ambiguous detective?
2034,Can you recommend an intense action movie about police corruption and undercover narcotics work?
2034,"What movies are similar to Training Day, with suspenseful street-level crime and a dangerous mentor figure?"
341013,What are some stylish action thrillers set during the Cold War?
341013,Can you recommend a movie about an undercover spy investigating a murder in Berlin?
341013,What films feature a tough female secret agent on a dangerous mission?
788,What are some funny family movies about a divorced parent trying to spend more time with their children?
788,Can you recommend a heartwarming comedy-drama about a dad who disguises himself as a nanny to stay close to his kids?
788,"What movies combine family humor, parenting struggles, and an emotional story about a father making up for his mistakes?"
545609,What are some action thrillers about a hardened mercenary rescuing a kidnapped child in a dangerous foreign city?
545609,"Can you recommend a gritty, fast-paced movie involving a gun-for-hire, a drug lord's son, and a high-risk rescue mission?"
545609,What movies are similar to an intense survival thriller set during a dangerous kidnapping rescue in Bangladesh?
277,What are some dark fantasy action movies about vampires and werewolves at war?
277,Can you recommend a thrilling supernatural movie with a strong female vampire warrior?
277,What movies feature a forbidden romance between a vampire and a werewolf?
140300,What animated action-adventure movies are about a hero assembling a team to save China?
140300,"Can you recommend a funny, family-friendly martial arts movie featuring pandas?"
140300,"What movies are similar to Kung Fu Panda 3, with comedy, adventure, and an evil spirit threatening the world?"
86834,Can you recommend a dramatic adventure movie about a man preparing his family for an apocalyptic flood?
86834,What movies feature a protagonist who has visions of a coming deluge and tries to save his family?
86834,"I’m looking for an epic, faith-based adventure about surviving a world-ending flood—what should I watch?"
59859,What are some action movies about ordinary people becoming masked superheroes?
59859,Can you recommend a superhero crime movie with dark humor and intense action?
59859,What movies feature a team of amateur heroes being hunted by a dangerous villain?
508439,What are some funny and heartfelt animated fantasy movies about sibling adventures?
508439,Can you recommend a family-friendly animated movie where teenagers go on a magical quest?
508439,What movies have a suburban fantasy setting and focus on brothers discovering magic?
80321,Can you recommend a funny animated adventure about animals traveling through Europe?
80321,What family-friendly movies feature zoo animals joining a circus?
80321,I’m looking for an entertaining animated comedy with a group of animal friends and lots of adventure—what should I watch?
38575,What are some family-friendly action movies about a kid who moves to a new country and learns martial arts from a mentor?
38575,Can you recommend an inspiring coming-of-age movie where a bullied child gains confidence through karate training?
38575,"What movies combine adventure, drama, friendship, and martial arts for a young protagonist?"
12477,Can you recommend a deeply emotional animated movie set during World War II?
12477,What are some powerful war dramas about siblings struggling to survive?
12477,I’m looking for a heartbreaking Japanese animated film with a serious story—what should I watch?
440021,What are some funny horror movies about a college student stuck reliving the day she is murdered?
440021,Can you recommend a mystery horror movie with a time-loop plot and a killer to identify?
440021,"What movies combine comedy, suspense, and repeated attempts to solve the protagonist's murder?"
524,What are some crime dramas set in Las Vegas about the Mafia and casino empires?
524,Can you recommend a movie about two best friends whose rivalry grows while running a gambling empire?
524,What films feature a glamorous socialite caught between a casino executive and a mob enforcer?
423108,What horror movies involve paranormal investigators battling demonic possession?
423108,Can you recommend a suspenseful supernatural thriller based on a true crime case?
423108,What movies feature a murder trial where the defendant claims demonic possession?
235,What are some coming-of-age movies about a group of boys going on an adventure together?
235,Can you recommend a heartfelt drama about childhood friendship and facing difficult experiences?
235,What movies are similar to a story where kids search for a missing or dead boy and learn more about each other?
39538,What are some intense thrillers about a deadly global pandemic?
39538,Can you recommend a realistic science fiction movie about a virus outbreak?
39538,What movies explore how society and medical experts respond to a rapidly spreading epidemic?
250546,What are some horror movies about a haunted doll and supernatural occurrences?
250546,Can you recommend a scary movie involving a satanic cult and a possessed antique doll?
250546,What horror film features a couple terrorized by a vintage doll after a home invasion?
1995,What are some action-adventure movies featuring a fearless female archaeologist on a quest for an ancient artifact?
1995,"Can you recommend a fantasy adventure movie involving tomb raiding, rival adventurers, and a race against time?"
1995,"What movies are similar to Lara Croft: Tomb Raider, with ancient mysteries, dangerous expeditions, and supernatural elements?"
88,What are some romantic drama movies set during a memorable summer vacation?
88,"Can you recommend a movie with music, dancing, and a young woman falling in love?"
88,What films are similar to Dirty Dancing?
624860,What are some sci-fi action movies about a hero returning to a simulated reality?
624860,Can you recommend an adventurous sequel where the main character is haunted by strange memories?
624860,"What movies are similar to The Matrix, featuring virtual worlds, action, and a protagonist questioning reality?"
13053,What are some fun animated adventure movies for the whole family?
13053,Can you recommend a funny movie about a brave dog going on an adventure?
13053,What family movies feature an animal protagonist who gets separated from their owner and tries to find their way home?
49017,What are some action-packed fantasy horror movies about a heroic warrior who becomes a vampire to protect his family?
49017,"Can you recommend movies like Dracula Untold that combine historical battles, dark magic, and supernatural creatures?"
49017,What vampire movies feature an epic origin story and a protagonist who gains dark powers to defeat an invading army?
755,What are some horror-action crime movies about criminals seeking refuge in a dangerous Mexican bar?
755,Can you recommend a movie where fugitive brothers kidnap a family and encounter something terrifying at a seedy bar?
755,"What films combine crime, family hostages, Mexican nightlife, and unexpected supernatural horror?"
258489,What are some action-adventure fantasy movies about a hero returning to the jungle?
258489,"Can you recommend a movie featuring Tarzan, jungle exploration, and an investigation into a mining operation?"
258489,"What movies combine Victorian-era London, wild jungle adventures, and an iconic hero?"
861,What are some action-packed science fiction movies about questioning reality?
861,Can you recommend movies involving virtual memories or manufactured identities?
861,What adventure movies feature an ordinary person uncovering a hidden conspiracy on Mars or another planet?
1250,What are some action-fantasy movies about a character who makes a deal with the devil and becomes a supernatural hero?
1250,Can you recommend a thrilling superhero movie with fiery supernatural powers and a tragic romance?
1250,"What movies feature a stunt performer who transforms into a dark, demonic vigilante to save someone he loves?"
420809,What are some family-friendly fantasy adventure movies about magical kingdoms and complicated family relationships?
420809,"Can you recommend a visually spectacular fantasy movie with fairies, royal intrigue, and an emotional mother-daughter-like bond?"
420809,"What movies would you suggest for a family movie night featuring adventure, magic, unexpected allies, and dark forces?"
200727,What are some romantic comedy-dramas about best friends who may be meant for each other?
200727,Can you recommend a heartfelt movie about two childhood friends whose lives take them in different directions?
200727,"What should I watch if I enjoyed stories about missed opportunities, lifelong friendship, and finding your way back to love?"
76493,Can you recommend a funny political satire about a ruthless dictator who tries to prevent democracy?
76493,What comedies feature an authoritarian leader whose absurd actions are meant to protect his grip on power?
76493,I’m looking for a dark comedy about a dictator who travels abroad and gets involved in an unexpected struggle over democracy—any suggestions?
47933,What are some action-packed sci-fi movies about humanity defending Earth from an alien invasion?
47933,Can you recommend an adventurous alien invasion movie with advanced technology and global-scale destruction?
47933,What movies are similar to Independence Day that feature courageous pilots and a massive battle to save the world?
22794,Can you recommend a funny animated family movie about an inventor who creates a machine that makes food fall from the sky?
22794,What are some family-friendly comedies where a town faces a hilarious disaster caused by giant amounts of food?
22794,"I’m looking for an imaginative animated movie with quirky characters, food-related chaos, and an adventurous story—what do you suggest?"
512195,What are some action-comedy movies about an international heist and rival criminals?
512195,Can you recommend a funny crime thriller with an FBI profiler and high-stakes global chases?
512195,"What movies feature two competing criminals teaming up for an adventurous, globe-trotting heist?"
1579,What are some intense historical action dramas set in ancient civilizations?
1579,Can you recommend a survival movie about a man trying to escape a violent invading force and return to his family?
1579,What movies depict the Mayan civilization with thrilling action and emotional drama?
181886,What are some psychological thriller movies about a person discovering their exact double?
181886,"Can you recommend a mysterious, suspenseful film involving a college professor and a look-alike?"
181886,What movies explore identity and obsession when someone encounters a man who looks exactly like them?
87502,What are some gripping dramas about pilots struggling with addiction and facing the consequences of a plane crash?
87502,Can you recommend movies about a troubled pilot who makes a miraculous emergency landing and must confront an investigation?
87502,"What emotional, suspenseful films explore alcoholism, redemption, and the aftermath of a disastrous flight?"
628,"What are some gothic vampire movies about love, betrayal, and loneliness?"
628,"Can you recommend a dark, atmospheric horror drama with a vampire narrating their life story?"
628,What fantasy films explore the emotional and philosophical struggles of immortal vampires?
406990,What are some sci-fi thrillers about siblings hiding from an oppressive government in an overpopulated future?
406990,Can you recommend an action mystery movie involving identical siblings and a conspiracy about one of them disappearing?
406990,What movies are similar to a dystopian thriller where families are restricted to one child and a group fights to survive?
333484,What are some action-packed Westerns about a group of gunslingers defending a town from a ruthless industrialist?
333484,Can you recommend an adventurous Western with a diverse team of mercenaries facing off against dangerous villains?
333484,"What movies are similar to The Magnificent Seven, with explosive shootouts, heroic outlaws, and a classic Old West setting?"
762,What are some funny fantasy adventure movies with knights and medieval quests?
762,Can you recommend a classic British comedy about King Arthur and the Holy Grail?
762,"What movies have absurd humor, legendary quests, and a group of bumbling heroes?"
242224,What are some psychological horror movies about a grieving parent and a terrifying supernatural presence?
242224,"Can you recommend a creepy, emotionally intense horror movie involving a mother and her child?"
242224,"What horror films are similar to The Babadook, with paranoia, family trauma, and an eerie monster?"
1573,What are some action thrillers set in an airport during Christmas?
1573,Can you recommend movies about an off-duty police officer battling terrorists to save an airport?
1573,"What movies are similar to Die Hard, with high-stakes action, hostage situations, and a lone hero?"
260514,What are some family-friendly animated movies about an underdog making a comeback in racing?
260514,Can you recommend an emotional sports movie featuring a veteran athlete facing a new generation of competitors?
260514,"What animated movies are similar to Cars, with racing, mentorship, and heartfelt family themes?"
2300,What are some fun family-friendly animated comedies involving sports and aliens?
2300,Can you recommend a lighthearted movie where a famous athlete teams up with cartoon characters?
2300,What movies are similar to a silly basketball adventure with fantasy and science fiction elements?
334541,"What are some emotionally powerful dramas about grief, family, and coming to terms with the past?"
334541,"Can you recommend a serious, character-driven movie about a man returning to his hometown after a family tragedy?"
334541,What films would I like if I enjoy slow-paced dramas about complicated family relationships and personal loss?
1597,What are some funny romantic comedies about meeting your partner's intimidating family for the first time?
1597,Can you recommend a comedy where a nervous boyfriend tries desperately to impress his girlfriend's strict father?
1597,I want a lighthearted movie about a family visit that turns into a hilarious series of disasters—what should I watch?
166424,What are some action-adventure sci-fi movies about a group of young people who gain superpowers after traveling to another universe?
166424,Can you recommend a superhero movie where a team of outsiders must learn to control their new abilities and stop a former friend turned enemy?
166424,What science fiction movies feature a dangerous experiment or teleportation event that transforms the characters and threatens Earth?
3049,Can you recommend a funny mystery movie with a quirky detective?
3049,What comedies feature an eccentric investigator solving an unusual crime?
3049,I’m looking for a lighthearted crime movie involving animals and an over-the-top protagonist—what should I watch?
238713,What are some action-comedy movies about an ordinary person going undercover on a dangerous mission?
238713,"Can you recommend a funny spy movie involving the CIA, arms dealers, and a global threat?"
238713,What movies feature a desk-bound intelligence analyst who becomes an unlikely secret agent?
8077,What are some sci-fi horror movies about surviving an alien creature in a remote prison or facility?
8077,"Can you recommend an action-horror movie with a female protagonist fighting aliens in a bleak, isolated setting?"
8077,"What movies are similar to Alien, with intense extraterrestrial threats and a dark survival atmosphere?"
855,What are some intense war movies about U.S. soldiers trapped in a dangerous urban battle?
855,Can you recommend action-packed military movies based on real events?
855,What movies feature elite soldiers facing overwhelming odds during a rescue or combat mission?
82654,Can you recommend a funny zombie movie with a romantic storyline?
82654,What horror-romance movies feature an unusual relationship between a zombie and a human?
82654,I'm looking for a lighthearted zombie film about love that could change the world—what should I watch?
388,Can you recommend a gripping crime thriller about a bank heist and hostages?
388,"What are some smart, suspenseful movies involving a detective negotiating with bank robbers?"
388,I’m looking for a tense drama about a masked gang taking over a bank—what should I watch?
1571,What are some action thrillers about cyberterrorism and hackers?
1571,Can you recommend a high-octane movie where a veteran cop teams up with a young computer expert?
1571,What movies feature a hero trying to stop terrorists from taking control of America's infrastructure?
302699,What are some funny action movies about an ordinary person getting caught up in international espionage?
302699,Can you recommend a comedy about two old high school friends who reunite and end up on an unexpected adventure?
302699,"What movies combine buddy comedy, spy missions, and a mild-mannered protagonist being pulled into danger?"
385687,What action thrillers feature a family facing a dangerous enemy seeking revenge?
385687,"Can you recommend a high-octane crime movie with impossible missions, fast cars, and a team fighting to protect their loved ones?"
385687,What movies have an intense revenge plot centered around an experienced street-racing family?
13885,What are some dark and gothic horror musicals about revenge?
13885,Can you recommend a dramatic horror movie with a sinister barber or unsettling London setting?
13885,What movies are similar to Sweeney Todd: The Demon Barber of Fleet Street?
401981,What are some dark spy thrillers featuring a strong female protagonist?
401981,Can you recommend a suspenseful movie about an elite intelligence agent trained to use seduction and psychological manipulation?
401981,What movies are similar to a story about a prima ballerina who becomes a dangerous secret operative?
426,What are some psychological mystery thrillers about obsession and romance?
426,Can you recommend a suspenseful movie set in San Francisco involving a detective and a mysterious woman?
426,"What classic films combine romance, acrophobia, and a dangerous investigation?"
2675,What are some suspenseful sci-fi horror movies about mysterious crop circles and possible alien activity?
2675,"Can you recommend a scary, atmospheric movie about a family facing strange events on their farm?"
2675,What thriller movies explore an impending extraterrestrial threat through unexplained signs and supernatural occurrences?
83666,Can you recommend a quirky romantic comedy-drama about two young lovers who run away together?
83666,"What movies have a whimsical 1960s setting, eccentric characters, and a heartfelt coming-of-age story?"
83666,"I’m looking for a charming, offbeat film about a secret romance and a runaway adventure—what should I watch?"
593643,What are some dark comedies about an exclusive dining experience that goes horribly wrong?
593643,Can you recommend a horror movie with a mysterious chef and a group of wealthy guests trapped at a remote restaurant?
593643,"What movies combine sharp social satire, fine dining, and shocking twists?"
445571,Can you recommend a funny mystery movie about friends whose game night turns into a real crime investigation?
445571,"What are some crime comedies involving a kidnapping, a murder mystery party, and unexpected twists?"
445571,I’m looking for a fast-paced comedy thriller about a group of friends trying to solve a disappearance—what should I watch?
17431,What are some thought-provoking science fiction dramas about isolation in space?
17431,Can you recommend a movie like Moon featuring a lone astronaut and a mysterious incident?
17431,"What cerebral sci-fi films explore identity, loneliness, and the psychological effects of extended space missions?"
39513,Can you recommend a funny sci-fi adventure movie about an alien who escapes Area 51 with the help of two humans?
39513,What movies are similar to a comedy road trip featuring a wisecracking extraterrestrial and government agents chasing him?
39513,"I’m looking for a lighthearted science-fiction movie with aliens, adventure, and plenty of humor—what should I watch?"
570670,What are some psychological thriller movies about an abusive ex who may have faked his death?
570670,Can you recommend a horror movie where an invisible or unseen person stalks the protagonist?
570670,What science fiction thrillers feature a woman trying to prove she is being hunted by someone no one else can see?
1538,What are some gripping crime thrillers about an ordinary person forced to drive an assassin around Los Angeles?
1538,Can you recommend a tense movie with a cab driver caught up in a dangerous night of crime?
1538,"What movies combine drama, suspense, and a hitman-for-hire storyline?"
338967,What are some funny horror movies about a group of survivors fighting zombies?
338967,"Can you recommend a zombie movie with dark comedy, action, and a makeshift family dynamic?"
338967,What movies are similar to Zombieland with evolved zombies and sarcastic characters?
1927,What are some action-packed science fiction movies about characters who transform into powerful monsters?
1927,Can you recommend an adventure movie featuring a scientist who gains extraordinary abilities after a laboratory accident?
1927,"What movies combine superhero-style action, tragic backstories, and explosive transformations?"
687163,Can you recommend a science fiction adventure movie about a scientist stranded in space who must save Earth from extinction?
687163,"What movies are similar to The Martian, with problem-solving, space exploration, and a high-stakes mission to save humanity?"
687163,I’m looking for an exciting space movie involving a mysterious threat to the Sun and an unlikely hero trying to save the world.
12092,What are some whimsical animated fantasy adventures for the whole family?
12092,Can you recommend a family-friendly movie about a curious child discovering a magical world?
12092,What movies are similar to Alice in Wonderland with imaginative characters and surreal adventures?
80274,What are some sci-fi action-adventure movies about young geniuses training to defend Earth in a future space war?
80274,Can you recommend a movie based on a classic novel where gifted children undergo military training to fight an alien invasion?
80274,"What movies feature futuristic space battles, teenage heroes, and an intense training program to save humanity?"
1184918,What are some family-friendly animated adventure movies about a robot learning to survive in nature?
1184918,Can you recommend an emotional sci-fi movie about an unlikely bond between a machine and an animal?
1184918,"What movies are similar to The Wild Robot, with themes of friendship, survival, and caring for an orphaned child?"
8247,Can you recommend an action-adventure sci-fi movie about someone who can teleport anywhere in the world?
8247,What movies feature a person with extraordinary powers being hunted by a dangerous secret group?
8247,I’m looking for a fast-paced science fiction film about teleportation and a supernatural war—what should I watch?
10895,Can you recommend an animated family fantasy movie about a wooden puppet who wants to become a real boy?
10895,"What are some classic family films with magic, adventure, and a heartfelt coming-of-age story?"
10895,"I’m looking for a wholesome animated movie about bravery, honesty, and learning to be selfless—what should I watch?"
449176,What are some heartfelt teen romantic comedies about a closeted teenager coming to terms with his sexuality?
449176,"Can you recommend a coming-of-age romance with LGBTQ+ themes, humor, and an anonymous online love story?"
449176,What movies are similar to a funny and emotional high school love story about coming out?
1624,What are some hilarious comedies about a character who is forced to stop lying?
1624,Can you recommend a lighthearted fantasy comedy with Jim Carrey and a ridiculous supernatural premise?
1624,What movies would you suggest about a fast-talking lawyer who gets caught in an impossible situation?
9340,Can you recommend a family-friendly adventure movie about kids searching for buried pirate treasure?
9340,"What are some funny, exciting movies like The Goonies with a group of friends going on a dangerous treasure hunt?"
9340,I’m looking for an adventure comedy where kids try to save their homes while being chased by criminals—what should I watch?
8488,What are some romantic comedies about a dating coach who helps a shy man win over a glamorous woman?
8488,Can you recommend a funny romance movie where the relationship expert struggles with his own love life?
8488,"What movies feature complicated romantic relationships, matchmaking, and a charming love story with comedic moments?"
228967,What are some action comedies about journalists who get caught up in an international assassination plot?
228967,Can you recommend a funny political satire involving a dangerous mission to North Korea?
228967,What movies are similar to a comedy about a celebrity talk-show host recruited by the CIA for a secret mission?
31011,What are some thought-provoking sci-fi dramas about a man reflecting on his life and the choices he made?
31011,Can you recommend a romantic science fiction movie involving alternate life paths and the consequences of decisions?
31011,What movies feature an ordinary person living through different possible futures with emotional and philosophical themes?
324668,What action thrillers feature a former CIA operative uncovering secrets about his past?
324668,Can you recommend a Bourne-style movie with intense spy action and adventure?
324668,What movies are about a highly trained ex-agent who comes out of hiding to discover the truth?
181533,What are some fun family adventure movies with magical museum exhibits coming to life?
181533,Can you recommend a lighthearted fantasy comedy where the characters travel around the world to save an ancient magical artifact?
181533,What movie should I watch if I enjoyed the previous Night at the Museum films and want another family-friendly adventure?
10386,What are some family-friendly animated sci-fi movies about a young boy who befriends a mysterious robot?
10386,"Can you recommend an emotional animated movie set during the Cold War that explores friendship, fear, and humanity?"
10386,What movies would you suggest for a child who enjoys heartfelt stories about unlikely friendships and giant robots?
1584,Can you recommend a funny family movie about a musician who becomes a teacher and starts a student rock band?
1584,What movies are similar to a comedy about an unconventional teacher inspiring kids through rock music?
1584,"I’m looking for an uplifting music comedy with children, rebellious humor, and a Battle of the Bands storyline."
948,What are some classic slasher movies with a masked killer and a suspenseful atmosphere?
948,Can you recommend a horror movie set during Halloween night where a murderer returns to terrorize a small town?
948,What movies are similar to a tense 1970s-style thriller about an escaped mental patient stalking teenagers?
12162,What are some intense war thrillers set during the Iraq War?
12162,Can you recommend a gripping movie about a bomb disposal squad in combat?
12162,What dramatic military films feature a rebellious soldier whose methods put him at odds with his teammates?
856,What are some funny fantasy crime movies with animated characters and a mystery plot?
856,Can you recommend a movie that blends live action and animation with a comedic detective story?
856,What movies feature a lovable cartoon character accused of murder and a private investigator trying to clear his name?
389015,What are some movies about competitive figure skating and athletes overcoming difficult personal challenges?
389015,Can you recommend a darkly funny biographical sports drama based on a real-life scandal?
389015,"What movies are similar to I, Tonya, with a complicated female protagonist and a mix of drama and comedy?"
117,What are some gripping crime thrillers about Prohibition-era gangsters and law enforcement?
117,Can you recommend a historical crime movie featuring Al Capone and a determined group of agents?
117,What films are similar to a tense story about taking down a powerful mafia boss?
451048,What are some fun fantasy adventure movies with comedy and an exciting journey through the jungle?
451048,Can you recommend a lighthearted adventure movie about explorers searching for a magical cure?
451048,What movies are similar to an action-packed treasure hunt with a witty guide and a fantastical setting?
4553,Can you recommend a psychological thriller about an insomniac struggling to tell what’s real?
4553,What movies feature an unreliable protagonist haunted by strange occurrences and a mysterious man?
4553,"I’m looking for a dark, suspenseful drama about guilt, paranoia, and insomnia—what should I watch?"
935,What are some dark political comedies about war and nuclear tensions?
935,Can you recommend a satirical war movie with absurd military characters and a tense Cold War setting?
935,"What films are similar to Dr. Strangelove, combining black comedy with a high-stakes political crisis?"
933260,What are some body-horror movies about aging celebrities who use a dangerous treatment to become young again?
933260,Can you recommend a disturbing sci-fi thriller about a woman creating a younger version of herself?
933260,"What horror movies explore the pressures of beauty, fame, and the fear of getting older?"
57201,What action-adventure Western movies feature a masked hero teaming up with a Native American companion to fight outlaws?
57201,"Can you recommend a Western movie with Texas Rangers, frontier justice, and an epic revenge story?"
57201,"What movies combine wild-west action, train chases, colorful heroes, and a classic battle against a ruthless gang?"
260346,What action thrillers feature an ex-government operative who is framed for a murder and hunted by the police?
260346,Can you recommend a tense revenge movie about a skilled man tracking down the real killer after being falsely accused?
260346,What movies are similar to an action-packed thriller where the protagonist uses special skills to clear his name and protect his family?
10198,Can you recommend an animated family movie about a waitress who dreams of opening her own restaurant and encounters a frog prince?
10198,What fantasy romance movies feature a princess or aspiring heroine who must break a frog prince's curse?
10198,"I'm looking for a wholesome animated movie with romance, magic, and a character pursuing her dream—what should I watch?"
49040,What action thrillers involve a CIA operative caught in a dangerous conspiracy?
49040,Can you recommend a movie similar to the Jason Bourne films with high-stakes espionage and intense action?
49040,What movies feature a government agent fighting for survival after being targeted by his own agency?
10315,Can you recommend a funny animated adventure movie for the whole family?
10315,"What movies are like Fantastic Mr. Fox, with clever animal characters and quirky humor?"
10315,I’m looking for a charming family movie about an adventurous animal planning a heist.
49529,What are some action-packed sci-fi adventure movies about a soldier transported to an alien planet?
49529,Can you recommend a movie set on Mars with epic battles and an unlikely hero?
49529,What movies feature a war-weary protagonist who becomes involved in saving an alien world?
159824,What are some funny animated family movies with vampires and supernatural creatures?
159824,Can you recommend a lighthearted fantasy comedy about a family gathering at a monster hotel?
159824,What movies are similar to Hotel Transylvania that both kids and adults can enjoy?
637649,What are some gritty crime thrillers about a mysterious security guard who turns out to be highly skilled and seeking revenge?
637649,Can you recommend a tense action movie about a cash truck heist and a man settling a personal score?
637649,"What movies feature a quiet, enigmatic protagonist whose deadly abilities are revealed during a robbery?"
50546,Can you recommend a funny romantic comedy set partly in Hawaii?
50546,What movies feature a fake marriage or pretend spouses that lead to unexpected romance?
50546,"I want a lighthearted movie about complicated lies, relationship mix-ups, and a happy ending—what should I watch?"
630,What are some classic family-friendly fantasy adventure movies about a young hero exploring a magical world?
630,Can you recommend a movie where unlikely friends journey together to seek help from a powerful wizard?
630,"What movies feature a magical quest, memorable characters, and a villain trying to stop the heroes?"
15,What are some classic mystery dramas about powerful men whose troubled childhoods shape their lives?
15,Can you recommend a character-driven film about a newspaper tycoon whose rise to power is overshadowed by personal loss?
15,"What movies explore ambition, wealth, and the emotional consequences of being separated from family as a child?"
10530,What animated adventure movies feature a forbidden romance between a Native American woman and an English soldier?
10530,Can you recommend a family-friendly animated movie about love between two people from opposing cultures during colonization?
10530,What romantic adventure films are set in 17th-century Virginia and involve Native American and English characters?
289,What are some classic romantic dramas set during wartime?
289,Can you recommend a movie about former lovers who reunite under complicated circumstances?
289,What are the best films featuring a cynical expatriate caught in a love triangle?
311,What crime dramas about aging gangsters and the regrets of their past would you recommend?
311,Can you suggest an epic gangster movie set during and after the Prohibition era?
311,"What films explore Jewish organized crime, old friendships, and returning to confront a troubled past?"
4982,What are some gritty crime dramas based on true stories about drug lords and law enforcement investigations?
4982,Can you recommend a movie about a powerful heroin trafficker who builds an empire and is pursued by a determined detective?
4982,What films are similar to a serious gangster drama set during the Vietnam War era?
274857,What fantasy action movies feature a reluctant hero discovering his royal destiny?
274857,Can you recommend movies with epic sword battles and legendary quests like King Arthur?
274857,"What movies have a gritty, modern take on classic myths and medieval legends?"
82507,What are some horror movies about a true-crime writer investigating disturbing footage of a family's murders?
82507,Can you recommend a creepy mystery thriller involving a family moving into a house with a dark history?
82507,"What scary movies feature found footage, supernatural clues, and an investigator trying to solve a series of murders?"
251,What are some romantic fantasy thrillers about a murdered man’s ghost trying to protect his lover?
251,Can you recommend a supernatural romance where a psychic helps a spirit save someone from danger?
251,"What movies combine love, ghosts, suspense, and a reluctant medium?"
9654,What are some action-packed crime movies about a heist and double-crossing criminals?
9654,Can you recommend a fast-paced heist movie with a clever safecracker and thrilling car chases?
9654,What movies feature a team stealing back their loot after being betrayed by one of their own?
346685,Can you recommend a psychological thriller about a divorced woman who becomes involved in a mystery she witnesses from a train?
346685,"What are some mystery crime movies involving a missing woman, unreliable perspectives, and secrets among seemingly perfect couples?"
346685,I’m looking for a suspenseful movie about a woman whose daily train commute leads her into a dangerous investigation—what should I watch?
299687,What are some sci-fi action movies about teenagers surviving an alien invasion?
299687,Can you recommend an adventure movie where humanity is devastated by multiple waves of an alien attack?
299687,What movies are similar to dystopian survival stories with aliens and a young protagonist?
3170,What are some family-friendly animated movies about growing up in nature?
3170,"Can you recommend a heartfelt animated film about friendship, love, and the circle of life?"
3170,What classic animated movies follow a young animal's journey through the seasons?
105864,What are some family-friendly animated adventure movies about dinosaurs?
105864,Can you recommend a heartfelt movie about an unlikely friendship between a dinosaur and a human?
105864,What animated films feature an epic journey and themes of courage and family?
345887,What are some action thrillers about a former operative seeking revenge for a murdered partner?
345887,Can you recommend a gritty crime movie where someone delivers justice to exploiters and the oppressed?
345887,What globe-trotting revenge films have intense action and a relentless protagonist?
44833,What are some action-packed sci-fi movies about aliens attacking Earth?
44833,Can you recommend a thrilling movie featuring naval battles and an alien invasion?
44833,"What movies are similar to Battleship, with military action, extraterrestrial enemies, and explosive adventure?"
496,What are some outrageous and satirical comedies that expose cultural misunderstandings?
496,Can you recommend a hilarious mockumentary about a foreign journalist traveling through America?
496,What movies feature cringe-inducing humor and a character who gets into absurd situations while exploring American culture?
396422,What are some horror movies about a haunted or possessed doll?
396422,Can you recommend a scary supernatural movie set in a house with orphaned children?
396422,What horror films have a dark backstory involving a grieving family and a demonic presence?
8961,Can you recommend an action-comedy about two Miami detectives fighting a drug cartel?
8961,What movies feature buddy-cop partners taking on a violent crime syndicate with plenty of humor and explosions?
8961,"I’m looking for a fast-paced crime movie involving drug trafficking, rival gangs, and a strained relationship between two detectives."
400106,What are some action thrillers set in a world where humans and magical creatures live together?
400106,Can you recommend a fantasy movie about cops facing a dangerous supernatural conflict in modern-day Los Angeles?
400106,"What movies combine urban crime, magic, and a prophecy-driven battle?"
400928,Can you recommend a heartfelt drama about a single man raising a gifted child?
400928,What movies feature a custody battle over a child prodigy within a family?
400928,I’m looking for a touching comedy-drama about family conflict and a highly intelligent young girl—what should I watch?
568,What are some gripping historical dramas based on true space missions?
568,Can you recommend a movie about astronauts overcoming a dangerous technical disaster in space?
568,"What films are similar to a tense, inspirational story of a crew working with ground control to survive a failed lunar mission?"
27576,Can you recommend an action thriller about a CIA agent accused of being a Russian sleeper spy?
27576,What are some movies with a female secret agent on the run while trying to prove her innocence?
27576,"I’m looking for a tense spy mystery involving betrayal, covert operations, and international conspiracies."
754,What are some action crime thrillers involving identity swaps or facial transformations?
754,Can you recommend a sci-fi action movie where an FBI agent takes on the identity of a dangerous criminal?
754,What movies feature a high-stakes cat-and-mouse plot between a law enforcement agent and a terrorist mastermind?
306819,What are some moving dramas about transgender identity and self-discovery?
306819,Can you recommend a film about a transgender pioneer supported by a loving partner?
306819,What emotional biographical dramas explore gender identity and personal transformation?
375262,Can you recommend a darkly funny historical drama about a rivalry for a queen's favor?
375262,What movies feature a power struggle between two women competing for influence over a monarch?
375262,"I'd like to watch a period drama with political intrigue, sharp comedy, and complex female characters."
107985,What are some funny sci-fi action movies about friends going on an epic adventure together?
107985,"Can you recommend a movie like Shaun of the Dead with British humor, action, and an alien invasion?"
107985,What movies feature a group of old friends reuniting for a wild pub crawl that turns into a fight for humanity?
527641,What are some emotional teen romance movies about two people who fall in love despite having a serious illness?
527641,Can you recommend a dramatic love story set in a hospital with characters who are forced to stay apart?
527641,What movies are similar to a heartfelt young adult romance about cystic fibrosis and forbidden closeness?
10140,What are some family-friendly fantasy adventure movies about children going on a magical voyage?
10140,Can you recommend a movie where kids enter a magical world through a painting and go on an exciting adventure?
10140,"What movies are similar to The Chronicles of Narnia, with fantasy, adventure, and young heroes?"
215,What are some horror movies with elaborate psychological traps and a ruthless killer like Jigsaw?
215,Can you recommend a suspenseful horror sequel about detectives investigating a series of gruesome murders?
215,"What movies are similar to Saw, with intense survival games and shocking twists?"
508947,What are some funny animated movies about the challenges of being a teenager?
508947,Can you recommend a family-friendly fantasy movie about a girl who transforms into a giant animal?
508947,"What movies explore growing up, family expectations, and embracing who you are?"
1635,What are some action thrillers with a science-fiction plot about a seemingly perfect society hiding a dark secret?
1635,"Can you recommend a sci-fi movie about a man who discovers that his controlled, utopian world is a lie?"
1635,What movies are similar to a futuristic thriller where people escape from a restricted facility and uncover a conspiracy?
5876,What are some horror sci-fi thrillers about people trapped together while deadly creatures lurk outside?
5876,Can you recommend a tense monster movie set in a small town where a mysterious mist threatens the survivors?
5876,"What movies combine psychological terror, supernatural creatures, and desperate survivors trying to escape a disaster?"
675353,What are some fun family-friendly action-adventure movies with comedy and a video game feel?
675353,Can you recommend a movie about Sonic teaming up with Tails to stop Dr. Robotnik and Knuckles?
675353,What lighthearted superhero-style movies are suitable for kids and feature a globe-trotting adventure?
75,What are some funny sci-fi movies about aliens invading Earth?
75,Can you recommend a campy alien invasion comedy with a large ensemble cast?
75,"What movies are similar to a satirical, over-the-top take on first contact with extraterrestrials?"
756999,What are some horror thrillers about a kidnapped teenager trying to escape a sadistic killer?
756999,Can you recommend a scary supernatural thriller with a young protagonist and ghostly voices guiding him?
756999,"What movies are similar to The Black Phone, with a tense kidnapping story and paranormal elements?"
640146,Can you recommend an action-packed superhero movie with science-fiction elements and an adventure in a strange alternate world?
640146,"What Marvel movies feature Ant-Man, the Wasp, and an exciting journey through the Quantum Realm?"
640146,I’m looking for a fun sci-fi adventure about a family of superheroes facing strange creatures and powerful villains—what should I watch?
64635,Can you recommend an action-packed science fiction thriller about implanted memories and a man who discovers he may be a spy?
64635,What movies feature a factory worker whose virtual vacation goes wrong and leads him to fight against a corrupt authoritarian government?
64635,"I’m looking for a sci-fi action movie with mind-bending twists, futuristic technology, rebels, and an ordinary man on the run."
97020,What are some action-packed science fiction movies about a police officer transformed into a robot?
97020,Can you recommend a thriller about advanced robotics being used in law enforcement?
97020,What movies explore the dangers of corporations bringing military technology into everyday society?
2567,What are some good biographical dramas about famous aviation pioneers?
2567,Can you recommend a movie about a successful filmmaker whose personal struggles affect his life?
2567,What films depict the rise and psychological decline of a brilliant but troubled historical figure?
13811,What are some sci-fi thrillers about mysterious predictions and impending disasters?
13811,Can you recommend a movie where a parent uncovers a disturbing message that foretells future events?
13811,"What films are similar to Knowing, with time capsules, apocalyptic clues, and family-centered suspense?"
17578,What are some adventurous animated movies with mystery and treasure hunting?
17578,"Can you recommend a family-friendly animated film featuring a young hero, a loyal dog, and a thrilling sea adventure?"
17578,"What movies are similar to The Adventures of Tintin, with action, comedy, and a centuries-old secret?"
4108,What are some action thrillers about a professional driver who gets caught up in a dangerous smuggling operation?
4108,Can you recommend crime movies with a tough former special forces protagonist and lots of high-stakes action?
4108,What movies are similar to a story where a delivery man breaks his no-questions-asked rule to rescue a woman in danger?
41733,What are some funny road-trip movies about two unlikely companions traveling together under pressure?
41733,Can you recommend a comedy-drama about a soon-to-be father racing across the country to make it home for his child's birth?
41733,What movies feature a chaotic cross-country journey with an eccentric actor and plenty of mishaps?
307081,What are some gritty boxing dramas about a champion trying to rebuild his life after tragedy?
307081,Can you recommend an emotional sports movie about a boxer making a comeback after losing everything?
307081,What action dramas feature a determined fighter overcoming personal setbacks with the help of an unlikely trainer?
60308,What are some inspiring sports dramas about building a winning team on a limited budget?
60308,Can you recommend a movie about using data and analytics to challenge traditional baseball strategies?
60308,What movies feature an underdog general manager transforming a struggling baseball team?
157353,What are some sci-fi thrillers about artificial intelligence surpassing human intelligence?
157353,"Can you recommend a thought-provoking movie about technology, consciousness, and the possibility of the technological singularity?"
157353,What movies feature scientists creating powerful AI while facing opposition from an anti-technology group?
480530,What are some action dramas about a boxer facing a rival connected to his family's past?
480530,Can you recommend a movie about Adonis Creed training for a major fight while dealing with personal responsibilities?
480530,What boxing movies have intense family drama and a challenging rematch?
395834,What crime thrillers involve an FBI investigation on a Native American reservation?
395834,"Can you recommend a mystery movie about a murder investigation in a remote, snowy setting?"
395834,What movies feature an FBI agent and an experienced tracker teaming up to solve a killing?
8321,Can you recommend a darkly funny crime drama set in a European city?
8321,What movies feature hit men waiting for a mission while wrestling with guilt and moral dilemmas?
8321,"I’m looking for a film that blends comedy, drama, and crime with an unexpected mission—what should I watch?"
297,"What are some romantic fantasy dramas about love, mortality, and a mysterious supernatural stranger?"
297,"Can you recommend a thoughtful, emotional movie where Death enters a man's life and falls in love with his daughter?"
297,"What films combine family drama, romance, and supernatural themes with a wealthy older man's life being changed by an unexpected visitor?"
6114,Can you recommend a gothic horror movie with a strong romantic storyline and vampires?
6114,"What are some atmospheric, visually dramatic films about a tragic immortal love?"
6114,"I’m looking for a classic vampire movie involving Dracula, forbidden romance, and Victorian London—what should I watch?"
72559,What are some action-packed sci-fi movies about elite military teams fighting both terrorists and threats within the government?
72559,"Can you recommend an adventure thriller with political intrigue, covert operations, and a team of soldiers taking on Cobra-like enemies?"
72559,"What movies are similar to G.I. Joe: Retaliation, featuring high-stakes action, military heroes, and a government conspiracy?"
5548,What are some gritty sci-fi action movies about a cyborg cop fighting crime in a dystopian city?
5548,"Can you recommend a violent 1980s thriller with corporate corruption, dark humor, and futuristic technology?"
5548,What movies are similar to The Terminator and feature an unlikely hero battling criminals and a powerful corporation?
377,What are some classic horror movies about a supernatural killer who attacks teenagers in their dreams?
377,Can you recommend a scary slasher movie with a vengeful villain and a group of teens trying to survive?
377,What horror films would I like if I enjoyed stories about small-town teenagers being haunted by a dark supernatural threat?
10009,Can you recommend an animated adventure movie about a boy who is magically transformed into a bear?
10009,"What family-friendly movies feature animals, valuable life lessons, and a heartfelt journey?"
10009,"I’m looking for a funny, touching animated film with a bear cub and wildlife friends—what should I watch?"
44264,What are some gripping Westerns about revenge and justice?
44264,Can you recommend an adventurous drama featuring a tough U.S. Marshal and a determined young girl?
44264,"What movies are similar to True Grit, with frontier action, compelling characters, and a quest to find a killer?"
879,What are some family-friendly fantasy adventure movies about a grown-up who rediscovers their inner child?
879,"Can you recommend a fun, comedic movie about Peter Pan, Neverland, and Captain Hook?"
879,What movies feature a workaholic parent being pulled into a magical adventure to rescue their children?
225574,What are some action thrillers set on airplanes with a suspenseful mystery?
225574,Can you recommend a movie about an air marshal trying to stop a killer during a flight?
225574,"What thriller should I watch if I like tense, claustrophobic mysteries and nonstop danger?"
76726,What are some sci-fi thrillers about high school students who gain superpowers and struggle to control them?
76726,Can you recommend a dark coming-of-age movie where friends discover extraordinary abilities and their lives spiral out of control?
76726,"What movies combine found-footage filmmaking, teenage drama, and supernatural powers?"
37710,What are some action thrillers with a romantic storyline set in Europe?
37710,Can you recommend a suspenseful movie about a tourist who gets involved with a mysterious stranger?
37710,"What films combine romance, international intrigue, and thrilling twists?"
10693,What are some animated family adventure movies about children discovering a magical world?
10693,Can you recommend a fantasy movie where kids go to Neverland and face a pirate villain?
10693,"What are some classic animated movies about childhood, adventure, and magical worlds?"
4523,What are some family-friendly fantasy romances with a fairy-tale princess in the modern world?
4523,"Can you recommend a funny, magical movie with romance, music, and a happily-ever-after theme?"
4523,What movies are similar to a charming fairy tale where an animated princess ends up in modern-day Manhattan?
9509,What are some intense action thrillers about a former operative protecting a child?
9509,"Can you recommend a dark, emotional revenge movie set in Mexico City?"
9509,What movies feature a hardened bodyguard who forms a bond with a young girl and fights to rescue her?
2109,What are some action-comedy movies about an unlikely partnership between two detectives?
2109,Can you recommend a funny crime movie with buddy-cop chemistry and lots of action?
2109,"What movies are similar to Rush Hour, featuring a kidnapping investigation and comedic detective duo?"
290859,What are some action-packed sci-fi movies featuring time travel and killer robots?
290859,Can you recommend a thrilling Terminator movie with Sarah Connor and a new threat to humanity?
290859,"What should I watch if I enjoyed futuristic battles, enhanced soldiers, and high-stakes survival stories?"
22803,Can you recommend a dark crime thriller about a man seeking revenge after the justice system lets his family's killer go free?
22803,What movies are similar to a tense vigilante revenge story involving corruption and a failed plea bargain?
22803,I'm looking for a gripping drama about someone taking the law into his own hands after being failed by the legal system—what should I watch?
23168,What are some crime thrillers about a bank robber who falls for a hostage?
23168,Can you recommend a gritty crime drama about a career criminal trying to leave his crew behind?
23168,What movies feature a tense cat-and-mouse game between a bank robbery crew and the FBI?
369972,What are some historical dramas about astronauts or the space race?
369972,Can you recommend a movie about Neil Armstrong and the first Moon landing?
369972,"What should I watch if I enjoyed realistic, emotionally driven films about major achievements in history?"
559969,What are some crime thrillers about a man escaping captivity and trying to start over?
559969,Can you recommend a movie that continues Jesse Pinkman's story after Breaking Bad?
559969,"What dramatic movies should I watch if I liked Breaking Bad and want a tense, character-driven thriller?"
10340,Can you recommend an animated family movie about two dogs from different backgrounds who fall in love?
10340,What are some heartwarming adventure movies with talking animals and a romantic storyline?
10340,"I’m looking for a classic, funny animated movie that the whole family can watch together."
21208,What are some psychological horror movies about a couple who adopts a mysterious child?
21208,Can you recommend a suspenseful thriller featuring a seemingly innocent orphan with a dark secret?
21208,What horror movies involve a family adopting a child after suffering a devastating loss?
1991,What are some action thrillers about a dangerous stuntman stalking women with a muscle car?
1991,"Can you recommend a gritty, suspenseful movie with car chases, revenge, and strong female characters?"
1991,"What movies have a stylish exploitation feel, intense road scenes, and a terrifying killer behind the wheel?"
1581,What are some cozy Christmas romantic comedies about women starting over after bad breakups?
1581,Can you recommend a feel-good romance where two people swap homes or lives and find love in a new place?
1581,"What movies should I watch if I liked romantic comedies with holiday settings, charming local romances, and happy endings?"
1562,What are some intense horror thrillers about a deadly virus outbreak and survivors fighting to stay alive?
1562,Can you recommend a scary sci-fi movie set after society has been devastated by a contagious rage virus?
1562,What movies are similar to a post-apocalyptic zombie thriller where people return to an apparently safe but still infected country?
567609,What are some horror comedies about a wedding night gone horribly wrong?
567609,Can you recommend a darkly funny horror movie involving a deadly game of hide-and-seek?
567609,"What movies feature a bride being hunted by her wealthy, sinister in-laws?"
11253,What fantasy action movies feature a hero battling an ancient army of magical creatures?
11253,"Can you recommend a dark fantasy movie with elves, mythical beings, and intense action?"
11253,What movies are similar to a supernatural superhero adventure involving a team fighting to save humanity?
43347,What are some romantic comedies about two people who unexpectedly fall in love?
43347,Can you recommend a heartfelt romantic drama with humor and strong chemistry between the leads?
43347,What movies explore a complicated relationship between a free-spirited woman and a charming pharmaceutical salesman?
9444,What are some family-friendly animated adventure movies about an orphan discovering her royal identity?
9444,Can you recommend a fantasy animation set in Europe where a young woman searches for her family and past?
9444,"What movies are similar to a fairy-tale adventure about Anastasia, Paris, and a lost princess?"
107846,What are some action thrillers about escaping from an inescapable prison?
107846,Can you recommend a suspenseful movie where a prison security expert is framed and must break out of his own prison design?
107846,"What movies combine high-stakes prison escapes, survival skills, and conspiracy-driven revenge?"
414,What are some action-packed superhero movies featuring Batman and multiple villains?
414,"Can you recommend a dark comic-book movie with crime, fantasy, and a psychologically troubled villain?"
414,What movies feature a superhero dealing with personal trauma while fighting villains who want revenge on a major city?
8078,What are some sci-fi horror movies about aliens being cloned or genetically engineered?
8078,Can you recommend an action-packed space horror movie where a group of smugglers fights dangerous creatures?
8078,What movies feature a resurrected or cloned female protagonist battling aliens?
503919,Can you recommend a psychological thriller set in an isolated location with two characters struggling to maintain their sanity?
503919,"What are some atmospheric, surreal dramas set in the late 19th century?"
503919,I’m looking for a dark and mysterious movie about lighthouse keepers on a remote island—what should I watch?
82695,What are some historical dramas set in 19th-century France involving revolution and social injustice?
82695,Can you recommend a movie about a fugitive being relentlessly pursued by a police officer?
82695,What films are based on classic novels and feature emotional musical performances and student uprisings?
6637,What are some action-adventure mystery movies involving hidden historical clues and secret codes?
6637,Can you recommend a treasure-hunting movie about uncovering the truth behind Abraham Lincoln's assassination?
6637,"What movies are similar to National Treasure, with historical conspiracies, puzzles, and a team of adventurous investigators?"
2118,What are some gripping crime thrillers set in 1950s Los Angeles with police corruption and conspiracy?
2118,Can you recommend a mystery movie about detectives investigating a brutal diner massacre?
2118,"What films are similar to L.A. Confidential, with morally complex cops and a dark noir atmosphere?"
311324,What are some action-adventure fantasy movies about defending a legendary fortress from monstrous creatures?
311324,Can you recommend a visually spectacular fantasy movie featuring medieval battles and European mercenaries?
311324,"What movies combine Chinese history, giant monsters, and epic warfare?"
49049,What are some gritty action sci-fi movies set in dystopian futures?
49049,Can you recommend a movie about a tough law enforcer fighting criminals in a futuristic city?
49049,"What films are similar to RoboCop, with brutal action and a dark futuristic setting?"
10096,What are some feel-good romantic comedies with a fantasy twist?
10096,Can you recommend a funny movie about a teenager magically becoming an adult?
10096,"What movies are similar to 13 Going on 30 with romance, comedy, and a second-chance-at-life theme?"
353491,What fantasy action movies involve parallel worlds and a battle to save the universe?
353491,Can you recommend a science fiction adventure about a young boy who helps a troubled guardian protect a mysterious tower?
353491,"What movies combine dark fantasy, powerful gunslingers, and the fate of multiple universes?"
792307,What are some quirky sci-fi romantic comedies about a woman brought back to life who goes on an adventurous journey of self-discovery?
792307,"Can you recommend a visually bold period film with dark humor, romance, and a strong story about female independence and equality?"
792307,"What movies feature an unconventional scientist, a resurrected young woman, and a whirlwind journey across different countries?"
345920,"Can you recommend a heartfelt drama about a grieving man who writes letters to abstract concepts like Love, Time, and Death?"
345920,What are some emotional movies about finding meaning and beauty after experiencing a devastating loss?
345920,"Can you suggest a romantic drama that explores grief, healing, and the unexpected connections between love, time, and death?"
563,What are some action-packed science fiction movies about soldiers fighting alien creatures?
563,Can you recommend an adventurous futuristic war movie with a young protagonist who rises through the military ranks?
563,What movies feature an interstellar conflict between humans and an insect-like alien species?
399404,What are some historical dramas about Winston Churchill and the difficult decisions he faced during World War II?
399404,Can you recommend a gripping movie about Britain deciding whether to negotiate with Hitler or fight on during World War II?
399404,"What serious, inspiring war dramas focus on political leaders making impossible choices?"
634,"Can you recommend a funny romantic movie about a woman navigating dating, work, and self-improvement?"
634,What are some relatable romantic comedies about an average woman caught between a charming boss and a more reserved love interest?
634,"I’d like a witty, heartfelt movie about starting over and finding love—what do you recommend?"
85350,What are some coming-of-age dramas that follow a character growing up over many years?
85350,Can you recommend a realistic family drama about a boy navigating his parents' divorce and adolescence?
85350,What movies explore the changing relationship between a child and his parents from childhood through high school?
308266,What are some comedy crime dramas based on true stories about young entrepreneurs getting involved in shady arms deals?
308266,Can you recommend a movie like War Dogs about friends who land a huge government contract and get in over their heads?
308266,"What movies combine dark comedy, crime, and the true story of people making millions from military contracts?"
254470,What are some funny music movies about an a cappella group competing to regain their reputation?
254470,Can you recommend a feel-good comedy about a talented singing group facing an international competition?
254470,"What movies are similar to Pitch Perfect, with humor, friendship, and lots of musical performances?"
316727,What are some action-horror thrillers about surviving a deadly night of lawlessness while protecting a political figure?
316727,"Can you recommend movies like The Purge that combine political conspiracies, intense violence, and a fight against an unjust government system?"
316727,What thriller should I watch about a former police officer defending a presidential candidate during a night when all crime is legal?
2667,What are some horror movies about student filmmakers who disappear while documenting a mysterious legend?
2667,Can you recommend a found-footage horror movie set in the woods with a mysterious and unsettling atmosphere?
2667,What films are similar to a documentary-style mystery about people vanishing in the forest?
7485,What are some action thrillers about a highly skilled military sniper who is framed by the government?
7485,Can you recommend movies where a former soldier is double-crossed and hunted after being blamed for an assassination attempt?
7485,What intense political thrillers feature a lone ex-military hero uncovering a government conspiracy?
10882,What are some family-friendly animated fantasy movies about a princess under a curse?
10882,"Can you recommend a romantic fairy-tale movie with magic, fairies, and an evil sorceress?"
10882,What classic animated movies would you suggest for a family movie night?
9480,What are some action movies about superheroes with extraordinary abilities?
9480,Can you recommend a fantasy action movie featuring a blind hero who fights crime?
9480,What movies have a vigilante protagonist who relies on heightened senses to battle villains?
49849,Can you recommend a movie that blends a classic Western setting with alien invasions and science fiction?
49849,What action thrillers feature cowboys and outlaws teaming up to fight extraterrestrial enemies?
49849,"I’m looking for an adventurous sci-fi Western with amnesia, mysterious technology, and an unlikely group of heroes—what should I watch?"
9836,What are some fun animated family movies about penguins and other adorable animals?
9836,Can you recommend a feel-good comedy about an outsider who finds their own unique talent?
9836,"What family-friendly movies combine music, dancing, humor, and an uplifting story?"
453405,What are some action-packed sci-fi thrillers about a skilled assassin being hunted by a younger clone of himself?
453405,"Can you recommend a movie with intense gunfights, a futuristic premise, and a protagonist facing off against his own younger double?"
453405,"What movies would I enjoy if I like fast-paced action adventures involving cloning, espionage, and an aging assassin?"
23827,What are some good supernatural horror movies about a couple experiencing strange events in their home?
23827,Can you recommend a scary found-footage movie with a mysterious or possibly demonic presence?
23827,What horror movies are set in an ordinary suburban house where paranormal activity happens mostly at night?
613504,Can you recommend a romantic drama about a complicated relationship and difficult life-changing choices?
613504,What movies are similar to a passionate but troubled romance between two young people?
613504,"I’m looking for a drama about relationship struggles, emotional conflict, and a couple facing a major dilemma."
324849,What are some funny animated superhero movies the whole family can enjoy?
324849,Can you recommend a lighthearted Batman movie with lots of action and comedy?
324849,What movies feature a superhero dealing with an unexpected teenage sidekick or adopted child?
4547,What are some tense home-invasion thrillers about a mother and daughter trapped in a safe room?
4547,Can you recommend a suspenseful crime drama set mostly inside a house during a deadly break-in?
4547,What movies feature a woman and her child outsmarting intruders in a high-stakes survival game?
16996,Can you recommend a funny fantasy movie about an adult getting a second chance by becoming a teenager again?
16996,What movies are similar to a comedy where a man in midlife crisis wakes up in his 17-year-old body?
16996,I’m looking for a lighthearted coming-of-age movie with a magical do-over and adult characters learning from their past decisions.
399174,What are some animated adventure comedies about dogs and an unlikely rescue mission?
399174,Can you recommend a quirky stop-motion movie set in a futuristic world with lots of humor and heart?
399174,"What movies feature a young boy searching for his beloved pet in a strange, dystopian setting?"
415,"What are some action-packed superhero movies featuring Batman, Robin, and Batgirl?"
415,Can you recommend a comic-book adventure with colorful villains like Mr. Freeze and Poison Ivy?
415,What fun sci-fi superhero movies take place in a city threatened by an ice-based villain?
7443,Can you recommend a funny animated family movie about chickens trying to escape a farm?
7443,What are some entertaining family films with clever animal characters and an adventurous escape plot?
7443,I’m looking for a lighthearted stop-motion-style comedy that kids and adults can enjoy together—what do you recommend?
473033,Can you recommend a tense crime thriller about a jeweler who makes risky bets to get rich?
473033,"What movies are similar to Uncut Gems, with high-stakes gambling, intense drama, and morally complicated characters?"
473033,I’m looking for a fast-paced thriller about a desperate businessman whose risky decisions put his family and livelihood in danger—what should I watch?
310307,What are some good movies about the rise of a fast-food empire and the people behind it?
310307,Can you recommend a historical drama about a businessman who turns a small restaurant concept into a massive franchise?
310307,"What movies tell the true story of ambition, entrepreneurship, and the origins of a famous American brand?"
9377,What are some funny coming-of-age movies about students skipping school and having adventures?
9377,Can you recommend a lighthearted comedy set during one unforgettable day in Chicago?
9377,What movies feature a rebellious teenager outsmarting his parents and school authorities?
976573,Can you recommend an animated family movie about two people from completely different worlds who fall in love?
976573,"What are some funny, heartwarming movies set in a world where different elements live together?"
976573,I’m looking for a family-friendly romance with colorful animation and characters who discover they have more in common than they thought.
479455,What are some fun sci-fi action comedies about secret agents protecting Earth from aliens?
479455,"Can you recommend a movie with aliens, international adventures, and a conspiracy within a secret organization?"
479455,"What movies are similar to Men in Black, with comedy, action, and extraterrestrial threats?"
1830,What are some gripping crime dramas about an international arms dealer?
1830,Can you recommend a thriller about a morally conflicted businessman operating in war zones?
1830,What movies feature a globetrotting criminal being pursued by Interpol and powerful enemies?
524047,Can you recommend a thrilling disaster movie about a family trying to survive a comet impact?
524047,What are some intense action-packed sci-fi movies about the end of the world?
524047,I’m looking for a suspenseful apocalyptic movie where a family races to find shelter before a global catastrophe—what should I watch?
544,What are some funny romantic comedies about reconnecting with a high school crush?
544,Can you recommend a raunchy comedy where several men compete for the same woman?
544,What movies are similar to There's Something About Mary?
10112,What are some fun animated family movies about cats and adventure?
10112,"Can you recommend a lighthearted movie with lovable animals, comedy, and a musical jazzy vibe?"
10112,What family-friendly animated films feature a group of pets overcoming a kidnapping or villainous plot?
76285,What are some family-friendly fantasy adventure movies featuring mythical creatures and quests?
76285,Can you recommend a movie about friends searching for a magical artifact to stop an ancient evil?
76285,What fantasy adventure movies are similar to Percy Jackson and include Greek mythology?
268896,What action-packed sci-fi movies feature giant robots battling monsters?
268896,Can you recommend an adventurous fantasy movie about a new generation defending Earth from a returning alien threat?
268896,"What movies are similar to Pacific Rim, with Jaegers, Kaiju, and large-scale battles?"
10545,Can you recommend an animated family movie with a dramatic story about an outsider finding courage and friendship?
10545,What are some movies like The Hunchback of Notre Dame that feature a kind-hearted hero standing up to a cruel authority figure?
10545,"I’m looking for a family-friendly animated film set in a historical world with music, romance, and themes of acceptance—what do you recommend?"
504172,What are some crime dramas about an older man who becomes involved in drug trafficking?
504172,Can you recommend a movie about a struggling man who takes a driving job and ends up working for a cartel?
504172,What films feature a drug courier being pursued by a determined DEA agent?
343611,Can you recommend an action thriller about a former military officer who returns to clear a friend’s name after she is framed for espionage?
343611,"What movies are similar to Jack Reacher, featuring a tough, nomadic hero uncovering a conspiracy and protecting an innocent military colleague?"
343611,"I’m looking for a crime drama with intense action, military intrigue, and a protagonist investigating the murders of his former teammates—what should I watch?"
138103,What are some action movies about a team of veteran mercenaries facing off against a former teammate turned arms dealer?
138103,Can you recommend an explosive action thriller with an ensemble cast and a revenge-driven storyline?
138103,"What movies are similar to The Expendables, featuring a group of elite soldiers battling a dangerous former ally?"
447200,What are some action thrillers about a former law enforcement agent rescuing his family from a dangerous situation?
447200,Can you recommend an adventurous movie set in a burning skyscraper with a family trapped inside?
447200,"What movies are similar to Die Hard, featuring a framed hero trying to save his family in a high-rise building?"
454,What are some visually modern adaptations of classic Shakespeare plays with a tragic romance?
454,"Can you recommend a dramatic, stylized romance where two lovers from rival families secretly marry?"
454,What movies retell classic love stories in a contemporary setting while keeping the original dialogue?
2770,What are some funny romantic movies about college friends spending a wild summer together?
2770,Can you recommend a raunchy comedy about friends reuniting for a memorable summer vacation?
2770,"What movies combine outrageous parties, romance, and a group of longtime friends navigating changes in their lives?"
1491,Can you recommend a romantic fantasy thriller about a magician who falls in love with an aristocrat engaged to a prince?
1491,"What are some atmospheric period dramas involving illusionists, forbidden romance, and political intrigue?"
1491,I’m looking for a suspenseful movie where a mysterious magician challenges the monarchy and is pursued by a determined inspector—what should I watch?
320,Can you recommend a dark crime thriller about detectives investigating a teenager's murder in a town where the sun never sets?
320,What movies are similar to a psychological crime drama set in a remote northern town with nonstop daylight?
320,I’m looking for a suspenseful detective movie involving a methodical murder investigation and morally conflicted police officers.
332567,What are some suspenseful survival thrillers about people trapped in the ocean or facing a shark?
332567,Can you recommend a gripping horror movie with a strong female protagonist and a fight for survival?
332567,"What movies are similar to a tense, isolated shark attack story like The Shallows?"
1265,What are some family adventure movies about two unlikely friends who create an imaginary world together?
1265,"Can you recommend a heartfelt coming-of-age movie with friendship, fantasy, and emotional drama?"
1265,What movies are similar to a story about kids escaping into a magical kingdom they invent in the woods?
7551,What are some action thrillers involving time travel or time-shifting technology?
7551,Can you recommend a sci-fi mystery movie about a government agent trying to prevent a terrorist attack?
7551,What movies are similar to a tense investigation set after a ferry explosion with a futuristic surveillance device?
667538,What are some action-packed science fiction adventure movies about robots teaming up to save Earth?
667538,"Can you recommend a movie with giant transforming robots, epic battles, and a new threat to the planet?"
667538,What movies feature humans and powerful robot factions joining forces to stop an extinction-level threat?
5559,What are some funny animated family movies about talking animals?
5559,Can you recommend an adventurous comedy for the whole family with a quirky main character?
5559,What movies involve an animal challenging or suing humans over how they are treated?
11774,Can you recommend a family-friendly adventure comedy about orphaned siblings facing a scheming relative?
11774,What movies feature wealthy children whose parents die and who must outsmart someone trying to steal their inheritance?
11774,"I’m looking for a darkly funny family adventure with eccentric characters, danger, and a plot to seize an inheritance."
11360,What are some heartwarming animated family movies about overcoming insecurities?
11360,Can you recommend a classic cartoon about an underdog animal with help from a loyal friend?
11360,What family-friendly movies feature lovable animals and an inspiring story about gaining confidence?
27022,What fantasy adventure movies feature a modern-day sorcerer defending a city from an evil rival?
27022,Can you recommend an action-packed movie about a reluctant apprentice learning magic from a powerful mentor?
27022,"What movies combine magic, adventure, and comedy with an unlikely hero discovering hidden powers?"
9880,What are some funny family-friendly movies about a teenage girl discovering she’s royalty?
9880,Can you recommend a lighthearted coming-of-age romance with an awkward teen protagonist?
9880,What movies are similar to a teen comedy about an ordinary girl becoming a princess?
1700,What are some psychological thrillers about a famous writer being held captive by an obsessive fan?
1700,Can you recommend a tense drama set in an isolated house where a disabled protagonist is terrorized by his caretaker?
1700,What movies have a dark cat-and-mouse story involving a novelist forced to rewrite his work?
4944,What are some dark comedies about ordinary people getting caught up in a chaotic scheme?
4944,"Can you recommend a funny, absurd crime movie where a misplaced secret triggers a series of disasters?"
4944,What movies have a quirky ensemble cast and a plot about gym employees trying to profit from sensitive information?
338762,What are some action sci-fi movies about a murdered soldier being resurrected with advanced technology and seeking revenge?
338762,Can you recommend a movie featuring a superhuman biotech warrior who struggles with lost memories?
338762,What adventure films are similar to a futuristic revenge story involving nanotechnology and enhanced soldiers?
201085,What are some gothic horror movies with a romantic storyline and a mysterious haunted house?
201085,"Can you recommend a visually atmospheric film about ghosts, family secrets, and a love triangle?"
201085,What horror dramas would I enjoy if I like suspenseful romances involving a troubled mansion and supernatural mysteries?
431,What are some suspenseful sci-fi movies about strangers trapped in a deadly maze?
431,Can you recommend a mysterious thriller where people must solve puzzles to escape a dangerous prison?
431,What movies have a tense survival premise with a group of strangers facing deadly traps?
4248,What are some comedy horror parodies about students spending the night in a haunted mansion?
4248,"Can you recommend a silly horror comedy with ghosts, supernatural chaos, and over-the-top scares?"
4248,What movies are similar to Scary Movie that spoof haunted house and possession films?
81005,Can you recommend a fantasy adventure movie about a young farmhand who battles giants to save a kingdom and a princess?
81005,"What action-packed fantasy films feature an ancient war, towering giants, and a hero fighting to protect his people?"
81005,"I’m looking for a dramatic fairy-tale adventure with magic, giants, romance, and an ordinary young man becoming a hero."
253412,What are some gripping adventure dramas based on true stories about mountain climbers?
253412,Can you recommend a movie about expeditions to Mount Everest and surviving extreme weather?
253412,What historical survival films feature climbers pushed to their limits by a deadly snowstorm?
36586,Can you recommend an action-packed horror movie about a vampire hunter battling a new threat?
36586,What fantasy thrillers feature vampires joining forces with humans against a common enemy?
36586,"I’m looking for a dark, violent vampire movie with intense combat and an uneasy alliance."
615,What are some powerful biblical dramas about the final hours of Jesus's life?
615,Can you recommend a graphic and emotionally intense movie about Jesus's crucifixion?
615,What films portray the suffering and sacrifice of Jesus of Nazareth in a dramatic way?
9802,What are some action thrillers about a hostage situation involving chemical weapons and a daring mission to stop it?
9802,Can you recommend an intense adventure movie set on Alcatraz or another heavily fortified location?
9802,"What movies feature an unlikely team, including a skilled expert and a notorious prisoner, working together to prevent a major attack?"
97367,What are some crime dramas about a motorcycle rider who turns to crime to support his family?
97367,Can you recommend a movie about the consequences of a father’s criminal choices and a cop’s actions across generations?
97367,"What films explore morally complex characters whose lives collide through crime, family, and ambition?"
9740,Can you recommend a dark psychological thriller about a brilliant serial killer returning from hiding?
9740,What crime dramas are similar to The Silence of the Lambs and feature Clarice Starling?
9740,Are there any tense movies about an FBI agent confronting a sophisticated and dangerous killer?
274855,What are some action-packed sci-fi thrillers about extreme weather and global disasters?
274855,Can you recommend a movie where a satellite system designed to control the climate goes wrong?
274855,"What movies are similar to Geostorm, with world-threatening disasters and a race against time?"
428078,What are some sci-fi adventure movies set in a post-apocalyptic future with cities on wheels?
428078,Can you recommend a visually spectacular movie about rival cities fighting over dwindling resources?
428078,What movies feature a young hero caught up in a dangerous journey through a futuristic wasteland?
509967,What are some action thrillers with a team of international operatives taking down a dictator?
509967,"Can you recommend a movie with intense action, dark humor, and a billionaire assembling a team for a dangerous mission?"
509967,"What movies are similar to a fast-paced, bloody action film about people faking their deaths to fight a brutal regime?"
298312,What are some horror thrillers about siblings visiting their grandparents and uncovering a disturbing secret?
298312,"Can you recommend a creepy, suspenseful movie set on a remote farm involving strange elderly relatives?"
298312,"What movies are similar to The Visit, with family members discovering unsettling behavior during a stay with their grandparents?"
425909,What are some funny fantasy adventure movies about a family discovering a supernatural legacy?
425909,"Can you recommend a family-friendly ghost movie with comedy, adventure, and a connection to the original Ghostbusters?"
425909,What movies feature kids uncovering their family's secret past while battling paranormal creatures in a small town?
693,Can you recommend a funny romantic comedy about meeting your future in-laws?
693,What are some comedies about two very different families coming together?
693,I’m looking for a lighthearted family comedy with awkward in-law situations—what should I watch?
575264,What are some action-packed spy thrillers with high-stakes global missions and nonstop adventure?
575264,Can you recommend a movie about an IMF agent racing around the world to stop a powerful weapon from falling into the wrong hands?
575264,"What movies feature intense espionage, dangerous enemies from the past, and a mission that could determine humanity’s future?"
88751,What are some family-friendly adventure movies with a scientist and his nephew exploring a dangerous underground world?
88751,Can you recommend an action-packed science fiction movie about searching for a missing brother in a mysterious lost world?
88751,"What entertaining adventure movies combine comedy, fantastical creatures, and a journey to the center of the Earth?"
286565,What are some coming-ofage mystery dramas about a teenager searching for a missing love interest?
286565,"Can you recommend a movie with romance, adventure, and an enigmatic character who disappears?"
286565,"What films are similar to Paper Towns, with teenage friendships, road trips, and a mystery to solve?"
346910,What are some sci-fi action thrillers about a group of ex-soldiers fighting an alien threat on Earth?
346910,Can you recommend a movie featuring deadly extraterrestrial hunters and a ragtag team trying to save humanity?
346910,"What movies combine intense alien combat, military characters, and a scientist working to stop an extinction-level threat?"
10865,What are some animated adventure movies about exploring lost civilizations?
10865,Can you recommend a family-friendly science fiction movie with ancient mysteries and discovery?
10865,What movies feature a young scholar joining an expedition to uncover a legendary lost world?
2493,Can you recommend a funny fantasy adventure with romance and a fairy-tale feel?
2493,"What movies feature a brave princess, true love, and swashbuckling adventure?"
2493,I’m looking for a family-friendly fantasy comedy with memorable characters and a happy ending.
792,What are some gritty war movies about the moral struggles of soldiers in Vietnam?
792,Can you recommend a dramatic action movie that explores the horrors and moral complexities of war?
792,What movies follow a young soldier who faces a crisis of conscience during combat?
583083,What are some fun romantic comedies about navigating long-distance relationships and college decisions?
583083,Can you recommend a lighthearted teen romance with a love triangle and friendship drama?
583083,"What movies are similar to The Kissing Booth, featuring high school relationships, comedy, and changing friendships?"
338953,Can you recommend a fantasy adventure movie about wizards trying to stop a powerful dark wizard from taking over the magical world?
338953,What movie follows Newt Scamander and a team of witches and wizards as they battle Grindelwald and encounter fantastic beasts?
338953,"I'm looking for a magical adventure with wizarding-world characters, mythical creatures, and a conflict against an evil sorcerer—what should I watch?"
117251,What action thrillers about a paramilitary attack on the White House would you recommend?
117251,Can you recommend a movie where an ordinary security officer has to rescue the president during a government takeover?
117251,What are some suspenseful movies featuring a father protecting his daughter while saving the president from terrorists?
267860,What are some action thrillers about a terrorist plot targeting world leaders in London?
267860,Can you recommend a fast-paced movie involving an assassination attempt during a prime minister's funeral?
267860,What movies feature a secret service agent protecting international leaders from a coordinated attack?
109428,Can you recommend a scary horror movie set in a remote cabin where friends awaken an ancient demon?
109428,What are some intense supernatural horror movies involving possession and a group of friends trapped in the woods?
109428,"I’m looking for a gritty, terrifying horror film about a woman battling addiction while her friends face a demonic evil—what should I watch?"
639933,"What are some epic Viking revenge movies with action, adventure, and fantasy elements?"
639933,"Can you recommend a dark, brutal historical fantasy about a warrior avenging his murdered father?"
639933,What movies feature a prince who grows into a warrior and sets out to kill the uncle who betrayed his family?
23629,"What are some action-fantasy movies with a strong female protagonist and a surreal, dreamlike world?"
23629,Can you recommend a visually spectacular thriller about a young woman escaping an abusive situation through fantasy?
23629,"What movies are similar to a dark, fantastical adventure where a group of women team up to complete a dangerous quest?"
813,What are some hilarious spoof comedies like Airplane!?
813,Can you recommend a funny movie about an unlikely hero taking control in a crisis?
813,What comedy should I watch if I enjoy absurd humor and disaster movie parodies?
476669,What action-adventure thrillers involve secret agents trying to stop a global war?
476669,Can you recommend a movie about a lone hero taking on historical tyrants and criminal masterminds?
476669,"What movies combine intense action, espionage, and a race against time to save millions?"
941,Can you recommend an action thriller about two mismatched cops who have to work together to take down a criminal organization?
941,What are some gritty buddy-cop crime movies featuring a veteran detective and an unpredictable partner?
941,I’m looking for a tense 1980s action movie involving ex-Special Forces criminals and a heroin-smuggling operation.
424139,What are some horror thrillers about a final showdown with a masked killer?
424139,Can you recommend a scary movie about a woman confronting the killer who haunted her for decades?
424139,What Halloween-themed horror movies feature a survivor facing a relentless killer?
522681,What are some suspenseful horror movies where strangers must solve puzzles to survive?
522681,Can you recommend a thriller about people trapped in a series of dangerous rooms?
522681,What movies are similar to Saw but focus more on mystery and escape-room challenges?
2907,What are some darkly funny fantasy comedies about eccentric families?
2907,Can you recommend a quirky comedy involving a mysterious long-lost family member?
2907,"What movies have a gothic atmosphere, bizarre humor, and an unusual family at the center?"
507089,What are some horror thrillers about a troubled person working as a night security guard in a creepy abandoned place?
507089,Can you recommend a scary movie set in an abandoned restaurant where strange things happen at night?
507089,What horror movies feature animatronic characters coming to life and terrorizing a security guard?
1061474,What are some action-packed superhero movies about a journalist with extraterrestrial origins?
1061474,Can you recommend a science fiction adventure about someone balancing their alien heritage with their human upbringing?
1061474,What superhero films are set in a city and follow a hero who hides his extraordinary identity while working as a journalist?
500664,What are some sci-fi action thrillers about a paralyzed man who gets an AI implant and seeks revenge?
500664,"Can you recommend movies with brutal revenge, advanced technology, and a superhuman protagonist?"
500664,"What films are similar to a dark, futuristic thriller where an artificial intelligence enhances the hero's body?"
298618,What are some action-packed sci-fi superhero movies about altering the timeline?
298618,Can you recommend an adventure movie where a hero gets trapped in an alternate reality and must save the world?
298618,"What superhero films involve time travel, parallel universes, and a race against fate?"
7299,Can you recommend a dystopian sci-fi action movie about a government that suppresses emotions with drugs?
7299,"What movies are similar to The Matrix and feature a totalitarian regime, rebellion, and intense gunfights?"
7299,I’m looking for a dark thriller where an enforcer of the state begins questioning the system he serves—what should I watch?
8065,What are some crime dramas about brilliant college students who use mathematics to make money gambling?
8065,Can you recommend a movie about an MIT student who joins a secret blackjack-counting team to pay for medical school?
8065,"What films feature high-stakes blackjack, academic ambition, and a young protagonist from a working-class background?"
9428,What are some quirky comedy-dramas about dysfunctional families and a charmingly flawed father?
9428,"Can you recommend a witty, offbeat movie about a family of former child geniuses reconnecting after years apart?"
9428,"What movies have a similar blend of heartfelt family drama, eccentric characters, and dry humor?"
1878,"What are some chaotic, drug-fueled road trip movies with dark humor like Fear and Loathing in Las Vegas?"
1878,Can you recommend an unconventional adventure comedy about two reckless friends on a wild journey?
1878,"What movies have a surreal, hallucinatory style and a rebellious counterculture vibe?"
290595,Can you recommend an action-adventure movie about a skilled huntsman battling evil queens?
290595,What fantasy films feature a forbidden romance and a quest to stop two powerful sisters from conquering a kingdom?
290595,"I’m looking for a dramatic adventure movie with dark magic, warriors, and a fairy-tale setting—what should I watch?"
1427,"What are some dark, atmospheric historical dramas with a touch of fantasy and a morally disturbing protagonist?"
1427,"Can you recommend a crime movie about obsession, murder, and an unusual artistic talent?"
1427,"What films have a gothic 18th-century setting and a haunting story about perfume, ambition, and darkness?"
1495,What are some epic historical dramas about the Crusades and holy wars?
1495,Can you recommend an action-adventure movie about a blacksmith who becomes a nobleman and gets caught in political intrigue?
1495,"What movies combine intense medieval battles, romance, and complex political drama?"
20662,What are some action-packed historical adventure movies set in medieval England?
20662,Can you recommend a historical drama about an outlaw who fights against a corrupt sheriff and protects the people?
20662,"What movies feature romance, sword fights, and a hero who assumes another man's identity?"
59440,What are some intense sports dramas about mixed martial arts and family conflict?
59440,Can you recommend an action movie about estranged brothers who face each other in a fighting tournament?
59440,What movies feature a troubled former boxer training his son for a major competition?
686,What are some thought-provoking science fiction dramas about first contact with extraterrestrial life?
686,Can you recommend a mystery movie about scientists receiving a signal from aliens?
686,"What films explore the conflict between scientific evidence, personal beliefs, and the search for extraterrestrial intelligence?"
411088,Can you recommend a gripping Spanish mystery thriller about a businessman accused of murder who meets with a defense lawyer?
411088,"What are some suspenseful movies with intense interrogation scenes, courtroom-style strategy, and unexpected twists?"
411088,"I’m looking for a dark, twisty thriller about a murder case where the truth is gradually uncovered—what should I watch?"
46529,What are some action-packed sci-fi thrillers about a teenage fugitive with special powers?
46529,Can you recommend an adventure movie where a young hero is hunted by mysterious forces?
46529,"What movies are similar to I Am Number Four, with teen protagonists, secret identities, and supernatural abilities?"
34544,What are some action-comedy movies about a team of elite soldiers framed for a crime?
34544,"Can you recommend a fun, high-energy crime movie with a close-knit group of military operatives?"
34544,"What movies are similar to The A-Team, with clever plans, action, humor, and a team of skilled misfits?"
433,What are some family-friendly fantasy movies about a magical nanny helping children bond with their father?
433,"Can you recommend a fun, musical movie set in turn-of-the-century London with adventure and comedy?"
433,What movies feature neglected children who grow closer to their father with the help of a magical caregiver?
337170,What are some entertaining crime dramas based on true stories?
337170,Can you recommend a darkly comedic movie about drug smuggling and covert CIA operations?
337170,"What movies are similar to American Made, featuring a pilot involved with cartels and government agencies?"
15512,What are some fun animated family adventure movies about monsters and aliens?
15512,Can you recommend a lighthearted sci-fi movie where a group of unusual creatures teams up to save the world?
15512,What movies are similar to an animated comedy about a woman who grows giant and joins a secret government team?
504608,What are some good musical biopics about legendary singers and songwriters?
504608,Can you recommend a dramatic movie about Elton John's life and career?
504608,What films explore an influential musical partnership between a performer and a songwriter?
395,What are some action-packed science fiction horror movies involving aliens and predators?
395,Can you recommend an adventure movie set in Antarctica with ancient mysteries and deadly creatures?
395,What movies feature humans caught between two extraterrestrial species in a survival battle?
41630,What are some romantic comedies about friends who try to keep their relationship casual but develop feelings?
41630,Can you recommend a funny romance about a doctor and her best friend who agree to have a no-strings-attached relationship?
41630,What movies explore whether two best friends can have a casual relationship without falling in love?
9426,What are some horror sci-fi movies about scientific experiments gone horribly wrong?
9426,Can you recommend a disturbing monster movie involving teleportation or genetic mutation?
9426,"What films have a dark, gruesome take on a scientist transforming into something inhuman?"
9659,What are some action thrillers set in a dystopian near-future with ruthless motorcycle gangs?
9659,"Can you recommend a movie with intense road chases, lawless violence, and a post-apocalyptic atmosphere?"
9659,What films are similar to a gritty science-fiction thriller about a police force battling violent gangs?
33,What are some gritty Westerns about a retired gunslinger who takes on one last bounty hunt?
33,Can you recommend a Western where an aging outlaw seeks justice for a wronged woman and confronts a corrupt sheriff?
33,What movies feature a former killer returning to violence to support his children and settle a score?
696806,Can you recommend a fun sci-fi adventure movie involving time travel and teaming up with your younger self?
696806,What movies are similar to a lighthearted action-packed story about a time-traveling pilot trying to save the future?
696806,"I’m looking for a family-friendly science fiction comedy with adventure, time travel, and emotional moments—what should I watch?"
786892,What are some action-packed post-apocalyptic adventure movies with intense road battles and strong female protagonists?
786892,Can you recommend a sci-fi movie about surviving in a brutal wasteland ruled by rival warlords?
786892,"What movies are similar to Mad Max: Fury Road, with high-octane action, dystopian worlds, and epic revenge stories?"
762504,What are some horror sci-fi movies about a mysterious phenomenon in an isolated place?
762504,Can you recommend a creepy science fiction movie set in the California desert?
762504,What horror movies feature ordinary people witnessing something strange and terrifying?
214,What are some horror thrillers with elaborate psychological games and a terrifying mastermind?
214,Can you recommend a dark crime thriller about a kidnapped doctor forced to participate in deadly games?
214,"What movies are similar to Saw, featuring a brutal serial killer, twisted traps, and an apprentice?"
7980,Can you recommend a fantasy drama about a murdered teenager watching over her family from the afterlife?
7980,"What movies deal with grief, family healing, and seeking justice after a young girl's murder?"
7980,Are there any emotional supernatural films about a deceased girl observing her loved ones and confronting her killer?
52449,What are some raunchy comedies about an unmotivated teacher?
52449,Can you recommend a funny movie about a teacher who hates her job and schemes to get rich?
52449,What comedies feature an irresponsible woman trying to change her life after a breakup?
9398,What are some funny movies about male models or the fashion industry?
9398,Can you recommend a silly comedy with an absurd conspiracy and over-the-top characters?
9398,What movies are similar to Zoolander?
38050,What sci-fi thrillers with a romantic storyline involve someone fighting against fate to be with the person they love?
38050,Can you recommend a movie about a man discovering that powerful forces are controlling his destiny and choosing to rebel?
38050,"What are some romantic science fiction movies set in New York with suspense, conspiracy, and a struggle for free will?"
583,What are some hilarious absurdist comedies like Monty Python's Life of Brian?
583,Can you recommend a satirical comedy about an ordinary person being mistaken for a religious leader?
583,I’m in the mood for a classic British comedy with irreverent humor and ridiculous situations—what should I watch?
588,What are some horror mystery movies about a mother searching for her missing daughter in a cursed town?
588,"Can you recommend a scary movie involving a mysterious town, supernatural events, and a dark past?"
588,What movies are similar to a psychological horror story where a parent uncovers the truth behind a devastating disaster?
8839,What are some family-friendly fantasy comedies about a friendly ghost?
8839,Can you recommend a fun supernatural movie with a teenage romance and mischievous ghosts?
8839,What movies are similar to a lighthearted haunted-house adventure suitable for kids and families?
7451,What action movies feature an adrenaline-seeking protagonist recruited by the government for a dangerous undercover mission?
7451,"Can you recommend a high-energy thriller involving extreme sports, espionage, and a terrorist organization threatening the world?"
7451,What movies are similar to a gritty action-adventure about a rebellious outsider taking on a global crime syndicate?
9928,What are some animated family movies about a young inventor who fights to save his friends from an evil corporation?
9928,Can you recommend a funny science-fiction movie for kids featuring robots and an adventure to make the world better?
9928,"What movies are similar to a heartwarming animated comedy about robots, friendship, and standing up to a powerful villain?"
9023,What are some animated Western adventure movies about a wild horse's journey to freedom?
9023,Can you recommend a family-friendly animated film about an animal determined to return home?
9023,What emotional adventure movies feature strong animals overcoming capture and hardship?
14869,What action-adventure movies feature an elite military team fighting a secret organization bent on world domination?
14869,"Can you recommend a sci-fi thriller with high-tech weapons, global missions, and intense battles?"
14869,"What movies are similar to G.I. Joe: The Rise of Cobra, with espionage, military action, and a dangerous arms dealer?"
335,What are some classic Western dramas set against the expansion of the railroad?
335,Can you recommend an epic Western about a woman starting a new life in a frontier town?
335,"What movies have a sweeping, dramatic story set in the American West during the era of railroad expansion?"
1585,"What are some heartwarming Christmas movies about family, community, and overcoming financial hardships?"
1585,Can you recommend a classic family drama with a hopeful fantasy element and an uplifting message?
1585,What movies feature an ordinary person struggling to save their small town while discovering the value of their life?
446354,Can you recommend a historical drama about journalists uncovering a government cover-up?
446354,What movies are similar to All the President's Men and focus on the press fighting for freedom of speech?
446354,I’d like to watch a true-story political drama about a female newspaper publisher taking on the U.S. government—what do you suggest?
296524,What are some intense action-dramas based on real-life industrial disasters?
296524,Can you recommend a movie about an offshore oil rig accident or a major environmental disaster?
296524,"What movies are similar to Deepwater Horizon, with suspenseful survival scenes and true events?"
37834,What action comedies feature a glamorous globetrotting adventure with a fugitive couple?
37834,"Can you recommend a funny, fast-paced movie involving shifting alliances, unexpected betrayals, and international action?"
37834,"What movies combine romance, espionage, comedy, and a battle between truth and trust?"
3021,What are some horror mystery movies about haunted hotel rooms?
3021,Can you recommend a supernatural horror movie where a skeptic encounters real paranormal activity?
3021,What movies are similar to a terrifying psychological story set in a single hotel room?
501170,What are some horror fantasy movies about psychic abilities and supernatural forces?
501170,Can you recommend a scary movie involving a child with special powers and haunted places?
501170,What movies explore the aftermath of childhood trauma through ghosts and supernatural experiences?
631843,What are some mystery thrillers about people trapped on a strange beach or isolated location?
631843,Can you recommend a horror movie where the characters experience rapid aging or time moving unnaturally fast?
631843,What movies combine family vacation settings with supernatural danger and psychological suspense?
17979,What are some animated Christmas movies about a selfish character who learns to change through supernatural encounters?
17979,Can you recommend a family-friendly fantasy movie about redemption and the true meaning of Christmas?
17979,What movie should I watch if I want a dramatic retelling of a Christmas story involving ghosts and a miserly old man?
97630,What are some intense thrillers about the hunt for a notorious terrorist?
97630,Can you recommend a realistic drama about the search for Osama bin Laden?
97630,What movies depict major military operations based on real events?
9679,What are some action thrillers about professional car thieves and high-stakes heists?
9679,Can you recommend a fast-paced crime movie where an ex-con is forced back into the game to save his brother?
9679,"What movies feature intense car chases, a dangerous crime boss, and a race against the police?"
8329,What are some horror movies with a found-footage style and a terrifying outbreak in an apartment building?
8329,Can you recommend a claustrophobic Spanish horror movie where emergency workers become trapped with something dangerous?
8329,What scary mystery movies follow a reporter and cameraman investigating a horrifying incident inside a locked-down building?
278154,What are some funny animated adventure movies for the whole family involving space or cosmic disasters?
278154,Can you recommend a family-friendly sci-fi comedy with lovable animal characters and lots of action?
278154,What movies are similar to an animated adventure where friends leave home to save the planet from an unexpected threat?
9366,What are some crime dramas about an undercover FBI agent infiltrating the mafia?
9366,Can you recommend a tense thriller about an undercover cop who becomes emotionally connected to the criminals he investigates?
9366,What movies explore the conflict between a mob life and an agent’s family or personal life?
338766,Can you recommend a gritty modern Western about two brothers robbing banks to save their family farm?
338766,What crime dramas feature desperate brothers fighting to keep their land in West Texas?
338766,"I’m looking for a tense, character-driven movie about family, debt, and a series of bank robberies—what should I watch?"
9358,What are some horror movies where people survive a deadly accident but are later mysteriously killed one by one?
9358,Can you recommend a suspenseful supernatural thriller about a character trying to prevent deaths predicted in a premonition?
9358,"What movies are similar to Final Destination, with gruesome deaths, a group of survivors, and an unstoppable force hunting them?"
2978,What are some funny fantasy movies about a team of ghost hunters dealing with a new supernatural threat?
2978,Can you recommend a lighthearted supernatural comedy where paranormal activity returns and the heroes reunite?
2978,What movies are similar to a comedic ghost adventure involving ectoplasm and a resurgence of spirits?
7518,What are some funny animated family movies about forest animals getting into trouble?
7518,Can you recommend an adventurous kids' movie about animals navigating a new suburban neighborhood?
7518,What movies have a mismatched group of animals working together and learning about family?
536554,What are some sci-fi horror movies about an AI or robot that becomes dangerously protective of a child?
536554,Can you recommend a creepy movie featuring a lifelike doll with artificial intelligence?
536554,What horror movies would you suggest if I liked films about technology becoming a terrifying threat?
152584,What are some romantic dramas about a young woman discovering her identity and sexuality?
152584,Can you recommend an emotionally intense LGBTQ+ love story about two women?
152584,"What movies explore desire, self-discovery, and growing into adulthood through a complicated romance?"
11322,What are some good crime dramas about real-life bank robbers during the Great Depression?
11322,Can you recommend a historical movie about John Dillinger and the FBI's pursuit of him?
11322,What movies feature a charismatic outlaw who becomes a major public enemy during the 1930s?
11216,What are some heartfelt dramas about falling in love with movies and forming a lasting friendship?
11216,Can you recommend a nostalgic romance set around a village cinema?
11216,"What emotional films explore childhood memories, friendship, and the magic of movies?"
12429,What are some whimsical animated fantasy movies suitable for the whole family?
12429,Can you recommend a heartwarming movie about a young child befriending a magical sea creature?
12429,"What family-friendly films have themes of friendship, adventure, and ocean magic?"
824,What are some romantic musicals set in turn-of-the-century Paris with lavish costumes and passionate love stories?
824,Can you recommend a dramatic movie about a young poet who falls in love with a famous nightclub performer?
824,"What films combine romance, music, creative inspiration, and the glamorous atmosphere of a Parisian cabaret?"
376570,What are some suspenseful horror movies about a woman being stalked in her isolated home?
376570,Can you recommend a tense home-invasion thriller with a vulnerable protagonist and a relentless killer?
376570,"What horror movies are similar to Hush, especially ones featuring a secluded setting and a cat-and-mouse chase?"
147441,Can you recommend an epic adventure drama about Moses leading slaves out of Egypt?
147441,What are some action-packed historical movies featuring ancient Egypt and a rebellion against a ruthless ruler?
147441,I’m looking for a dramatic film about a leader guiding thousands of people to freedom amid devastating plagues—what should I watch?
1374,What are some inspiring sports dramas about an underdog boxer facing a powerful international rival?
1374,Can you recommend a motivational boxing movie with intense training scenes and a high-stakes championship fight?
1374,What movies feature a determined athlete preparing for a globally watched showdown against a formidable opponent?
2268,What fantasy adventure movies feature a young orphan embarking on a mysterious journey in a parallel universe?
2268,"Can you recommend a visually stunning fantasy film with magical worlds, destiny, and a brave young heroine?"
2268,What movies are similar to an adventurous story about a girl uncovering a shocking secret and traveling to the far North?
547016,What are some action-fantasy movies about immortal warriors protecting humanity?
547016,"Can you recommend a movie with a secret group of powerful, undying heroes?"
547016,What should I watch if I enjoyed films about mysterious immortals and intense action?
526896,What action sci-fi movies feature a scientist who undergoes a dangerous experiment to cure a rare blood disease?
526896,Can you recommend a dark superhero movie about a doctor whose attempt to save lives gives him dangerous powers?
526896,What fantasy action films involve a medical experiment that succeeds but turns out to be worse than the original illness?
1367,What are some inspirational boxing dramas about an underdog getting a second chance?
1367,Can you recommend a movie about a boxer struggling to rebuild his life after a major fight?
1367,What sports dramas feature a fierce rematch between a champion and a determined challenger?
1735,What are some action-adventure fantasy movies about an archaeologist battling an ancient emperor who returns from the dead?
1735,"Can you recommend a movie set in China that features supernatural powers, an undead ruler, and a family fighting to save the world?"
1735,"What movies are similar to an epic fantasy adventure involving ancient curses, mythical creatures, and a quest for world domination?"
10830,What are some funny family fantasy movies about a brilliant child with special powers?
10830,Can you recommend a family-friendly movie about a gifted girl standing up to cruel adults?
10830,"What movies feature an intelligent young protagonist, a kind teacher, and a terrifying school headmistress?"
2787,What are some sci-fi thrillers about survivors stranded on a dangerous planet?
2787,Can you recommend an action movie where people must fight deadly creatures in total darkness?
2787,What movies feature a morally ambiguous convict helping stranded passengers survive an alien threat?
134374,What are some action-comedies about criminals chasing the American dream through an outrageous kidnapping scheme?
134374,Can you recommend a darkly funny crime movie set in 1990s Miami involving gym musclemen and an extortion plot?
134374,What movies are similar to a true-crime-inspired story about bodybuilders who abduct a wealthy businessman?
149,What are some intense animated sci-fi action movies set in a dystopian future?
149,"Can you recommend a movie about psychic powers, military experiments, and a city in chaos?"
149,What anime films feature teenagers battling a dangerous supernatural threat?
103663,Can you recommend a gripping drama about a lonely teacher whose life unravels after an innocent lie?
103663,"What are some emotionally intense movies about custody struggles, family, and devastating accusations?"
103663,I’m looking for a serious Scandinavian-style drama about a man finding love and hope before everything falls apart—what should I watch?
5503,What are some action thrillers about a wrongly accused man trying to prove his innocence?
5503,Can you recommend a suspenseful movie where someone escapes custody and searches for the real killer?
5503,What dramas feature a man on the run who is framed for murdering his wife?
492,What are some surreal dark comedies about people entering or taking over someone else's mind or body?
492,Can you recommend a quirky fantasy movie about an ordinary person discovering a strange portal into a celebrity's world?
492,"What movies combine puppetry, identity confusion, and absurd existential humor?"
9603,Can you recommend a funny romantic movie about a wealthy high school student who gives a shy new girl a makeover?
9603,What are some witty teen comedies set in Beverly Hills with romance and high school popularity drama?
9603,"I’m looking for a lighthearted 1990s movie about matchmaking, friendship, and realizing your feelings for someone unexpected."
514999,What are some funny mystery movies set on a luxurious yacht or during a European vacation?
514999,Can you recommend a lighthearted whodunit about an ordinary couple caught up in a murder investigation?
514999,What comedies feature a married couple trying to solve a murder while traveling abroad?
1233413,What are some horror thrillers about twin brothers returning to their hometown and facing a greater evil?
1233413,Can you recommend an action-horror movie with a dark supernatural threat and troubled siblings at its center?
1233413,"What movies combine small-town horror, intense action, and brothers trying to escape their past?"
369885,"Can you recommend a World War II movie that combines romance, espionage, and action?"
369885,What are some romantic thrillers set during the war involving spies or resistance fighters?
369885,I'm looking for a dramatic war film about a couple whose relationship is tested by dangerous missions—what should I watch?
438695,What are some fun animated family movies with lots of music and comedy?
438695,Can you recommend a feel-good movie about performers chasing their dreams and putting on a big show?
438695,"What animated movies feature singing animals, a star-studded cast, and plenty of humor?"
14306,What are some heartwarming family comedies about a couple learning important life lessons from their dog?
14306,"Can you recommend a funny but emotional movie about marriage, starting a family, and life with a mischievous pet?"
14306,"What movies combine comedy and family drama with a lovable, troublemaking dog at the center?"
9637,What are some funny mystery-adventure movies about a group investigating spooky happenings at an amusement park?
9637,Can you recommend a lighthearted supernatural comedy featuring Scooby-Doo and the Mystery Inc. gang?
9637,"What movies are similar to a fun, family-friendly mystery where friends uncover the truth behind strange events?"
1577,"Can you recommend a horror action movie about zombies, a city under quarantine, and a group of soldiers trying to rescue someone?"
1577,"What are some science-fiction horror movies featuring a deadly virus, Umbrella-like corporations, and survivors fighting to escape a zombie outbreak?"
1577,"I’m looking for an exciting zombie movie with a strong female lead, military action, and a battle for survival in an infected city."
10947,"What are some fun family-friendly teen movies with music, romance, and comedy?"
10947,Can you recommend a movie about high school students from different social groups who fall in love through a school musical?
10947,What movies are similar to a lighthearted high school musical with catchy songs and an underdog romance?
1578,What are some intense biographical dramas about troubled boxers?
1578,Can you recommend a gritty movie about a fighter whose anger damages his personal life?
1578,"What films are similar to Raging Bull, with powerful performances and a dark exploration of obsession and self-destruction?"
279,What are some historical dramas about rival composers and intense artistic jealousy?
279,Can you recommend a music-focused period film about Mozart and his relationship with Salieri?
279,"What dramatic movies explore the price of genius, ambition, and resentment in the world of classical music?"
193756,What are some intense war movies about Navy SEALs on dangerous missions in Afghanistan?
193756,Can you recommend a gritty military action drama about soldiers trapped behind enemy lines?
193756,What movies feature a small group of elite soldiers facing overwhelming odds and making difficult moral choices?
4233,What horror mystery movies feature a masked killer targeting college students?
4233,Can you recommend a suspenseful slasher sequel set on a college campus?
4233,What movies are similar to the original Scream but take place after the Woodsboro murders?
9602,What are some funny romantic movies about a wealthy or royal character finding love in disguise?
9602,Can you recommend a romantic comedy set in New York about someone from another country starting a new life?
9602,What movies are similar to a comedy about a prince who travels to America to find true love?
397243,What are some creepy horror mysteries about coroners or autopsies?
397243,Can you recommend a suspenseful supernatural horror movie with a mysterious unidentified corpse?
397243,"What horror movies have a tense, claustrophobic setting and disturbing secrets revealed through an investigation?"
8916,Can you recommend an animated family comedy about an ordinary ant who switches places with a soldier and gets caught up in an adventure?
8916,What are some funny animated movies about a neurotic underdog who falls in love with a rebellious princess?
8916,"I’m looking for a family-friendly animated film featuring ants, military adventure, and a character who rises to unlikely stardom."
6477,What are some fun family-friendly animated comedies about singing animals?
6477,Can you recommend a lighthearted fantasy movie with mischievous animal characters and lots of humor?
6477,What movies would you suggest for kids about a struggling musician who discovers a talented group of performers?
49046,What are some powerful anti-war dramas about young soldiers experiencing the horrors of World War I?
49046,Can you recommend a gritty and emotional war movie that explores the loss of innocence on the battlefield?
49046,What films are similar to a realistic World War I story about German soldiers whose patriotic ideals are shattered by combat?
1885,What are some uplifting martial arts movies about a bullied teenager who trains under a wise mentor?
1885,"Can you recommend an action-drama movie with an underdog teen, a memorable mentor, and a climactic tournament?"
1885,"What family-friendly movies feature coming-of-age themes, high school rivalry, and karate training?"
391,What are some classic Westerns featuring a mysterious gunslinger caught between rival factions?
391,Can you recommend a gritty Western about a stranger manipulating a conflict between feuding families in a Mexican town?
391,What movies are similar to a Western where an outsider plays both sides for money during a violent power struggle?
9533,What are some dark crime thrillers about an FBI agent hunting a serial killer with help from a dangerous imprisoned killer?
9533,Can you recommend a horror thriller featuring Hannibal Lecter or a similarly brilliant and terrifying criminal mastermind?
9533,What movies are similar to a suspenseful serial-killer investigation with psychological cat-and-mouse tension?
45317,What are some inspiring boxing dramas about underdog athletes?
45317,Can you recommend a movie about a boxer overcoming family struggles and adversity?
45317,What films are similar to Rocky and based on a true story?
1701,What are some action thrillers about a prison transport plane being hijacked by dangerous criminals?
1701,Can you recommend movies with an ex-soldier trying to protect people during a high-stakes airborne hostage situation?
1701,"What crime movies feature an ensemble of notorious prisoners, intense action, and a battle for control of an airplane?"
785084,Can you recommend a deeply emotional drama about an estranged father trying to reconnect with his teenage daughter?
785084,What are some thought-provoking movies about redemption and repairing a broken family relationship?
785084,I’m looking for a serious character-driven film about a reclusive person seeking one last chance to make amends—what should I watch?
133805,What are some horror dramas about a bullied teenage girl with supernatural powers?
133805,Can you recommend a movie about a socially isolated teen dealing with both school harassment and an abusive parent?
133805,What psychological horror films feature a troubled teenager with telekinetic abilities?
493529,What are some funny fantasy adventure movies with a group of unlikely heroes and an exciting heist?
493529,"Can you recommend a lighthearted fantasy movie with magic, adventure, and plenty of comedy?"
493529,What movies are similar to Dungeons & Dragons: Honor Among Thieves?
823464,What action-adventure sci-fi movies feature giant monsters and epic battles?
823464,Can you recommend a thrilling movie where Godzilla and Kong team up against a powerful new threat?
823464,What movies are similar to Godzilla vs. Kong with spectacular creature fights and a world-threatening adventure?
9522,What are some funny romantic comedies about friends who crash weddings and get into unexpected relationships?
9522,Can you recommend a comedy about a carefree guy who falls in love with someone at a wedding?
9522,"What movies are similar to a raunchy romantic comedy involving wedding crashing, friendship, and true love?"
109418,What are some funny family comedies about old friends reuniting in their hometown?
109418,Can you recommend a lighthearted comedy about parents and kids getting into trouble on the last day of school?
109418,"What movies are similar to a fun, nostalgic comedy where grown-ups learn lessons from their children?"
76,What are some romantic movies about two strangers meeting and spending one meaningful night together?
76,"Can you recommend a thoughtful, dialogue-driven romance set in a beautiful European city?"
76,"What movies explore love, life, and connection through intimate conversations between travelers?"
4347,"What are some emotional period dramas about love, guilt, and the consequences of a false accusation?"
4347,Can you recommend a romantic movie where a misunderstanding changes several people's lives?
4347,What films explore forbidden love and the lasting impact of a childhood mistake?
1907,What are some adventure movies about travelers searching for a hidden paradise in Thailand?
1907,Can you recommend a thrilling romantic drama set on a remote tropical beach?
1907,What movies feature young travelers discovering a mysterious map that leads to an isolated island paradise?
136797,What are some action movies about street racing and revenge?
136797,Can you recommend a thrilling movie where a driver is framed and seeks payback in an illegal cross-country race?
136797,"What movies are similar to Fast & Furious with high-speed cars, crime, and intense rivalries?"
71552,What are some funny movies about old high school friends reuniting years later?
71552,Can you recommend a comedy about a group of friends coming back together for their high school reunion?
71552,What movies explore how friendships change when longtime friends return to their hometown?
840,What are some thought-provoking sci-fi dramas about ordinary people having mysterious encounters with UFOs?
840,Can you recommend a movie about a power-line worker who becomes obsessed with a strange extraterrestrial experience?
840,What should I watch if I want an emotionally powerful alien-contact film set around a mysterious wilderness rendezvous?
400155,What are some funny animated family movies about monsters going on vacation?
400155,Can you recommend a lighthearted fantasy comedy for the whole family with Dracula and his friends?
400155,"What movies are similar to an animated monster adventure featuring romance, humor, and a cruise ship setting?"
581,What are some epic Western dramas about a Civil War soldier who befriends a Native American tribe?
581,Can you recommend an adventure movie set on the American frontier with strong themes of friendship and cultural understanding?
581,What films are similar to a sweeping historical Western featuring a soldier who forms an unlikely bond with the Sioux?
508965,What are some heartwarming animated family movies with a funny story and a Christmas theme?
508965,Can you recommend an uplifting movie about unlikely friends bringing joy to a troubled community?
508965,What animated comedies are suitable for watching with the whole family during the holidays?
10515,Can you recommend an animated fantasy adventure about a boy and girl searching for a legendary floating castle?
10515,"What family-friendly movies feature magic crystals, sky pirates, and an exciting race for a mysterious destination?"
10515,"I'm looking for an action-packed animated film with airships, pirates, and a fantastical floating castle—what should I watch?"
1903,What are some mind-bending romantic sci-fi movies about blurred lines between dreams and reality?
1903,"Can you recommend a mystery movie with romance, existential themes, and an unreliable reality?"
1903,What films are similar to a story about a wealthy man whose life changes after a disfiguring accident and becomes psychologically surreal?
985939,"What are some intense survival thrillers about people trapped in dangerous, isolated places?"
985939,"Can you recommend a suspenseful movie involving extreme climbing, heights, and a desperate fight to survive?"
985939,What thrillers are similar to a story about two friends stranded at the top of a radio tower with no way down?
9732,What animated family movies feature a romantic story between lions from rival pride groups?
9732,Can you recommend an adventurous Disney sequel about Simba's daughter Kiara and her relationship with Kovu?
9732,"What family-friendly animated dramas continue the story of The Lion King with themes of love, loyalty, and reconciliation?"
55721,What are some funny romantic comedies about a woman trying to be the perfect maid of honor for her best friend?
55721,"Can you recommend a comedy about a broke, lovelorn woman navigating her best friend's extravagant wedding?"
55721,What movies feature hilarious bridesmaid drama and the lengths someone will go for a lifelong friendship?
302401,What are some gripping dramas about whistleblowers who expose government secrets?
302401,Can you recommend a true-story thriller about mass surveillance and leaked classified information?
302401,"What movies are similar to Snowden and explore government corruption, secrecy, and betrayal?"
10137,Can you recommend a funny family adventure about a brave talking animal who becomes part of a human family?
10137,What are some heartwarming fantasy comedies about siblings learning to accept an unusual new family member?
10137,I’m looking for a kid-friendly adventure movie featuring an adorable mouse and lots of family humor—what should I watch?
399035,What are some action thrillers about an ordinary person caught in a dangerous conspiracy during their daily commute?
399035,Can you recommend a suspenseful mystery movie involving a businessman who gets pulled into a criminal plot on a train?
399035,What movies are similar to a tense thriller where a commuter must uncover a conspiracy while trying to save innocent lives?
34851,What are some action-packed science fiction thrillers about dangerous people being hunted on an alien planet?
34851,Can you recommend a movie where a group of ruthless killers must survive being hunted by extraterrestrial creatures?
34851,"What films are similar to Predators, featuring intense survival battles against alien hunters?"
11886,Can you recommend an animated family adventure about Robin Hood and his band of merry men?
11886,"What are some family-friendly movies featuring animal characters, a corrupt sheriff, and a heroic outlaw?"
11886,I’m looking for a fun animated adventure set in medieval Nottingham with Robin Hood—what should I watch?
945961,What are some good horror sci-fi movies set in space?
945961,Can you recommend a terrifying alien movie with young protagonists?
945961,What movies feature a group of space colonizers facing a deadly creature?
9800,What are some powerful courtroom dramas about AIDS discrimination and fighting for justice?
9800,Can you recommend a movie about two unlikely allies taking on a powerful law firm?
9800,"What movies explore prejudice, courage, and friendship during the AIDS crisis?"
11423,What are some gripping crime thrillers about detectives hunting a serial killer?
11423,Can you recommend a dark Korean movie about a serial murder investigation?
11423,"What films have a tense, realistic atmosphere and detectives using very different methods to solve a brutal case?"
9016,What are some family-friendly animated adventure movies set in space?
9016,Can you recommend a sci-fi fantasy movie about a young hero searching for hidden treasure?
9016,"What movies combine space exploration, pirates, and an exciting coming-of-age adventure?"
305470,What action-packed sci-fi movies feature a group of teenagers who must team up to save the world?
305470,Can you recommend an adventurous superhero movie about ordinary teens discovering extraordinary powers?
305470,"What movies are similar to Power Rangers, with an alien threat, teamwork, and young heroes?"
123553,Can you recommend a fantasy action movie about a teenager who discovers a hidden supernatural world and must fight evil?
123553,"What movies are similar to The Mortal Instruments: City of Bones, with Shadowhunters, demons, vampires, and mystery?"
123553,"I’m looking for an urban fantasy movie with teenage heroes, magical creatures, and an action-packed adventure—what should I watch?"
63311,Can you recommend a psychological thriller about a brilliant surgeon experimenting with synthetic skin?
63311,What horror mysteries feature a captive woman and a doctor with a disturbing obsession?
63311,"Are there any unsettling films about medical experiments, identity transformation, and revenge?"
5175,What are some action-comedy movies about mismatched partners investigating a criminal conspiracy abroad?
5175,"Can you recommend a funny buddy-cop movie with martial arts, crime, and a lot of action?"
5175,"What movies are similar to Rush Hour, featuring Jackie Chan, Chris Tucker, and an international counterfeiting plot?"
227156,What are some thought-provoking dystopian science fiction dramas about a society without pain or choice?
227156,Can you recommend a movie about a young person discovering the truth behind a seemingly perfect community?
227156,"What films explore the importance of emotions, memories, and individual freedom in a controlled society?"
325133,What are some funny movies about a family dealing with loud college neighbors?
325133,Can you recommend a raunchy comedy involving a sorority and fraternity rivalry?
325133,"What comedies are similar to Neighbors, with chaotic neighbors and former enemies teaming up?"
134,What are some funny adventure movies set in the American South during the 1930s?
134,Can you recommend a crime comedy about escaped convicts searching for treasure?
134,"What movies have a folk-music feel, quirky characters, and a relentless lawman chasing the protagonists?"
417859,What are some fun animated adventure movies with comedy and action?
417859,Can you recommend a family-friendly movie featuring a heroic animal on an exciting quest?
417859,"What movies are similar to Shrek, with humor, fantasy, and memorable characters?"
381341,What are some drama movies about friends revealing each other's secrets during a dinner?
381341,Can you recommend a movie where a group of friends shares their phone messages and calls with unexpected consequences?
381341,What films explore how hidden secrets affect friendships during a dinner gathering?
8699,What are some funny movies about a chauvinistic anchorman whose career is challenged by a talented female reporter?
8699,Can you recommend a comedy set in the 1970s about rivalry and romance in a television newsroom?
8699,What movies are similar to Anchorman: The Legend of Ron Burgundy?
639,What are some romantic comedies about two friends who wonder whether men and women can stay platonic?
639,"Can you recommend a witty, heartfelt movie about a man and woman whose friendship eventually turns romantic?"
639,"What movies explore the complications of friendship, attraction, and falling in love?"
90,"What are some funny action-crime movies with a clever, rule-bending cop like Beverly Hills Cop?"
90,Can you recommend an entertaining 1980s buddy-cop movie set in a glamorous city?
90,What movies feature a fast-talking detective investigating his friend’s murder with plenty of comedy and action?
16859,What are some family-friendly animated fantasy movies about a young girl finding independence?
16859,Can you recommend a wholesome movie about a young witch starting a new life in a new community?
16859,What animated films feature magical adventures and a character running a unique small business?
6947,Can you recommend a mysterious thriller about a secluded village with strict rules and dark secrets?
6947,What movies combine drama and suspense in a remote community where venturing beyond its boundaries is forbidden?
6947,I'm looking for a thought-provoking thriller about a rebellious young man whose actions disrupt an isolated town—what should I watch?
4133,What are some crime dramas based on true stories about drug trafficking and the rise of a cocaine empire?
4133,"Can you recommend movies about the Medellín Cartel, Pablo Escobar, or the 1970s cocaine trade in the United States?"
4133,What gripping crime movies follow an ambitious person who becomes deeply involved in an international drug cartel?
36955,Can you recommend an action thriller about a secret agent battling terrorists while dealing with problems in his marriage?
36955,"What movies combine globe-trotting espionage, nuclear threats, and comedic marital drama?"
36955,"I’m looking for a fast-paced action movie featuring a fearless spy, international terrorists, and a wife who may be having an affair."
7737,"What are some action-horror movies featuring zombies, survival in a post-apocalyptic world, and a strong female lead?"
7737,Can you recommend a sci-fi horror movie about survivors crossing a desert while fighting hordes of zombies and a powerful corporation?
7737,"What movies are similar to Resident Evil, with intense action, undead enemies, and a post-apocalyptic setting?"
484247,What are some mystery thrillers about a mother investigating her friend’s disappearance?
484247,"Can you recommend a darkly comedic movie involving secrets, deception, and a missing woman?"
484247,What movies feature a seemingly ordinary suburban friendship that leads to a suspenseful investigation?
9286,What are some horror movies about teenagers who have a premonition that saves them from a deadly accident but can't escape death forever?
9286,Can you recommend a scary supernatural thriller involving a roller coaster disaster and survivors being killed one by one?
9286,What movies are similar to a suspenseful horror film where a group of high school students cheat death and are hunted by an unseen force?
1452,What are some action-packed superhero movies where the hero returns after being gone for years?
1452,Can you recommend a science fiction adventure movie featuring Superman fighting Lex Luthor to save the world?
1452,"What movies combine superhero action, personal drama, and a villain plotting to reshape the planet?"
91586,What horror movies feature a haunted family uncovering dark secrets from the past?
91586,Can you recommend a supernatural thriller about a family connected to the spirit world?
91586,What movies are similar to Insidious and involve terrifying paranormal activity and family mysteries?
291870,What are some raunchy comedy movies about an unexpected road trip with a grandparent?
291870,"Can you recommend a funny, adult-oriented movie set during spring break?"
291870,What movies feature a straight-laced guy getting pulled into wild adventures by a mischievous relative?
12153,Can you recommend a funny crime comedy about FBI agents who go undercover as wealthy socialite sisters?
12153,What movies are similar to a comedy where two brothers disguise themselves as white women to complete an FBI mission?
12153,"I'm looking for a goofy buddy comedy involving undercover agents, mistaken identities, and wealthy Hamptons socialites."
138697,What are some romantic comedies about a guy who struggles with unrealistic expectations from watching porn?
138697,Can you recommend a funny but heartfelt movie about finding real intimacy and happiness in a relationship?
138697,"What movies feature a New Jersey man balancing family, faith, friends, and a complicated love life?"
27581,What are some funny action movies about mismatched cops who unexpectedly uncover a major case?
27581,Can you recommend a buddy-cop comedy where two overlooked detectives finally get a chance to prove themselves?
27581,"What movies combine outrageous comedy, police action, and a pair of unlikely heroes?"
9273,What are some funny adventure movies with a quirky detective on an unusual mission?
9273,Can you recommend a lighthearted jungle adventure comedy involving a missing animal and tribal intrigue?
9273,What movies are similar to Jim Carrey comedies that combine slapstick humor with an action-packed quest?
8835,What are some funny movies about a fashionable woman proving herself in a challenging environment?
8835,Can you recommend a lighthearted comedy about a determined woman overcoming stereotypes and finding her confidence?
8835,What movies are similar to a feel-good comedy about a sorority girl who goes to Harvard Law School to win back her ex?
339988,"What are some thought-provoking sci-fi thrillers about technology, surveillance, and privacy?"
339988,Can you recommend a drama about an employee caught up in a powerful tech corporation's dangerous quest for total transparency?
339988,What movies explore how social media and corporate surveillance could threaten personal freedom and humanity's future?
406,Can you recommend a gritty French drama about young friends dealing with police violence and unrest in a Paris suburb?
406,"What movies explore racial tension, social inequality, and riots through the lives of three friends?"
406,I’m looking for a realistic black-and-white film about marginalized youth wandering through a tense day after a riot—what should I watch?
10719,What are some funny and heartwarming Christmas movies for the whole family?
10719,Can you recommend a fantasy comedy about someone raised at the North Pole who travels to New York to find their father?
10719,What movies have a lovable outsider discovering their identity while bringing Christmas spirit to a busy city?
19404,Can you recommend a Bollywood romantic comedy about an NRI who falls in love with a woman promised to someone else?
19404,"What are some heartfelt Indian romance movies involving family values, arranged marriage, and a rebellious love story?"
19404,"I’m looking for a classic Hindi film that combines comedy, drama, romance, and the clash between tradition and modern love."
525,What are some funny crime comedies with lots of live music and unforgettable performances?
525,Can you recommend a movie about brothers reuniting their old band for a good cause?
525,"What movies combine musical performances, comedy, and a chaotic road-trip adventure?"
2698,What are some funny family-friendly fantasy movies about an ordinary person chosen by God for an extraordinary mission?
2698,Can you recommend a lighthearted comedy about building an ark to survive a great flood?
2698,"What movies are similar to Evan Almighty, featuring faith, supernatural events, and family-friendly humor?"
635302,"What are some good anime movies with intense action, fantasy elements, and memorable demon battles?"
635302,Can you recommend an anime movie that continues Tanjiro's journey and features the Demon Slayer Corps?
635302,What fantasy action movies involve a group of heroes fighting demons aboard a mysterious train?
924,What are some horror movies about survivors hiding from flesh-eating zombies in a shopping mall?
924,Can you recommend a scary science fiction movie where a group of people takes refuge during a zombie apocalypse?
924,"What movies feature aggressive zombies, a desperate group of survivors, and a siege in a shopping mall?"
637920,What are some emotional dramas about a father with an intellectual disability fighting to reunite with his daughter?
637920,Can you recommend a heartbreaking movie about a wrongly imprisoned father and his child?
637920,What films explore the bond between a father and daughter separated by an unjust legal system?
9495,Can you recommend a dark fantasy action movie about a musician who returns from the dead to avenge his murdered fiancée?
9495,What thriller features a supernatural hero guided by a crow as he hunts down the gang responsible for his death?
9495,"I’m looking for a gothic revenge movie with intense action, romance, and supernatural elements—what should I watch?"
4256,What are some funny parody movies involving aliens and an investigative journalist?
4256,"Can you recommend a comedy about mysterious crop circles, deadly videotapes, and an alien invasion?"
4256,What movies are similar to a horror spoof with a news anchor trying to save the president from aliens?
378064,Can you recommend an emotional animated movie about redemption and forgiveness?
378064,"What are some heartfelt anime films that explore friendship, bullying, and overcoming the past?"
378064,I’m looking for a touching romance drama with meaningful character development—what should I watch?
9820,What are some fun family comedies about twins or siblings switching places?
9820,Can you recommend a lighthearted romantic comedy that the whole family can enjoy?
9820,What movies feature separated siblings reuniting and trying to bring their parents back together?
387426,What movies are about a young girl trying to save her giant animal friend from a powerful corporation?
387426,Can you recommend an emotional science fiction adventure about the bond between a child and a massive creature?
387426,"What films explore animal rights and corporate greed through an exciting, heartfelt adventure?"
764,What are some classic horror movies set in an isolated cabin with a group of friends?
764,Can you recommend a terrifying supernatural horror movie about college students uncovering an ancient evil?
764,What scary films have a similar atmosphere to a weekend getaway that turns into a fight for survival?
558449,What action-adventure movies feature a gladiator fighting against tyrannical rulers in ancient Rome?
558449,Can you recommend a dramatic historical epic about a warrior seeking revenge and restoring honor to an empire?
558449,"What movies are similar to Gladiator, with intense Colosseum battles and a story about reclaiming Rome's glory?"
37136,Can you recommend a hilarious crime comedy about a bumbling police lieutenant trying to stop an assassination?
37136,What are some funny detective movies with absurd investigations and slapstick police action?
37136,I’m looking for a lighthearted parody of police and crime movies involving a plot to assassinate a major political figure.
136400,What are some action-comedy crime movies about undercover agents who are betrayed by the criminals they are investigating?
136400,Can you recommend a movie where two rival undercover operatives team up after being framed by the mob?
136400,"What films combine buddy-cop humor, DEA or military undercover work, and a high-stakes crime conspiracy?"
4327,Can you recommend an action-comedy movie about a team of female spies and martial artists?
4327,"What are some fun adventure movies featuring crime-fighting women, disguises, and espionage?"
4327,I’m looking for a lighthearted movie about a trio of agents taking down a mastermind—what should I watch?
1996,What are some action-adventure movies featuring a fearless female archaeologist on a quest for an ancient artifact?
1996,"Can you recommend a fantasy adventure movie with treasure hunting, globe-trotting locations, and high-stakes action?"
1996,"What movies involve mythical relics, deadly ancient powers, and an adventurous heroine trying to save the world?"
213,Can you recommend a classic thriller about an ordinary man mistaken for a spy and pursued across the country?
213,"What adventure movies feature a fast-paced chase, mistaken identity, and espionage?"
213,"I’m looking for a stylish Hitchcock-style thriller with suspense, travel, and a man on the run—what should I watch?"
51828,What are some romantic dramas about two people whose relationship evolves over many years?
51828,Can you recommend a bittersweet romance that follows a couple through different stages of their lives?
51828,What movies are similar to a love story about college friends who reconnect on the same day every year?
72545,What are some adventurous family-friendly movies about exploring a mysterious island?
72545,Can you recommend an action-packed science fiction adventure about a boy searching for his missing grandfather?
72545,What movies feature a thrilling journey to a mythical island with family teamwork and discovery?
203833,What are some emotional WWII dramas about a young girl who finds comfort in books?
203833,Can you recommend a moving historical drama about life in Nazi Germany and helping a Jewish refugee?
203833,"What movies explore courage, friendship, and hope during World War II through a child's perspective?"
329996,"What family-friendly fantasy adventure movies feature an unusual animal with a special ability, like a flying elephant?"
329996,"Can you recommend a visually magical movie about a circus, friendship, and overcoming differences?"
329996,What adventurous family movies combine a whimsical story with darker secrets hidden beneath a glamorous world?
1371,What are some inspiring boxing dramas about a champion facing a fierce new rival?
1371,Can you recommend a sports movie where a former rival helps the hero regain his confidence?
1371,What boxing films feature an intense comeback story and a powerful adversary?
2789,What are some action-packed science fiction movies about a tough antihero caught in an intergalactic war?
2789,"Can you recommend a sci-fi movie featuring an escaped convict, bounty hunters, and battles to save humanity?"
2789,"What movies have dark futuristic worlds, intense action, and a reluctant hero fighting for the fate of the universe?"
57165,What are some fantasy adventure movies about gods and titans battling for control?
57165,"Can you recommend an action-packed movie featuring Perseus, Greek mythology, and an ancient evil?"
57165,What movies are similar to a mythological adventure where humanity's lack of faith weakens the gods?
3580,Can you recommend a crime drama about a mother searching for her missing child and uncovering police corruption?
3580,What mystery movies are set in the 1920s and involve a missing child and a mother questioning the authorities?
3580,"I’m looking for a dark, emotional film about a woman fighting to prove that a child returned to her is not really hers."
186,What are some stylish crime thrillers with clever twists and dark humor?
186,Can you recommend a movie about an ordinary person caught between rival criminal bosses?
186,What films feature an intricate revenge plot involving gangsters and a mysterious assassin?
938,What are some classic Westerns about bounty hunters teaming up to track down a ruthless outlaw?
938,Can you recommend a gritty Western with a high-stakes manhunt and a brutal bandit as the main villain?
938,What movies are similar to a spaghetti Western featuring rival bounty hunters pursuing a notorious criminal?
9919,What are some funny romantic comedies about two people making bets or trying to win each other over?
9919,Can you recommend a lighthearted rom-com where a couple starts out with secret ulterior motives?
9919,What movies are similar to a hilarious battle-of-the-sexes romance involving a 10-day challenge?
270946,What are some funny animated adventure movies the whole family can enjoy?
270946,Can you recommend a family-friendly movie about animal heroes going on a secret mission?
270946,What animated comedies feature a team of characters trying to save the world?
116741,What are some funny movies about middle-aged men starting over in the tech industry?
116741,Can you recommend a comedy about unlikely interns competing at a successful company?
116741,"What movies feature older coworkers trying to fit in with a younger, modern workplace?"
164,What are some classic romantic comedies set in New York City?
164,"Can you recommend a stylish, charming movie about an eccentric socialite who falls for a writer?"
164,"What movies combine romance, comedy, drama, and characters with complicated pasts?"
2270,Can you recommend a fantasy adventure movie about a young man who ventures into a magical realm to retrieve a fallen star for the woman he loves?
2270,"What romantic fantasy movies feature a magical kingdom, a heroic journey, and a protagonist discovering his true identity?"
2270,"I’m looking for a family-friendly adventure with romance, magic, and a quest involving a fallen star—what should I watch?"
571,What are some classic horror thrillers about unexpected attacks on a small town?
571,Can you recommend a suspenseful movie where animals terrorize a community?
571,What scary films feature deadly bird attacks and escalating chaos?
590223,What are some funny adventure movies about surviving in a monster-filled post-apocalyptic world?
590223,"Can you recommend a lighthearted fantasy movie with monsters, romance, and an underdog hero?"
590223,What movies are similar to a post-apocalyptic road trip where someone risks everything to reunite with their high school sweetheart?
399057,Can you recommend a dark psychological thriller about a successful doctor whose seemingly perfect family life is threatened by a mysterious teenage boy?
399057,"What are some unsettling, slow-burn mystery dramas with surreal elements and a morally disturbing atmosphere?"
399057,"I’m looking for a tense, disturbing film about guilt, family, and an outsider who gradually infiltrates an affluent household—what should I watch?"
272693,Can you recommend a funny high school romance about a girl trying to overcome her unpopular reputation?
272693,"What are some romantic comedies about friendship, self-confidence, and dealing with mean girls at school?"
272693,I’m looking for a lighthearted teen movie where a charming jock helps a girl transform her social image—what should I watch?
9392,What are some intense horror movies about people trapped underground?
9392,Can you recommend a terrifying survival movie featuring cave exploration and monstrous creatures?
9392,What adventure-horror films have a group of friends fighting to escape a dangerous underground environment?
360920,Can you recommend an animated family movie about a grumpy character trying to ruin Christmas?
360920,"What are some funny, festive fantasy movies the whole family can watch together?"
360920,I’m looking for a Christmas movie where a child helps change a lonely or mean character’s heart.
869,Can you recommend a thrilling science fiction adventure about an astronaut stranded on a planet ruled by intelligent apes?
869,What action movies feature a crash-landed hero trying to escape a savage world dominated by talking apes?
869,I’m looking for an adventurous movie with humans oppressed by a powerful ape army and a protagonist desperate to get home—what do you suggest?
537996,Can you recommend a darkly funny Western anthology set in the Old West?
537996,What movies feature several interconnected stories about strange characters in the American frontier?
537996,"I’m looking for a Western drama with quirky humor, traveling performers, outlaws, and a gold prospector—what should I watch?"
503736,Can you recommend an action-packed zombie movie with a heist plot?
503736,What horror films feature a group of mercenaries battling zombies in a quarantined city?
503736,"I’m looking for a violent, high-stakes crime thriller set during a zombie outbreak—what should I watch?"
205587,"Can you recommend a drama about a successful lawyer who returns home and defends his estranged father, a judge accused of murder?"
205587,What movies explore a strained father-son relationship while one of them faces a murder trial?
205587,I’m looking for an emotional courtroom drama set in a small town involving a lawyer and his judge father.
132232,Can you recommend a supernatural horror movie about two girls who disappear into the woods and are later haunted by a mysterious presence?
132232,What scary movies feature children being cared for by a potentially dangerous ghost or supernatural entity?
132232,"I’m looking for a creepy, atmospheric horror film involving orphaned sisters, a haunted house, and a mysterious woman—what should I watch?"
87421,Can you recommend a sci-fi action thriller about a lone survivor fighting alien predators on a dangerous planet?
87421,What movies feature a powerful antihero being hunted by bounty hunters in space?
87421,"I’m looking for a dark, intense science fiction movie with revenge, survival, and vicious alien creatures."
188161,Can you recommend a funny Western about a cowardly farmer who falls for a mysterious woman?
188161,What comedies are set in the Old West and involve a notorious gunslinger challenging the main character?
188161,"Are there any irreverent Western movies about romance, courage, and surviving the dangers of frontier life?"
787699,What are some fun fantasy comedies I can watch with the whole family?
787699,Can you recommend a whimsical family movie about a dreamer with big ideas and a love of sweets?
787699,"What movies have a magical, feel-good story with adventure, humor, and a charming inventor?"
8273,What are some funny romantic movies about a couple preparing for their wedding?
8273,Can you recommend a raunchy comedy about a bachelor party and wedding chaos?
8273,What movies should I watch if I enjoyed comedy romances with memorable friends and awkward family advice?
356305,What are some comedies about an overprotective dad who clashes with his daughter's wealthy boyfriend?
356305,Can you recommend a funny movie featuring a father competing with his daughter's unconventional rich boyfriend?
356305,"What movies have a family rivalry between a dad and his daughter's young, successful boyfriend?"
8698,What are some action-packed fantasy movies featuring famous literary characters teaming up to stop a global threat?
8698,Can you recommend a thrilling science fiction adventure set in the Victorian era with an ensemble cast of iconic characters?
8698,What movies are similar to a steampunk-style team adventure where heroes unite to prevent a world war?
224141,What fantasy comedies feature fairy-tale characters and a magical quest?
224141,"Can you recommend a funny, magical movie about a baker and his wife trying to break a witch's curse?"
224141,"What movies combine classic fairy tales, comedy, and an enchanted forest setting?"
3981,What are some funny romantic comedies about a man who can hear women's thoughts?
3981,Can you recommend a movie about a cocky man who learns empathy after discovering what women really think?
3981,"What romantic comedies feature workplace rivalry, unexpected mind-reading powers, and a chauvinistic protagonist?"
402,Can you recommend a psychological thriller about a seductive novelist suspected of murdering her boyfriend?
402,What mystery movies involve a murder that mirrors a crime described in a book?
402,"I’m looking for a suspenseful film with sexual intrigue, a dangerous femme fatale, and a murder investigation."
2832,What are some mystery thrillers about strangers trapped together in an isolated place during a storm?
2832,Can you recommend a suspenseful movie where people at a remote motel are picked off one by one and must figure out the killer?
2832,"What movies have a dark, twisty whodunit plot with a group of stranded travelers turning against each other?"
227159,What are some funny movies about friends starting a business and getting involved in a ridiculous kidnapping scheme?
227159,Can you recommend a comedy about three buddies whose entrepreneurial plans go horribly wrong?
227159,What movies are similar to a goofy comedy sequel featuring hapless friends taking on a slick investor?
34584,Can you recommend a family-friendly fantasy adventure about a young boy who discovers a magical world in a book?
34584,"What movies are similar to a classic fantasy story featuring a young warrior, a luck dragon, and a quest to save a magical land?"
34584,"I’m looking for an imaginative adventure movie for kids involving magic, mythical creatures, and an epic battle against darkness."
834,What are some action-packed fantasy movies about vampires and werewolves?
834,Can you recommend a thrilling movie featuring a vampire and werewolf hybrid working together?
834,What movies explore the origins and secrets of vampire and werewolf bloodlines?
770,What are some epic historical romance movies set during the American Civil War?
770,Can you recommend a classic drama about a complicated romance during wartime?
770,What movies feature a strong-willed Southern woman navigating love and loss during the Reconstruction era?
805,What are some psychological horror movies about a young couple moving into a mysterious apartment building?
805,Can you recommend a classic horror thriller about starting a family amid sinister supernatural events?
805,"What movies have a creepy New York setting, dark secrets, and a suspenseful story about pregnancy?"
205775,What are some thrilling historical adventure movies about surviving a shipwreck or disaster at sea?
205775,Can you recommend a dramatic movie based on a true maritime story involving a whaling ship?
205775,"What action-adventure films feature sailors battling a massive, dangerous whale?"
929590,What are some intense war dramas set in a near-future United States on the brink of collapse?
929590,Can you recommend action movies about journalists covering a dangerous civil conflict?
929590,"What films combine political unrest, military action, and a gripping survival story?"
116,What are some psychological thrillers about a man torn between his wealthy fiancée and his lover?
116,"Can you recommend a suspenseful romantic drama involving infidelity, ambition, and high society?"
116,"What movies explore obsession and betrayal among affluent families with a dark, morally complex story?"
321697,What are some good biographical dramas about influential technology innovators?
321697,Can you recommend a movie about Steve Jobs and the creation of iconic Apple products?
321697,What historical dramas offer an intimate behind-the-scenes look at major moments in the digital revolution?
227306,What are some inspiring World War II dramas based on true stories?
227306,Can you recommend a movie about an Olympic athlete who becomes a prisoner of war?
227306,What films should I watch about survival and resilience during wartime?
52520,What fantasy action-horror movies feature a vampire warrior fighting humans and werewolves?
52520,Can you recommend a dark supernatural action movie about vampires and Lycans battling for survival?
52520,"What movies are similar to Underworld, with intense combat, vampires, werewolves, and a post-apocalyptic atmosphere?"
290098,What are some romantic thrillers with intricate plot twists and forbidden love?
290098,Can you recommend a visually stunning period drama set in 1930s Korea or Japan?
290098,"What movies feature a con artist, a wealthy heiress, and a complicated relationship between two women?"
205584,What action-adventure fantasy movies are set in ancient Egypt?
205584,Can you recommend a movie where an unlikely hero teams up with a powerful god?
205584,What visually spectacular fantasy films feature Egyptian mythology and epic quests?
184315,What action-adventure movies feature a heroic warrior leading a team against overwhelming odds?
184315,Can you recommend a movie about Hercules battling a dangerous enemy to protect innocent people?
184315,What are some exciting adventure films with fearless warriors and epic battles?
2024,What are some action-packed historical war dramas about the American Revolution?
2024,Can you recommend a movie about a reluctant farmer who returns to battle to protect his son?
2024,What films feature intense family stories set during America's fight for independence?
710,Can you recommend an action thriller featuring James Bond and a high-stakes secret weapon?
710,"What adventure movies involve espionage, Russian crime syndicates, and international danger?"
710,I’m looking for a classic spy film with intense action and a stolen defense system—what should I watch?
6145,What are some suspenseful courtroom thrillers about a husband accused of trying to murder his wife?
6145,Can you recommend a cat-and-mouse thriller with unexpected twists between a prosecutor and a defendant?
6145,What movies feature a seemingly open-and-shut murder case that becomes a battle of wits in court?
9342,What are some action-adventure movies featuring a masked hero fighting oppression?
9342,"Can you recommend a swashbuckling movie with sword fights, romance, and revenge?"
9342,What movies are similar to a classic Zorro story with a mentor training a new hero?
9297,What are some funny animated family movies with a spooky or supernatural twist?
9297,Can you recommend a kid-friendly fantasy movie about children facing a haunted house?
9297,What movies are similar to a scary but lighthearted adventure featuring three kids and a mysterious house?
22954,Can you recommend a historical drama about Nelson Mandela and his efforts to unite South Africa through rugby?
22954,What movies are similar to a story about a divided nation coming together during a major sports championship?
22954,"I’m looking for an inspiring sports drama based on true events, especially one involving South Africa’s rugby team—what should I watch?"
1369,What are some action-packed war movies set in the jungles of Vietnam?
1369,Can you recommend a military thriller about a special forces veteran sent on a covert rescue mission?
1369,What adventure movies feature a lone soldier fighting through enemy territory?
613,What are some historically accurate war dramas about the final days of Nazi Germany?
613,Can you recommend a tense movie about the fall of Berlin during World War II?
613,What films portray Adolf Hitler's final days and the collapse of the Third Reich?
36648,What are some action-horror movies about a vampire hunter battling an ancient vampire threat?
36648,Can you recommend a dark supernatural action movie where a lone hero teams up with a group of human vampire hunters?
36648,What science fiction horror films feature intense vampire combat and a secret team fighting to save humanity?
866398,What action thrillers feature a former secret operative seeking revenge against a powerful organization?
866398,Can you recommend a gritty crime movie with a lone hero taking on a nationwide conspiracy?
866398,What movies are similar to an intense revenge thriller involving clandestine agents and high-stakes action?
71679,What are some action-horror sci-fi movies featuring zombies and a lone female hero fighting a global outbreak?
71679,"Can you recommend a fast-paced horror movie about a deadly virus, an evil corporation, and an underground facility?"
71679,"What movies are similar to Resident Evil, with post-apocalyptic action, flesh-eating undead, and science-fiction elements?"
146216,What action-comedy movies feature retired spies reuniting for a dangerous global mission?
146216,Can you recommend a funny thriller about elite operatives tracking down a missing nuclear weapon?
146216,What movies are similar to a lighthearted crime action film with an aging CIA team and international adventure?
7340,What are some horror movies about a bullied teenager who discovers she has supernatural powers?
7340,"Can you recommend a psychological thriller involving an abusive parent, high school bullying, and a violent supernatural twist?"
7340,What movies have a dark revenge story centered on a socially isolated girl with telekinetic abilities?
9837,"What are some powerful animated movies about family, brotherhood, and overcoming conflict?"
9837,Can you recommend a family-friendly adventure film with dramatic storytelling and an ancient Egyptian setting?
9837,What movies are similar to The Lion King or other emotional animated films about royal siblings and destiny?
653346,What are some action-packed sci-fi adventure movies about intelligent apes and the future of humanity?
653346,Can you recommend a post-apocalyptic movie where apes have become the dominant species and a young hero challenges a tyrannical leader?
653346,What movies explore the conflict between humans and apes in a futuristic world with epic adventure and political tension?
4964,What are some funny romantic comedies about an unexpected pregnancy and two people trying to make a relationship work?
4964,Can you recommend a movie about a career-focused woman and an immature slacker dealing with an unplanned baby?
4964,"What movies explore the challenges of new parenthood, relationship differences, and finding love after a one-night stand?"
1924,What are some action-packed science fiction movies about superheroes?
1924,Can you recommend an adventure movie featuring a mild-mannered hero who saves the world from a villainous mastermind?
1924,"What movies should I watch if I enjoy superhero stories with romance, journalism, and world-threatening schemes?"
20766,What are some emotionally intense post-apocalyptic adventure dramas about survival and family?
20766,"Can you recommend a bleak, atmospheric movie about a father and son traveling through a devastated world?"
20766,"What movies are similar to films about survival, hardship, and searching for hope after the end of civilization?"
725201,What are some action thrillers about a CIA agent being hunted by a rogue operative?
725201,"Can you recommend movies with globe-trotting espionage, intense action, and a deadly bounty hunt?"
725201,What should I watch if I enjoyed fast-paced spy thrillers with undercover agents and corrupt agencies?
1587,Can you recommend a heartfelt drama about a young man caring for his family in a small town?
1587,"What movies explore family responsibility, a mentally impaired sibling, and complicated relationships?"
1587,I'm looking for an emotional romance-drama about a troubled young man whose life changes when a free-spirited woman arrives in town.
276907,What are some crime thrillers about notorious gangsters in 1960s London?
276907,Can you recommend a movie about twin brothers who build a criminal empire through violence and nightclubs?
276907,What films are similar to a gritty true-crime story about the rise and fall of powerful gangsters?
49524,What are some funny supernatural action movies about undead cops or law enforcement in the afterlife?
49524,Can you recommend a movie where a murdered police officer comes back as part of a paranormal crime-fighting team?
49524,"What movies are similar to Men in Black but feature ghosts, zombies, or an afterlife police department?"
912649,What sci-fi action movies feature an unlikely duo being hunted while on the run from powerful enemies?
912649,"Can you recommend an adventurous superhero movie about an alien symbiote and its human host facing a final, high-stakes conflict?"
912649,What movies have a darkly humorous action tone and follow a reluctant human-and-alien partnership coming to an emotional conclusion?
249164,What are some emotional dramas about a young musician facing a life-changing decision?
249164,"Can you recommend a romance movie involving music, difficult choices, and overcoming tragedy?"
249164,"What films would I enjoy if I liked heartfelt stories about love, family, and life after a car accident?"
9798,What are some action thrillers about an ordinary person being framed by the government?
9798,Can you recommend movies involving NSA surveillance and political conspiracies?
9798,What films feature a family man on the run who must prove his innocence with help from a mysterious ally?
7555,What are some intense action movies about rescuing hostages in a war zone?
7555,Can you recommend a gritty military thriller set in Southeast Asia?
7555,What movies feature a hardened ex-soldier leading a dangerous mission against ruthless forces?
1272,What are some sci-fi thrillers about astronauts trying to save Earth from a dying Sun?
1272,Can you recommend a suspenseful space movie where a mission to revive the Sun fails and a second crew is sent?
1272,What movies feature a team of astronauts on a dangerous last-hope mission to save humanity?
86838,Can you recommend a dark comedy about a struggling screenwriter who gets caught up in the criminal underworld?
86838,What are some funny crime movies involving an unusual kidnapping and eccentric characters?
86838,"I’m looking for a movie like In Bruges with quirky criminals, absurd violence, and a darkly comedic story—what do you recommend?"
22971,Can you recommend a romantic drama about a soldier who falls in love while on leave and maintains a long-distance relationship through letters?
22971,What are some emotional war romances about two people separated by military service?
22971,"I’m looking for a heartfelt movie about young love, separation, and promises to stay in touch—what would you recommend?"
10330,What are some funny family movies about a mother and daughter who magically switch bodies?
10330,Can you recommend a lighthearted fantasy comedy about a teenage girl and her mom learning to understand each other?
10330,"What movies feature family conflicts, teenage romance, and a magical body-swap twist?"
829,Can you recommend a classic crime mystery thriller with a private detective uncovering political corruption and personal scandals?
829,What are some atmospheric noir films set in Los Angeles with intricate plots and morally complex characters?
829,"I’m looking for a suspenseful movie about adultery, deception, and a dangerous investigation—what should I watch?"
274479,What are some inspiring dramas about single mothers who overcome financial struggles to become successful entrepreneurs?
274479,Can you recommend a movie based on the true story of a woman who builds a business from scratch despite personal challenges?
274479,"What motivational films feature determined, resilient women pursuing entrepreneurial success?"
2123,What are some funny comedies about a man with multiple personalities who falls in love?
2123,Can you recommend a comedy starring Jim Carrey involving an unpredictable police officer and a love triangle?
2123,What movies are similar to a wild romantic comedy where two sides of the same man compete for the same woman?
19994,What are some horror comedies about a possessed or demonically evil teenager?
19994,"Can you recommend a funny, campy horror movie featuring a female villain and best-friend drama?"
19994,"What movies combine supernatural horror, dark humor, and high school characters?"
515195,What are some feel-good romantic comedies about struggling musicians?
515195,Can you recommend a fantasy movie with lots of music and a unique alternate-reality premise?
515195,What movies are similar to one where someone becomes famous by performing songs that nobody else remembers?
11778,What are some powerful war dramas about friendship and the lasting effects of combat?
11778,Can you recommend a Vietnam War movie with an emotional story about working-class friends?
11778,What films explore how war changes the lives of a close-knit group of friends?
588228,What are some action-packed sci-fi movies about humans fighting aliens in a future war?
588228,"Can you recommend an adventure movie involving time travel, global survival, and ordinary people becoming soldiers?"
588228,What movies feature a family man recruited to help save humanity from a deadly alien invasion?
911430,What are some action dramas about Formula 1 racing and a veteran driver making a comeback?
911430,Can you recommend a movie about a retired racing legend mentoring a young driver on a struggling team?
911430,What should I watch if I enjoy high-stakes motorsports films with intense competition and emotional drama?
10196,What fantasy adventure movies feature a young hero who must master elemental powers to save the world?
10196,Can you recommend an action movie about a war between nations and a quest to restore balance?
10196,"What movies are similar to Avatar: The Last Airbender, with magic, adventure, and an epic battle against an invading nation?"
7453,What are some funny sci-fi adventure movies about ordinary people getting swept into an intergalactic journey?
7453,"Can you recommend a quirky space comedy with aliens, absurd humor, and an unlikely hero?"
7453,What movies are similar to The Hitchhiker's Guide to the Galaxy?
10229,Can you recommend a heartfelt romantic drama about two high school students from very different backgrounds who fall in love?
10229,What are some emotional teen romance movies with a meaningful secret and a tearjerking story?
10229,I’m looking for a touching love story set in a small town involving a rebellious popular boy and a kind minister’s daughter.
376660,What are some funny teen movies about best friends whose friendship is tested by dating or sibling drama?
376660,Can you recommend a coming-of-age comedy-drama about a high school girl dealing with her best friend dating her older brother?
376660,"What movies are similar to The Edge of Seventeen, with awkward teenage relationships, friendship conflict, and family tension?"
116149,Can you recommend a family-friendly comedy about an adventurous bear finding a home in London?
116149,What are some feel-good movies about a lost character who is taken in by a kind family?
116149,I’m looking for a charming adventure movie that both children and adults can enjoy.
346,What are some classic action-dramas about samurai defending a village from bandits?
346,Can you recommend an epic Japanese film about a group of warriors protecting ordinary villagers?
346,What movies feature a team of skilled fighters teaching villagers how to defend themselves?
82682,What are some gritty crime thrillers about mobsters and corrupt police in 1940s Los Angeles?
82682,Can you recommend an action movie about a team of cops taking down a powerful crime boss?
82682,"What movies are similar to L.A. Confidential but focus more on gangsters, shootouts, and undercover police work?"
376659,What are some funny movies about overwhelmed moms who decide to break free from their responsibilities?
376659,Can you recommend a comedy about a group of mothers letting loose and having fun?
376659,What movies are similar to a lighthearted comedy about stressed-out moms seeking freedom and self-indulgence?
703,What are some witty romantic comedies set in New York City?
703,Can you recommend a movie about a neurotic comedian navigating a complicated relationship?
703,What films explore the ups and downs of an unconventional romance with plenty of humor?
72570,What are some romantic dramas about a married couple trying to rebuild their relationship after one partner loses her memory?
72570,Can you recommend a heartfelt love story where a husband has to make his wife fall in love with him again after an accident?
72570,"What movies explore the challenges of love, marriage, and starting over after a life-changing memory loss?"
489999,What are some mystery thrillers about a parent searching for a missing child using digital clues?
489999,Can you recommend a suspenseful movie told through a computer screen about uncovering a teenager's secrets?
489999,What dramas are similar to a missing-person investigation where the detective work centers on social media and a laptop?
8920,What are some funny family movies about a lazy pet dealing with a new dog in the house?
8920,Can you recommend a lighthearted comedy about a cat who feels jealous of a newly adopted dog?
8920,What family-friendly movies feature lovable pets and rivalry between animals?
929,What are some action-packed science fiction movies about giant monsters attacking cities?
929,Can you recommend a thrilling movie where a giant lizard threatens Manhattan and the military tries to stop it?
929,What movies feature a monster created by nuclear radiation that attacks ships and reproduces?
522938,What are some action thrillers about a retired warrior who returns to danger to rescue someone he loves?
522938,"Can you recommend a gritty, emotional movie featuring a hardened hero protecting a young woman from a dangerous criminal network?"
522938,"What movies are similar to Rambo: Last Blood, with intense revenge, family bonds, and a rescue mission across the border?"
1493,What are some funny action-comedies about an FBI agent going undercover?
1493,Can you recommend a movie where a tough female cop infiltrates a beauty pageant?
1493,"What movies combine crime-solving, comedy, and a beauty contest setting?"
1948,What are some high-octane action thrillers about a hit man racing against time to survive?
1948,Can you recommend a fast-paced crime movie with nonstop adrenaline and a dark sense of humor?
1948,What movies are similar to an action thriller where the protagonist must keep moving to stay alive while searching for an antidote?
228161,Can you recommend a funny animated family movie about aliens taking over Earth and a human girl befriending one of them?
228161,What are some lighthearted science fiction movies for kids featuring an unlikely friendship between a girl and a goofy alien?
228161,"I’m looking for a colorful, family-friendly animated movie about extraterrestrial relocation and an adventure to save the planet."
505026,What are some mystery thrillers set in exotic locations with a murder investigation?
505026,Can you recommend a crime movie about a murder on a luxury vacation or cruise?
505026,What films feature Hercule Poirot solving a murder among a group of wealthy suspects?
10189,What are some funny action-comedies about a stoner getting caught up in a dangerous criminal situation?
10189,Can you recommend a crime comedy with a buddy duo on the run from the police?
10189,"What movies combine marijuana humor, fast-paced action, and a witness to a murder?"
442249,What are some action-horror thrillers about a government-sanctioned night of violence?
442249,Can you recommend movies about a dystopian social experiment that spirals out of control?
442249,What films feature oppressed communities fighting back during a violent political uprising?
379686,"What are some fun family-friendly animated movies with comedy, adventure, and a little science fiction?"
379686,Can you recommend a movie where LeBron James teams up with the Looney Tunes for a high-stakes basketball game?
379686,What should we watch if we want a kid-friendly sports comedy with cartoon characters and an exciting digital-world adventure?
35791,What are some action-horror movies about surviving a zombie apocalypse?
35791,"Can you recommend a fast-paced sci-fi movie featuring a virus outbreak, undead creatures, and a strong female lead?"
35791,"What movies are similar to Resident Evil, with intense battles against zombies and an evil corporation?"
225886,What are some funny movies about a married couple trying to reignite their relationship?
225886,Can you recommend a raunchy comedy involving a couple who accidentally shares a private video?
225886,"What comedies are similar to Sex Tape, with adult humor and relationship chaos?"
460019,What are some horror thrillers about a harmless party game turning deadly?
460019,Can you recommend a scary movie where friends are forced to tell the truth or complete dangerous dares?
460019,What horror movies feature a supernatural entity punishing people for lying or refusing challenges?
41446,What are some horror mystery movies where a masked killer targets teenagers in a small town?
41446,Can you recommend a slasher movie about a survivor returning home and facing a new killer?
41446,"What movies are similar to the original Scream, with Ghostface-style murders and teenage victims?"
4771,What are some crime dramas about a missing child investigation led by private detectives?
4771,Can you recommend a gritty mystery movie set in a tough neighborhood where detectives uncover disturbing family secrets?
4771,What films are similar to a suspenseful Boston-based crime drama involving a kidnapped young girl and morally difficult choices?
340837,What are some horror mystery movies set in a mysterious wellness retreat or remote facility?
340837,Can you recommend a psychological horror film with science fiction elements and an unsettling spa or medical center?
340837,"What movies are similar to a dark, atmospheric thriller about a young executive uncovering disturbing secrets at an isolated resort?"
335977,Can you recommend an action-adventure movie featuring Indiana Jones on one of his final quests?
335977,What movies involve an aging hero pursuing an ancient artifact while battling a familiar rival?
335977,"I'm looking for an exciting treasure-hunting adventure with historical mysteries, action, and a legendary hero."
277216,What are some powerful biographical dramas about musicians and the rise of hip-hop?
277216,Can you recommend a movie about young artists using music to express their frustration with social injustice?
277216,What historical music films tell the true story of a groundbreaking rap group?
8810,Can you recommend an action movie set in a post-apocalyptic wasteland with intense vehicle chases?
8810,What are some gritty science fiction thrillers featuring a lone hero fighting brutal raiders for scarce resources?
8810,"I’m looking for a classic dystopian movie with an Australian desert setting, charismatic villains, and lots of explosive action—what should I watch?"
1817,What are some tense thriller movies about an ordinary person being trapped by a mysterious caller?
1817,Can you recommend a fast-paced crime thriller set mostly in one location with a deadly high-stakes phone call?
1817,"What movies have a suspenseful cat-and-mouse plot involving a sniper, a hostage situation, and a morally compromised protagonist?"
881,What are some gripping courtroom dramas involving military lawyers and high-stakes cases?
881,Can you recommend a tense legal drama about uncovering a conspiracy within the military?
881,What movies feature powerful courtroom confrontations and corruption among high-ranking officials?
48138,What are some action thrillers about a man who wakes up from a coma and discovers someone else has stolen his identity?
48138,"Can you recommend a mystery movie where no one believes the protagonist is who he says he is, not even his wife?"
48138,What suspenseful films involve uncovering the truth about a mysterious identity with help from an unlikely ally?
466420,What are some crime dramas based on true historical events involving the Osage Nation?
466420,Can you recommend a movie about murders tied to oil wealth in 1920s Oklahoma?
466420,What historical films explore an FBI investigation into the systematic killings of Native Americans?
569547,What are some mind-bending sci-fi thrillers about questioning reality and making choices?
569547,"Can you recommend a dark, interactive movie with multiple endings and a mystery storyline?"
569547,What movies are similar to a psychological thriller about a programmer adapting a disturbing novel into a video game?
189,"What are some stylish, gritty crime thrillers with multiple hard-boiled characters and intersecting storylines?"
189,"Can you recommend an action thriller set in a dark, violent city with comic-book visuals and morally ambiguous characters?"
189,"What movies are similar to Sin City, featuring noir atmosphere, brutal crime, and revenge-driven stories?"
136795,What are some funny action-comedies about mismatched female police partners?
136795,Can you recommend a crime comedy with strong female leads and lots of witty banter?
136795,What movies are similar to a buddy-cop film featuring an uptight FBI agent and a foul-mouthed Boston detective?
3558,What are some psychological dramas set in the 1960s about a young woman in a psychiatric hospital?
3558,"Can you recommend movies about mental health, institutionalization, and the struggle between normality and madness?"
3558,What films are similar to a coming-of-age story set in a psychiatric ward with complex female characters?
9982,Can you recommend a funny animated family movie about an underdog who has to save the world from aliens?
9982,What are some kid-friendly comedies featuring a group of misfit friends going on an exciting adventure?
9982,I’m looking for an animated movie about a little hero trying to prove everyone wrong when the sky really is falling—what do you suggest?
10483,What are some action thrillers set in futuristic prisons with brutal car races?
10483,"Can you recommend a movie about inmates competing in a televised, deadly race for their freedom?"
10483,"What sci-fi action movies feature high-speed, weaponized cars and an overcrowded prison system?"
64686,Can you recommend an action fantasy movie about samurai seeking revenge for their fallen master?
64686,What are some dramatic movies featuring outcast warriors on a quest to restore their honor?
64686,"I’m looking for a fantasy adventure with epic battles, samurai, and a story of loyalty and vengeance—what should I watch?"
1213,Can you recommend a psychological thriller about a con artist who assumes someone else's identity?
1213,"What are some crime dramas set in Italy involving deception, murder, and wealthy socialites?"
1213,I’m looking for a suspenseful movie about a nobody who infiltrates an affluent person’s glamorous lifestyle—what should I watch?
2898,Can you recommend a heartfelt romantic comedy about unlikely friendships and personal growth?
2898,What are some funny but emotional movies about a grumpy writer who learns to care about others?
2898,"I’m looking for a character-driven drama-comedy featuring a single mother, a gay artist, and an unlikely friendship."
529203,What are some fun animated family adventure movies about prehistoric characters?
529203,Can you recommend a lighthearted fantasy comedy that the whole family can enjoy?
529203,What movies feature two families who must overcome their differences and go on an epic adventure together?
75174,What are some intense survival thrillers set in the wilderness?
75174,Can you recommend an action movie about people surviving a plane crash and being hunted by wolves?
75174,"What movies are similar to The Grey, with harsh landscapes, suspense, and a fight for survival?"
345911,What are some horror movies about a supernatural entity that appears in the dark?
345911,Can you recommend a scary movie where a woman investigates her younger brother's terrifying experiences?
345911,What horror films feature a sinister spirit connected to a troubled family?
9313,What adventure movies feature the Three Musketeers reuniting to overthrow a tyrannical king?
9313,Can you recommend an action drama about a king's twin brother being imprisoned and secretly replacing him?
9313,"What historical adventure films involve palace intrigue, royal deception, and a group of former musketeers?"
14756,What are some great martial arts movies based on the lives of real historical figures?
14756,Can you recommend an action drama set in China during the Second Sino-Japanese War?
14756,What movies starring Donnie Yen feature impressive Wing Chun or traditional martial arts fights?
582,What are some gripping political thrillers set in East Germany during the Cold War?
582,Can you recommend a character-driven drama about a secret police officer who starts questioning his loyalties?
582,"What movies explore surveillance, moral conflict, and unexpected sympathy between spies and their targets?"
9739,What are some action-packed sci-fi movies about a cop chasing a dangerous criminal in a futuristic society?
9739,"Can you recommend movies like Demolition Man with crime, comedy, and time-displaced characters?"
9739,What films feature an old-school police officer awakened in the future to stop a notorious killer?
663,What are some horror thrillers with intense psychological games and deadly traps?
663,"Can you recommend a crime thriller like Saw with a dark, suspenseful storyline?"
663,What movies feature a protagonist forced to complete a dangerous game to save other people's lives?
10501,What are some fun animated adventure comedies for the whole family?
10501,Can you recommend a fantasy movie about two friends who stumble into a legendary city of gold?
10501,What movies feature comedic con artists getting mistaken for gods in an exciting adventure?
4148,Can you recommend a drama about a married couple struggling with dissatisfaction in 1950s suburbia?
4148,What romantic films explore the breakdown of a relationship and the pressure to live a conventional family life?
4148,"I’m looking for a serious, emotionally intense movie about a couple raising children while facing personal problems—what should I watch?"
16871,What are some horror movies about a curse that follows someone after a bad decision?
16871,Can you recommend a scary supernatural thriller with dark humor and a desperate fight to escape a curse?
16871,What horror films are similar to a story where a woman seeks help from a psychic to save her soul?
351460,What are some dark fantasy crime movies about a student who discovers a supernatural notebook that can kill people?
351460,"Can you recommend horror thrillers involving supernatural powers, moral choices, and a detective trying to stop the protagonist?"
351460,What movies are similar to a story about a teenager using a mysterious object to punish criminals while being pursued by a detective and a demon?
426426,What are some emotionally rich dramas set in 1970s Mexico City?
426426,Can you recommend a movie about domestic workers helping a family through a difficult period?
426426,What films explore family relationships and social change through the lives of household staff?
40807,What are some funny yet emotional movies about a young person facing cancer?
40807,Can you recommend a heartfelt comedy-drama inspired by a true story?
40807,What movies explore the struggle of dealing with a serious illness while still finding humor in life?
37094,Can you recommend a crime thriller about an ordinary man pushed to the edge by society's problems?
37094,What movies feature a frustrated man spiraling into violence while confronting the flaws of modern society?
37094,"I'm looking for a dark, psychological drama about someone who snaps and takes justice into his own hands—what should I watch?"
7350,What are some heartfelt comedy-dramas about two unlikely friends who make a bucket list together?
7350,Can you recommend a movie about people facing terminal illness and taking a meaningful road trip to fulfill their dreams?
7350,"What films explore friendship, regret, and finding joy in life through an inspiring adventure?"
301337,What are some thought-provoking sci-fi comedies about ordinary people trying to solve environmental problems?
301337,"Can you recommend movies that combine social satire, environmental themes, and a futuristic premise?"
301337,"What films feature a person undergoing an unusual transformation to pursue a better, more affordable life?"
55779,What horror movies involve a group of coworkers surviving a deadly bridge collapse only to be hunted by Death?
55779,Can you recommend a suspenseful mystery-horror movie about a premonition that saves people from a disaster but leaves them doomed afterward?
55779,"What movies are similar to Final Destination, with gruesome deaths, supernatural forces, and survivors trying to escape their fate?"
8271,What are some thrilling mystery movies about a teenager under house arrest who suspects his neighbor is dangerous?
8271,Can you recommend a suspenseful movie with a teenage protagonist spying on his neighbors and uncovering a disturbing secret?
8271,"What movies are similar to a tense teen thriller involving surveillance, house arrest, and a possible serial killer next door?"
1010581,Can you recommend a dramatic romance about a rebellious teenager who moves into a wealthy family’s mansion and falls for her new stepbrother?
1010581,What movies feature intense chemistry and conflict between two young people from a wealthy family with a thriller element?
1010581,I’m looking for a romantic drama about a strong-willed teenage girl adjusting to a new life of luxury and a complicated forbidden relationship.
9078,What are some family-friendly animated fantasy movies about young heroes and magic?
9078,Can you recommend an animated adventure with a humorous wizard mentor and a coming-of-age story?
9078,What classic Disney movies would be good for watching with children?
9804,Can you recommend an action-adventure movie set in a future where the Earth is covered by water?
9804,What sci-fi movies feature a seafaring hero searching for a mysterious dry land?
9804,"I’m looking for an adventurous post-apocalyptic movie with pirates, mutants, and a dangerous journey across the ocean."
11619,What are some funny animated adventure movies for the whole family?
11619,Can you recommend a family-friendly movie about a character who gets swept into an exciting underground adventure?
11619,"What animated films have quirky animal characters, comedy, and a madcap journey?"
882598,Can you recommend a psychological horror movie about a doctor haunted by a disturbing patient encounter?
882598,What are some creepy mystery horror films involving unexplained supernatural events?
882598,I’m looking for a scary movie with a traumatized protagonist who starts questioning her sanity—what should I watch?
2253,What are some tense World War II thrillers about attempts to overthrow Hitler?
2253,Can you recommend a dramatic war movie based on a real assassination plot against a Nazi leader?
2253,What films feature military resistance fighters carrying out a dangerous coup during World War II?
71,What are some uplifting coming-of-age movies about a working-class child discovering a passion for dance or the arts?
71,"Can you recommend a heartfelt drama set during a period of social unrest, with a young protagonist overcoming family and class struggles?"
71,"What movies combine music, dance, humor, and emotional storytelling like a boy pursuing an unexpected dream?"
3082,What are some funny yet heartfelt movies about a struggling man trying to build a life with a young woman?
3082,Can you recommend a classic comedy-drama romance about a bumbling underdog who keeps getting into trouble?
3082,"What movies combine physical comedy, social commentary, and a touching love story?"
81,What are some animated fantasy adventure movies about a brave princess protecting her kingdom and restoring harmony with nature?
81,"Can you recommend a post-apocalyptic animated film featuring a poisonous jungle, giant insects, and an environmental message?"
81,"What movies are similar to Warriors of the Wind, with epic adventure, beautiful animation, and a struggle between humanity and the natural world?"
71676,What action-fantasy movies feature a supernatural hero battling the devil to save a child?
71676,"Can you recommend a dark, thrilling superhero movie with intense action and a supernatural storyline?"
71676,What movies are similar to a story about a reluctant hero transforming into a flame-powered antihero to stop an evil force?
4234,What horror mystery movies feature a masked killer terrorizing the cast of a film within the movie?
4234,Can you recommend a suspenseful slasher sequel set around the production of a Hollywood movie?
4234,"What movies are similar to Scream, with returning survivors facing another Ghostface-style killer?"
10661,What are some funny action comedies about an over-the-top character pursuing an unusual dream?
10661,Can you recommend a goofy comedy about a tough soldier who leaves his old life behind for a career in hairstyling?
10661,"What movies combine absurd humor, action, and cultural clashes between Israeli and Arab characters?"
1164,What are some emotionally intense dramas about interconnected families and tragedy?
1164,Can you recommend a thought-provoking drama set partly in the Moroccan desert?
1164,What movies explore how a single tragic event affects people from different cultures and families?
646,"What are some classic spy thrillers with action, adventure, and a memorable villain?"
646,Can you recommend a James Bond movie featuring a dangerous scientific genius and an exotic island setting?
646,What movies are similar to a suspenseful secret-agent adventure where Bond must stop a villain from sabotaging the U.S. space program?
72710,What are some action-packed sci-fi movies about aliens taking over human bodies?
72710,Can you recommend an adventure movie where a human and an alien form an unexpected bond?
72710,What science fiction films feature parasitic aliens and humans fighting for control of Earth?
400535,What are some intense action thrillers about agents fighting Mexican drug cartels?
400535,Can you recommend a gritty crime movie involving cartel warfare and border smuggling?
400535,What movies are similar to Sicario and feature undercover operatives taking on dangerous criminals?
853,What are some gripping World War II movies set during the Battle of Stalingrad?
853,Can you recommend a historical war film about a sniper duel between a Russian and a German soldier?
853,What movies are similar to a tense cat-and-mouse thriller set on the Eastern Front during WWII?
10591,What are some funny romantic movies about a high school student falling for the girl next door?
10591,Can you recommend a coming-of-age rom-com where a relationship is complicated by someone’s secret past?
10591,"What movies combine teenage ambition, romance, and outrageous comedy?"
5176,What are some gritty Westerns about an outlaw being escorted to a train for trial?
5176,Can you recommend movies set in the Old West featuring a dangerous outlaw and a struggling rancher?
5176,What films are similar to a tense Western about capturing a notorious gang leader and delivering him to justice?
2280,What are some funny fantasy movies about a child magically becoming an adult?
2280,Can you recommend a heartfelt comedy about growing up and experiencing the adult world for the first time?
2280,What movies feature a young protagonist whose wish changes their life in an unexpected way?
72976,What are some historical dramas about Abraham Lincoln and the end of the Civil War?
72976,Can you recommend a movie about a U.S. president fighting to abolish slavery and reunite the country?
72976,"What serious, inspiring films depict the political struggle to end the American Civil War?"
10184,What are some romantic comedies about dating misunderstandings and mixed signals?
10184,Can you recommend a movie about people struggling with commitment and figuring out whether their partners are really interested?
10184,What ensemble relationship dramas are funny but also explore why modern romances fall apart?
153518,What are some funny animated adventure movies for the whole family?
153518,Can you recommend a family-friendly comedy about quirky outsiders going on an adventure?
153518,"What animated movies feature colorful characters, humor, and a battle against mischievous villains?"
522402,What are some heartfelt sci-fi adventure movies about a robot and a dog surviving after the apocalypse?
522402,"Can you recommend a movie about friendship, love, and humanity in a post-apocalyptic world?"
522402,"What movies are similar to a story about a dying inventor, his loyal dog, and a robot learning to care for them?"
438148,Can you recommend an animated family comedy about a young aspiring supervillain and his mischievous minions?
438148,What funny crime-themed animated movies feature a villain-in-training trying to prove himself?
438148,Are there any lighthearted science-fiction adventure movies about an evil mastermind and his loyal henchmen?
12163,What are some emotional dramas about an aging athlete trying to make a comeback?
12163,Can you recommend a gritty movie about a professional wrestler struggling with life after his glory days?
12163,What films explore a troubled father trying to reconnect with his estranged daughter while pursuing a difficult romance?
334,What are some emotionally intense ensemble dramas with interconnected stories?
334,Can you recommend a thought-provoking drama about troubled people whose lives unexpectedly intersect?
334,"What movies have a nonlinear, character-driven story set in Los Angeles?"
122081,What are some crime dramas about college girls who get involved with criminals during spring break?
122081,"Can you recommend a stylish, edgy movie about friends who rob a restaurant to fund a wild vacation?"
122081,What movies feature young women getting entangled in a dangerous criminal underworld while on spring break?
5038,What are some romantic dramas set in Spain involving a complicated love triangle?
5038,Can you recommend a movie about two friends who fall for the same man?
5038,"What films explore passionate, unconventional relationships and a tempestuous ex returning?"
396371,What are some gripping crime dramas based on true stories about high-stakes poker games?
396371,Can you recommend a movie about a woman who builds an underground gambling empire and attracts FBI attention?
396371,"What films are similar to Molly's Game, with sharp dialogue, ambition, and high-stakes crime?"
22947,What are some thoughtful dramas about a lonely professional who constantly travels for work and starts questioning his lifestyle?
22947,Can you recommend a romantic movie about someone who avoids commitment but reconsiders after meeting a special person?
22947,"What films explore corporate downsizing, frequent business travel, and finding meaning in life and relationships?"
4147,What are some crime dramas about a hitman trying to protect his son from the mob?
4147,"Can you recommend a dark, emotional thriller set in the world of organized crime?"
4147,What movies feature a father and son on the run while seeking revenge against a crime boss?
752623,What are some fun action-adventure comedies about a novelist who gets kidnapped and taken on a treasure hunt?
752623,"Can you recommend movies like Romancing the Stone with humor, exotic locations, and a reluctant hero?"
752623,"What movie should I watch if I want a lighthearted adventure with a kidnapped author, a charming cover model, and a lost ancient treasure?"
1089,What are some action thrillers about undercover FBI agents infiltrating a gang of bank robbers?
1089,"Can you recommend movies featuring surfers, high-stakes crime, and intense action?"
1089,What films are similar to a story about masked bank robbers and an undercover cop who gets close to their leader?
760104,What are some horror movies about a group of filmmakers being terrorized while shooting a film in rural Texas?
760104,Can you recommend a slasher movie set in the late 1970s involving young people and sinister elderly hosts?
760104,What horror films combine an adult-film production with a tense fight for survival?
41513,What are some fun family-friendly animated adventure movies with magical creatures?
41513,Can you recommend a lighthearted comedy about tiny characters trying to find their way home?
41513,"What movies are similar to The Smurfs, with fantasy, adventure, and humor for kids?"
615656,What are some action-packed sci-fi horror movies about giant sea creatures and deep-sea survival?
615656,Can you recommend a thrilling movie about a research team exploring the ocean depths and facing dangerous monsters?
615656,"What movies combine underwater adventure, terrifying creatures, and a battle against a ruthless mining operation?"
270487,Can you recommend a funny mystery movie about a Hollywood star who disappears during filming?
270487,What movies feature a studio fixer trying to solve the disappearance of an actor?
270487,I’m looking for a comedy set in old Hollywood involving a mysterious kidnapping—what should I watch?
198277,What are some heartfelt music-driven romantic dramas about starting over after a breakup?
198277,Can you recommend a movie about a struggling songwriter who gets a second chance with help from a music industry professional?
198277,"What uplifting films combine comedy, romance, and live music with an inspiring story?"
296099,What are some funny adventure movies about a family road trip going hilariously wrong?
296099,Can you recommend a comedy about parents taking their kids on a chaotic cross-country vacation?
296099,What movies are similar to a modern family vacation comedy with an over-the-top road trip and theme park adventure?
1592,What are some gripping courtroom crime thrillers with unexpected twists like Primal Fear?
1592,Can you recommend movies about defense attorneys who uncover dark secrets while defending an accused murderer?
1592,What psychological legal dramas are similar to Primal Fear and feature morally complex characters?
658,What are some classic spy movies with thrilling action and a larger-than-life villain?
658,Can you recommend an adventure thriller about a secret agent trying to stop an elaborate scheme to rob Fort Knox?
658,"What movies feature a suave secret agent, exotic locations, high-stakes espionage, and explosive action?"
670292,What are some sci-fi action movies about a future war between humans and artificial intelligence?
670292,Can you recommend an adventurous movie where a soldier hunts down the creator of a powerful AI weapon?
670292,What movies explore the conflict between humanity and advanced artificial intelligence with intense action and emotional stakes?
257445,What are some fun horror-comedy adventure movies suitable for a family movie night?
257445,Can you recommend a movie about a teenager who accidentally unleashes monsters from books?
257445,"What movies combine spooky creatures, humor, and a small-town adventure?"
4538,What are some funny adventure movies about siblings going on a journey together?
4538,"Can you recommend a quirky, heartfelt movie set in India about three brothers reconnecting?"
4538,"What movies combine family drama, comedy, and a spiritual road trip?"
871,What are some classic science fiction adventure movies about astronauts crash-landing on a strange planet?
871,Can you recommend a thought-provoking action movie where humans are hunted by an intelligent nonhuman civilization?
871,What dramatic sci-fi films feature a dystopian world ruled by apes or another unusual species?
8645,What are some thriller sci-fi movies about a deadly airborne virus threatening the United States?
8645,Can you recommend a suspenseful movie about a couple fleeing a mysterious biological disaster?
8645,What movies explore a mysterious environmental or biological threat that causes people to evacuate cities?
298250,What are some horror mystery movies involving a deadly game and a killer who is supposedly dead?
298250,Can you recommend a suspenseful horror movie where law enforcement investigates new crimes connected to a killer from the past?
298250,"What movies are similar to the Saw series, with gruesome puzzles and a mysterious mastermind?"
9335,What action thrillers feature a skilled former special forces driver protecting a kidnapped child?
9335,Can you recommend a fast-paced crime movie set in Miami involving a kidnapping and an elite chauffeur?
9335,What movies are similar to an action-packed thriller about a professional driver uncovering a kidnapping conspiracy?
9475,What are some emotionally powerful dramas about an unlikely friendship between a troubled student and a difficult older mentor?
9475,"Can you recommend a heartfelt movie set around Thanksgiving that explores personal growth, family, and redemption?"
9475,What films feature a young person caring for a cantankerous retired military veteran and learning important life lessons?
300671,Can you recommend a gripping war drama based on a real-life military crisis like 13 Hours: The Secret Soldiers of Benghazi?
300671,What are some intense historical action movies about American security teams facing an attack overseas?
300671,I’m looking for a suspenseful military movie set during a chaotic political conflict—what should I watch?
1690,What are some horror movies about backpackers who encounter something terrifying while traveling abroad?
1690,"Can you recommend a gruesome, suspenseful horror film set in a foreign country?"
1690,What movies have a dark travel adventure involving unsuspecting tourists and extreme violence?
252,What are some family-friendly fantasy comedies about a magical chocolate factory?
252,Can you recommend a whimsical movie where children win a special tour and an underdog gets a chance to change his life?
252,"What movies are similar to a funny, imaginative story about an eccentric candy maker and golden tickets?"
455207,What are some funny romantic movies about a woman meeting her boyfriend's wealthy family?
455207,Can you recommend a rom-com set in Singapore with glamorous high-society drama?
455207,What movies feature an Asian-American protagonist navigating culture clashes and romance?
12437,What fantasy action movies explore the origins of a war between vampires and werewolves?
12437,"Can you recommend a dark, thrilling prequel about supernatural creatures fighting for freedom?"
12437,"What movies feature vampires, werewolves, forbidden love, and an epic battle for independence?"
258480,What are some romantic dramas set in 1950s New York?
258480,Can you recommend a movie about a department-store clerk who falls in love with an older married woman?
258480,What films explore a forbidden romance between two women in a historical setting?
246741,What are some funny horror movies about vampires living together?
246741,Can you recommend a quirky mockumentary about supernatural roommates?
246741,What movie should I watch if I want a comedy about vampires trying to handle modern life?
321258,What horror movies feature a nanny who discovers that a child in the house is actually a life-sized doll?
321258,Can you recommend a creepy mystery thriller set in a remote English village involving strict rules and a haunted-looking doll?
321258,What movies are similar to a suspenseful supernatural thriller about an American woman caring for an eerie eight-year-old boy?
1955,What are some emotionally powerful historical dramas based on true stories?
1955,Can you recommend a movie set in Victorian London about a misunderstood or marginalized person?
1955,What films explore compassion and human dignity through the story of someone who is treated as a sideshow attraction?
1586,What are some psychological thriller movies about a writer being stalked by someone who accuses him of plagiarism?
1586,Can you recommend mystery thrillers set in an isolated house where the protagonist begins to question his sanity?
1586,"What movies are similar to a dark, suspenseful story about a troubled writer and a stranger claiming he stole a story idea?"
481848,What are some family-friendly adventure movies about a dog discovering the wilderness?
481848,Can you recommend a heartfelt drama set during the Gold Rush with an animal protagonist?
481848,"What movies feature an exciting journey, sled dogs, and a character finding their true place in the world?"
301365,What are some stylish horror thrillers about the dark side of the modeling industry?
301365,"Can you recommend a disturbing movie about an aspiring model who gets caught up with dangerous, beauty-obsessed women in Los Angeles?"
301365,"What psychological horror films explore jealousy, beauty standards, and ruthless competition among models?"
7445,What are some intense war dramas about a soldier presumed dead who unexpectedly returns home to his family?
7445,Can you recommend a thriller about family conflict after a Marine comes back from Afghanistan?
7445,"What movies explore the emotional impact of war on a soldier, his wife, and his brother?"
59961,What are some action thrillers about a rogue CIA agent and a rookie operative on the run together?
59961,"Can you recommend a tense espionage movie featuring a dangerous fugitive, mercenaries, and a compromised safe house?"
59961,What movies involve unlikely allies uncovering a conspiracy while trying to survive an attack by hired killers?
2277,What are some emotional science fiction movies about a robot who develops human feelings and creativity?
2277,Can you recommend a heartfelt drama about an android's journey toward becoming human over many years?
2277,What romantic sci-fi films explore the relationship between a robot and the family that raises it?
346672,What are some dark fantasy action movies about vampires and werewolves at war?
346672,Can you recommend a horror thriller with intense supernatural battles and a strong female lead?
346672,What movies feature a vampire warrior fighting both her own faction and werewolf enemies?
19912,What horror movies involve a premonition that saves people from a deadly accident?
19912,Can you recommend a mystery horror movie about friends escaping death but being hunted by fate?
19912,What movies feature a group of people surviving a racetrack disaster only to face terrifying deaths later?
343674,Can you recommend a psychological horror movie where a woman is trapped and must confront dark secrets?
343674,"What suspenseful horror films involve a remote location, disturbing visions, and a fight for survival?"
343674,I’m looking for a tense thriller about a relationship gone wrong and a character struggling to escape—what should I watch?
950396,What are some sci-fi thrillers with a romantic story between two highly trained operatives?
950396,Can you recommend a suspenseful movie about two people who fall in love while guarding a mysterious place?
950396,"What movies combine romance, survival, and a terrifying supernatural threat?"
44048,What are some action thrillers about a runaway train carrying dangerous chemicals?
44048,Can you recommend a tense movie where two railroad workers try to stop an unmanned train before it causes a disaster?
44048,What movies are similar to a high-stakes thriller involving an out-of-control locomotive and an environmental catastrophe?
9323,What are some thought-provoking cyberpunk anime movies with action and science fiction elements?
9323,"Can you recommend an animated movie about cybernetics, hacking, and a futuristic police investigation?"
9323,"What films are similar to a dark, philosophical sci-fi anime involving a mysterious hacker and questions about humanity?"
819,What are some crime dramas about childhood friends seeking revenge for abuse they suffered in juvenile detention?
819,"Can you recommend a dark thriller involving prison abuse, gangsters, and a courtroom battle for justice?"
819,What movies are similar to a gritty revenge story centered on a sensational trial against a corrupt youth prison worker?
419479,What are some funny horror movies about a kid uncovering a terrifying secret about their babysitter?
419479,"Can you recommend a horror comedy with a teenage protagonist, a satanic cult, and plenty of dark humor?"
419479,"What movies are similar to a campy, suspenseful horror film where a babysitter turns out to be dangerous?"
1054867,"What movies would you recommend that blend crime, thriller, and dark comedy elements with an offbeat protagonist?"
1054867,Can you suggest a movie about a former radical who must rescue his missing daughter from an old enemy?
1054867,"What films feature a paranoid, washed-up antihero confronting the consequences of his revolutionary past?"
12244,What are some animated sci-fi movies set in a post-apocalyptic world where machines threaten the last survivors?
12244,"Can you recommend a dark, action-packed animated film about a group of survivors fighting for humanity's future?"
12244,What movies are similar to a thrilling dystopian adventure featuring sentient characters hiding from deadly machines?
1598,What are some psychological thrillers about a lawyer being stalked by a vengeful former client?
1598,"Can you recommend a dark crime drama involving revenge, a rapist, and a troubled attorney?"
1598,What movies feature a terrifying antagonist seeking revenge for a past courtroom injustice?
646385,What horror mystery movies feature a masked killer targeting teenagers in a small town?
646385,Can you recommend a scary slasher movie involving the secrets of a town’s past?
646385,What movies are similar to a modern continuation of a classic teen horror franchise?
614934,What are some good music biopics about famous singers?
614934,Can you recommend a dramatic movie about Elvis Presley’s life and career?
614934,What historical music dramas explore the complicated relationship between an artist and their manager?
9762,What are some dance movies with romance and drama like Step Up?
9762,Can you recommend movies about a troubled teen who discovers a talent for dancing?
9762,"What films combine music, romance, crime, and an inspiring second-chance story?"
94329,What are some intense action thrillers about a SWAT team raiding a dangerous criminal hideout?
94329,Can you recommend a gritty crime movie with nonstop martial arts and a high-stakes police assault?
94329,What movies are similar to a tense action thriller set in a gang-controlled apartment building?
36669,Can you recommend an action thriller about James Bond investigating a North Korean terrorist and a diamond mogul?
36669,What adventure movies feature an international space weapon and a high-stakes espionage mission?
36669,"I’m looking for a thrilling spy movie involving terrorism, diamonds, and a global conspiracy—what should I watch?"
82520,What are some dramas about veterans struggling to readjust to civilian and family life?
82520,Can you recommend movies set in Rust Belt towns about people trying to find their place after major life changes?
82520,What films explore the emotional challenges of returning home from military service?
11665,What are some funny action movies about unlikely spies saving the world?
11665,Can you recommend a comedy thriller featuring a bumbling secret agent and a skilled female partner?
11665,"What movies are similar to Get Smart, with espionage, crime syndicates, and plenty of humor?"
239,What are some funny romantic crime movies set during Prohibition?
239,Can you recommend a classic comedy about musicians disguising themselves to escape gangsters?
239,"What movies combine cross-dressing humor, romance, and mobsters?"
576845,What are some horror mysteries with a stylish 1960s London setting and a time-traveling twist?
576845,Can you recommend a psychological horror movie about a fashion-obsessed young woman who encounters a dangerous version of the past?
576845,"What films have a glamorous but sinister atmosphere, mysterious visions, and a story where the past starts blending with the present?"
423204,What are some action thrillers about a Secret Service agent framed for attacking the president?
423204,Can you recommend movies where a government agent is on the run while trying to clear his name?
423204,"What movies are similar to Angel Has Fallen with political conspiracies, intense action, and a race against time?"
9481,What are some crime thrillers about a paralyzed detective who solves murders using forensic clues?
9481,Can you recommend a dark mystery movie where a rookie police officer investigates gruesome killings with help from an experienced homicide expert?
9481,What movies are similar to a suspenseful New York City serial-killer investigation involving detailed crime-scene analysis?
884605,What are some funny romantic comedies about unexpected relationships between opposites?
884605,Can you recommend a raunchy comedy about a woman who agrees to date a shy or inexperienced young man?
884605,"What movies have a lighthearted romance involving a wealthy family, an awkward son, and someone hired to help him come out of his shell?"
73723,What are some family-friendly animated movies about protecting nature and the environment?
73723,Can you recommend a fun animated movie for kids about a boy going on an adventure to win someone’s affection?
73723,What movies have a charming creature fighting to save its home from environmental destruction?
1640,What are some intense dramas about racial tensions and interconnected lives in Los Angeles?
1640,Can you recommend movies that follow multiple strangers whose lives collide over a short period of time?
1640,"What films explore social conflict, prejudice, and unexpected connections in a modern city?"
1541,What are some gripping crime dramas about two close friends whose weekend getaway turns into a life-changing escape?
1541,Can you recommend an adventurous road movie featuring strong female friendship and women on the run?
1541,"What movies explore female resilience, rebellion, and friendship against the backdrop of unforeseen criminal circumstances?"
448119,What are some family-friendly fantasy adventures with talking animals and plenty of comedy?
448119,Can you recommend a fun adventure movie about an eccentric doctor who can communicate with animals?
448119,"What movies are similar to a lighthearted, magical journey where a group sets out to find a cure for a sick royal?"
16320,What are some sci-fi adventure movies about rebels evading an oppressive government in space?
16320,"Can you recommend an action thriller set in space involving smugglers, a dangerous secret, and a relentless agent?"
16320,"What movies are similar to Firefly, featuring a spaceship crew, outlaw adventures, and a psychic passenger?"
446021,What are some mystery thrillers set in the 1960s with a group of strangers hiding dark secrets?
446021,Can you recommend a stylish crime thriller set in a secluded motel where the characters' secrets unravel over one night?
446021,"What movies have a suspenseful, Tarantino-like atmosphere with interconnected characters and unexpected twists?"
8965,What animated fantasy adventure movies feature explorers investigating mysterious events connected to an ancient civilization?
8965,"Can you recommend a family-friendly sci-fi adventure about Atlantis, mythology, and a group of friends solving strange mysteries around the world?"
8965,"What movies are similar to Atlantis: The Lost Empire, with action, animation, and supernatural secrets to uncover?"
617653,What are some historical dramas about medieval knights and honor?
617653,Can you recommend a tense movie about a trial by combat and a bitter rivalry?
617653,What films are similar to a serious historical thriller set in medieval France?
256274,What are some horror thrillers set in the catacombs or underground tunnels of Paris?
256274,Can you recommend a scary found-footage movie about explorers uncovering a dark secret beneath a city?
256274,What horror movies have an atmospheric descent into ancient underground ruins and supernatural danger?
664,What are some action-adventure disaster movies about tornado chasers?
664,Can you recommend a thrilling movie set during a series of violent tornadoes?
664,What movies feature scientists pursuing dangerous storms to improve weather warning systems?
204082,What action thrillers feature a retired law enforcement agent protecting his daughter from a local crime boss?
204082,Can you recommend a suspenseful movie about a father and daughter caught up in a dangerous criminal conflict?
204082,What movies are similar to an action thriller where a former DEA agent tries to live quietly until a school bullying incident escalates?
83533,What sci-fi adventure movies feature an epic conflict on an alien world and stunning fantasy visuals?
83533,Can you recommend a movie about a family fighting to survive against a ruthless enemy after suffering a devastating loss?
83533,"What fantasy films involve powerful alien tribes, environmental themes, and an emotional battle for the future of their world?"
169,What are some action-packed sci-fi thrillers about an alien hunting people in a dangerous city?
169,Can you recommend a movie like Predator where a police officer is pursued by an extraterrestrial creature?
169,What sci-fi action movies feature a battle between law enforcement and a deadly alien predator?
13649,What are some fun family-friendly musicals about high school students spending the summer together?
13649,"Can you recommend a lighthearted Disney movie with singing, dancing, romance, and teen drama?"
13649,"What movies are similar to High School Musical, with young friends, summer jobs, and catchy songs?"
9472,What are some funny sports comedies about an underdog team fighting to save their gym?
9472,"Can you recommend a silly, feel-good comedy with dodgeball, eccentric characters, and an underdog story?"
9472,What movies are similar to DodgeBall: A True Underdog Story?
1992,What are some gory horror-action movies about a zombie-like outbreak and survivors fighting back?
1992,Can you recommend a fast-paced thriller with a badass female protagonist and lots of dark humor?
1992,"What movies have an over-the-top grindhouse style, gruesome monsters, and an unlikely group of heroes?"
746036,What are some action-comedy movies with a romantic storyline and a stuntman protagonist?
746036,Can you recommend a fun movie about a stuntman searching for a missing actor while trying to rekindle a romance?
746036,"What movies combine thrilling stunts, a Hollywood mystery, comedy, and a second-chance love story?"
521029,What horror movies feature a haunted doll wreaking havoc in a family’s home?
521029,Can you recommend a supernatural horror movie about the Warrens and a locked room full of cursed artifacts?
521029,What are some scary movies where a child becomes the target of evil spirits?
274854,What action-fantasy movies feature a warrior battling witches to save humanity?
274854,Can you recommend an adventure movie about supernatural creatures threatening the modern world?
274854,What movies are similar to a dark fantasy story involving witch hunters and the Black Death?
399170,What are some funny crime movies about an elaborate heist?
399170,Can you recommend an action-comedy about brothers pulling off a risky robbery?
399170,What movies are similar to a comedic heist set during a major car race?
2164,What are some action-adventure sci-fi movies involving portals or interstellar travel?
2164,Can you recommend a movie about ancient Egyptian mythology mixed with science fiction?
2164,What movies feature explorers traveling to another planet and encountering an alien civilization?
718789,Can you recommend an animated sci-fi adventure about a space ranger exploring the galaxy?
718789,"What family-friendly movies feature space travel, exciting missions, and a lovable robot companion?"
718789,I’m looking for an adventurous animated movie with a heroic astronaut and a team of recruits—what should I watch?
3176,What are some intense Japanese thrillers about students being forced to fight for survival?
3176,Can you recommend a violent dystopian action movie with a deadly competition between classmates?
3176,What movies are similar to The Hunger Games but darker and more psychologically intense?
793,"What are some dark, atmospheric mystery thrillers about a young man investigating a disturbing crime in a small town?"
793,"Can you recommend movies with a mysterious nightclub singer, violent criminals, and a surreal neo-noir atmosphere?"
793,"What films combine a gruesome discovery, psychological suspense, and a dangerous kidnapping plot?"
30497,What are some terrifying horror movies about friends encountering a dangerous family in a remote rural house?
30497,Can you recommend a gritty slasher movie featuring a chainsaw-wielding killer and unsuspecting travelers?
30497,What classic horror films have a group of friends stumble into a disturbing house in the Texas countryside?
97370,What are some atmospheric science fiction thrillers with a mysterious female protagonist?
97370,"Can you recommend a dark, unsettling movie about an outsider hunting unsuspecting people?"
97370,"What films combine psychological drama, eerie visuals, and an alien or supernatural perspective on humanity?"
62215,What are some thought-provoking dramas about the end of the world and strained family relationships?
62215,"Can you recommend a science fiction movie that explores depression, anxiety, and an impending planetary disaster?"
62215,What films feature sisters dealing with personal conflict while facing a mysterious threat to Earth?
136799,What are some fun animated adventure comedies for the whole family with music and fantasy elements?
136799,"Can you recommend a colorful, feel-good movie about mismatched characters going on a rescue mission?"
136799,"What family-friendly animated movies feature cheerful characters, catchy songs, and plenty of humor?"
313297,What are some visually stunning animated adventure movies with magic and mythology for the whole family?
313297,Can you recommend a family-friendly animated film about a child going on a magical quest to uncover their family’s past?
313297,"What movies are similar to an imaginative stop-motion adventure featuring samurai, mystical powers, and emotional storytelling?"
11917,What are some horror thrillers involving gruesome survival tests and a detective investigating the aftermath of a killer’s death?
11917,Can you recommend a crime thriller about an investigator who suspects a celebrated detective is hiding a dark past?
11917,"What movies are similar to the Saw series, with multiple people forced to endure deadly psychological games?"
9486,What are some funny action-adventure movies about an inexperienced spy who gets promoted unexpectedly?
9486,Can you recommend a comedy spy movie involving a stolen crown jewel and a bumbling secret agent?
9486,"What movies are similar to Johnny English, with slapstick humor, espionage, and exciting action?"
1246,What are some inspiring boxing dramas about an aging fighter making a comeback?
1246,Can you recommend a movie about a retired athlete returning to compete against a much younger champion?
1246,What emotional sports dramas feature an underdog facing one final challenge in the ring?
347031,Can you recommend a quirky adventure movie about a stranded man who befriends a dead body?
347031,What are some offbeat fantasy dramas with dark humor and an emotional friendship at their center?
347031,I’m looking for an unusual romantic adventure about someone trying to return to the person they love—what should I watch?
232672,What are some funny romantic movies about two single parents who unexpectedly fall in love?
232672,Can you recommend a lighthearted family comedy set during a vacation where divorced or widowed parents bring their children together?
232672,What movies feature a disastrous blind date that turns into a romance while blending two families?
77877,Can you recommend a romantic drama about a Marine returning from war to find the woman he believes saved his life?
77877,"What movies are similar to The Notebook, featuring love, fate, and a veteran searching for someone special?"
77877,I’m looking for an emotional romance set in Louisiana involving a soldier and a mysterious photograph—what should I watch?
241,What are some intense crime thrillers about lovers who become serial killers?
241,"Can you recommend a dark, violent drama about media sensationalism and criminal couples?"
241,What movies feature traumatized outlaws on a murderous road trip and explore the consequences of their glorification?
152760,What are some historical war dramas based on true stories about rescuing art during World War II?
152760,Can you recommend a movie about museum curators and historians recovering stolen artwork from the Nazis?
152760,"What films combine WWII action, history, and a treasure hunt involving priceless masterpieces?"
816,What are some funny spy comedies with a retro 1960s feel?
816,Can you recommend a goofy movie about a British secret agent battling a villain who freezes himself and returns in the 1990s?
816,"What movies are similar to a campy, over-the-top James Bond parody with a colorful fashion-forward hero?"
80,What are some romantic dramas about former lovers reconnecting years later in Paris?
80,"Can you recommend a thoughtful, dialogue-driven romance about two people reflecting on a missed connection?"
80,What movies follow a couple spending one meaningful day together while confronting their lingering feelings?
308531,What are some fun action-adventure movies with comedy and family-friendly superhero teams?
308531,"Can you recommend a sci-fi movie featuring goofy villains, mad scientists, and an epic world-threatening plan?"
308531,"What movies are similar to Teenage Mutant Ninja Turtles with colorful characters, martial arts, and lots of humor?"
1008042,Can you recommend a horror movie about friends who conjure spirits and unleash something terrifying?
1008042,What are some supernatural horror movies involving a cursed object or ritual that goes too far?
1008042,"I’m looking for a scary, modern horror film about teenagers experimenting with the spirit world—what should I watch?"
615777,What movies explore the glamorous and chaotic transition from silent films to talkies in 1920s Hollywood?
615777,"Can you recommend a darkly funny drama about ambition, excess, and the rise and fall of multiple characters in the film industry?"
615777,What films portray the outrageous decadence of old Hollywood and the people willing to do anything for fame?
580175,What are some comedy-dramas about adults experimenting with unconventional ways to improve their lives?
580175,Can you recommend a thought-provoking movie about teachers facing midlife stagnation and personal challenges?
580175,"What films explore friendship, drinking, and the search for renewed excitement in life?"
713704,What are some scary horror movies about a family being terrorized by demons?
713704,Can you recommend a brutal supernatural thriller set in an apartment building?
713704,What horror films feature estranged siblings reuniting to survive a terrifying threat?
400617,"What are some romantic dramas set in 1950s London with an intense, complicated relationship?"
400617,Can you recommend a slow-burn romance about a meticulous artist whose life changes after meeting a young muse?
400617,"What films explore obsession, creativity, and unconventional love in the world of fashion?"
10200,What are some science fiction thrillers about aliens judging whether humanity deserves to survive?
10200,Can you recommend a dramatic alien-invasion movie focused on climate change and environmental destruction?
10200,What movies feature an extraterrestrial visitor who comes to Earth to warn humanity about its impact on the planet?
2899,Can you recommend a funny family adventure movie set in ancient Egypt?
2899,"What are some lighthearted fantasy comedies with Gauls, Romans, and Egyptian characters?"
2899,I’m looking for a whimsical historical adventure that both kids and adults can enjoy—what should I watch?
172385,Can you recommend a fun animated adventure movie for the whole family?
172385,What movies are similar to Rio that feature colorful jungle settings and comedy?
172385,Which family-friendly animated films involve an animal family going on an exciting adventure?
20943,Can you recommend a funny romantic comedy about a romantically challenged woman and a chauvinistic man who helps her find love?
20943,"What are some rom-coms with witty banter, outrageous relationship tests, and unexpected chemistry?"
20943,Which romantic comedies feature a morning show producer whose love life changes after working with a provocative male correspondent?
926393,What are some action thrillers about a former operative protecting friends from the mafia?
926393,Can you recommend a crime movie set in Italy with intense revenge and vigilante action?
926393,"What movies are similar to The Equalizer, featuring a skilled protector taking on a powerful criminal organization?"
265195,Can you recommend a darkly funny anthology film about ordinary people snapping under pressure?
265195,"What movies combine drama, thriller, and comedy with stories about revenge, road rage, and social injustice?"
265195,I’m looking for an intense and unpredictable foreign film about people taking extreme action when pushed too far—what should I watch?
942,Can you recommend an action thriller about detectives investigating criminals who are protected by diplomatic immunity?
942,What are some crime movies with a buddy-cop duo taking on corrupt South African diplomats?
942,"Which movies are similar to Lethal Weapon, featuring action, humor, and a dangerous criminal investigation?"
426063,What are some gothic horror movies about a vampire becoming obsessed with a young woman?
426063,"Can you recommend a dark, atmospheric fantasy horror film involving a terrifying vampire and a haunted woman?"
426063,What movies have a haunting gothic romance that leads to supernatural horror and tragedy?
371638,What are some funny movies about the making of a terrible film?
371638,Can you recommend a comedy-drama about Hollywood dreams and an eccentric filmmaker?
371638,What movies tell the true story behind a famously bad movie?
59,What are some intense crime thrillers about an ordinary family man with a violent secret?
59,"Can you recommend a dark, suspenseful drama where a self-defense killing exposes someone's hidden past?"
59,What movies explore how one act of violence can disrupt a seemingly normal family's life?
9390,What are some heartfelt sports dramas with a strong romantic storyline?
9390,Can you recommend a movie about a sports agent who rethinks his priorities and starts over?
9390,"What movies combine comedy, romance, and an inspiring underdog story?"
44943,What are some action-packed sci-fi movies about alien invasions and military battles?
44943,Can you recommend a movie where Marines defend a city from an unknown extraterrestrial enemy?
44943,What movies are similar to an intense alien invasion film set in Los Angeles?
5174,What action-comedy movies feature a mismatched buddy-cop duo fighting a criminal syndicate in an international setting?
5174,"Can you recommend a funny crime-action movie with Jackie Chan-style martial arts, fast-paced fights, and a police partnership?"
5174,What movies are similar to a buddy-cop adventure where two detectives travel to Paris to stop dangerous gangsters and uncover a deadly list?
2288,What are some intense romantic dramas about complicated relationships and infidelity?
2288,Can you recommend a movie about two couples whose lives become entangled through betrayal and desire?
2288,"What films explore love, deceit, and emotional tension between two couples?"
866,What are some emotional fantasy dramas about the inspiration behind a famous story?
866,Can you recommend a movie about a struggling writer who finds inspiration through a family he meets?
866,What films explore the real-life origins of Peter Pan or other beloved fictional characters?
193610,What are some funny romantic comedies about women teaming up to get revenge on a cheating man?
193610,Can you recommend a movie where a mistress and a wife become friends and plot revenge together?
193610,What movies feature multiple women discovering they’re dating the same unfaithful man?
417678,What are some romantic dramas about teenagers falling in love despite serious health challenges?
417678,Can you recommend a movie about a sheltered girl who falls for the boy next door?
417678,What movies are similar to a heartfelt young romance involving a teenager with a rare illness?
587792,What are some funny romantic sci-fi movies about two people stuck reliving the same day?
587792,Can you recommend a lighthearted time-loop comedy set around a wedding?
587792,What movies are similar to a quirky romance where the characters are trapped together and learn to change?
2252,What are some dark crime thrillers about Russian organized crime in London?
2252,"Can you recommend a mystery thriller involving a diary, a murdered young woman, and a dangerous mob family?"
2252,"What movies explore the connection between a newborn child, a violent criminal underworld, and a hidden family secret?"
582014,What are some thriller dramas about a woman seeking revenge for a traumatic event in her past?
582014,Can you recommend a crime movie about a young woman taking vengeance on people who wronged her?
582014,"What films are similar to Promising Young Woman, with dark themes, suspense, and a revenge-driven story?"
23169,What are some emotional romantic dramas about two people finding love after experiencing family tragedies?
23169,Can you recommend a heartfelt movie about a couple whose painful pasts threaten their relationship?
23169,"What romance films explore grief, divorce, and healing through a new relationship?"
11621,Can you recommend an adventurous animated movie set in 1930s Italy with airplanes and sky pirates?
11621,"What fantasy animated films feature a mysterious pilot, thrilling aerial battles, and a charming old-fashioned setting?"
11621,"I’m looking for a Studio Ghibli-style adventure with a strong mechanic girl, colorful characters, and a whimsical premise—what should I watch?"
340102,What are some sci-fi horror movies about young mutants discovering their powers in a secret facility?
340102,Can you recommend a movie where teenagers with supernatural abilities must escape confinement and confront their dark pasts?
340102,What horror films feature a group of young people with powers fighting to survive against their will?
10054,What are some fun family-friendly action adventure movies with kids who become spies?
10054,Can you recommend a lighthearted sci-fi comedy about children joining their secret-agent parents on a mission?
10054,"What movies are similar to Spy Kids, with family, gadgets, humor, and exciting adventures?"
68,Can you recommend a surreal science fiction comedy about a man trapped in a nightmarish bureaucracy?
68,"What movies blend dark humor, dystopian bureaucracy, mistaken identities, and fantastical dream sequences?"
68,I’m looking for a quirky dystopian film about an ordinary bureaucrat who becomes involved in a dangerous conspiracy while pursuing a woman from his dreams.
456740,What fantasy action-horror movies feature a supernatural hero battling an ancient blood queen to prevent the end of the world?
456740,"Can you recommend an adventure movie with monsters, dark magic, and a reluctant hero trying to stop an apocalypse?"
456740,What movies are similar to a comic-book fantasy about Hellboy facing Merlin's consort and other supernatural enemies?
914,What are some funny anti-war movies about dictators and political satire?
914,Can you recommend a classic comedy about a tyrannical leader and the dangers of fascism?
914,"What movies combine wartime themes, social commentary, and humor?"
9870,What are some funny romantic comedies about getting over a breakup while on vacation?
9870,Can you recommend a movie about a musician dealing with heartbreak and unexpectedly running into his ex?
9870,"What movies combine comedy, romance, and drama with an awkward love triangle?"
77950,What are some family-friendly animated movies about unlikely heroes chasing big dreams?
77950,Can you recommend an uplifting animated movie about an ordinary character who wants to compete in a major race?
77950,What fun movies are similar to a story about a garden snail pursuing his dream of winning the Indy 500?
9291,What are some funny sports movies set in a prison or involving inmates playing football?
9291,Can you recommend a movie about a disgraced quarterback who leads a team of prisoners against the guards?
9291,"What crime comedies combine football, prison life, and an underdog team?"
37247,What are some classic romantic comedies about a young college graduate caught between an older woman and her daughter?
37247,"Can you recommend a witty, emotionally complex drama about a recent graduate struggling with love and uncertainty?"
37247,What movies explore complicated relationships and the aimlessness of life after college?
514847,Can you recommend an action thriller about strangers being hunted for sport?
514847,What horror movies feature people being kidnapped and forced to fight for survival?
514847,"Are there any dark, violent thrillers where the hunted turn the tables on their pursuers?"
57212,What are some emotional war dramas set during World War I?
57212,Can you recommend a historical movie about the bond between a boy and his horse?
57212,What films show the impact of war on both soldiers and animals?
817,Can you recommend a funny spy adventure movie with a retro 1960s setting?
817,"What comedy movies feature an over-the-top villain, goofy minions, and a time-traveling secret agent?"
817,I’m looking for a lighthearted crime comedy with outrageous humor and an action-packed plot—what should I watch?
986056,What action sci-fi adventure movies feature a team of unlikely heroes forced to work together on a dangerous mission?
986056,Can you recommend a superhero movie about disillusioned outcasts confronting their troubled pasts?
986056,"What movies combine explosive action, science fiction, and a group of flawed characters trapped in a deadly situation?"
50456,What action thrillers feature a young female assassin trained by her ex-CIA father?
50456,Can you recommend a movie about a teenage girl fleeing intelligence agents across Europe?
50456,What adventurous spy movies involve a highly trained girl uncovering secrets about her past?
65086,Can you recommend a creepy supernatural horror movie set in a remote village?
65086,What are some atmospheric haunted-house thrillers with tragic secrets and a mysterious ghost?
65086,I’m looking for a suspenseful period horror film about a lawyer investigating a strange death—what should I watch?
13387,What are some action thrillers about a professional driver transporting a kidnapped person across Europe?
13387,"Can you recommend a crime movie with intense car chases, dangerous criminals, and a reluctant hero?"
13387,"What movies are similar to an action-packed thriller involving a kidnapping, a government official's daughter, and a high-stakes delivery?"
278924,What action thrillers feature a highly skilled assassin forced to complete impossible missions to save someone he loves?
278924,Can you recommend a globe-trotting crime movie with elaborate assassinations made to look like accidents?
278924,"What movies are similar to The Mechanic that combine intense action, crime, and a kidnapped love interest?"
696506,What are some sci-fi comedies about an unlikely hero facing absurd and dangerous challenges?
696506,Can you recommend an adventurous science fiction movie with a darkly funny premise about a worker repeatedly risking his life?
696506,"What movies combine space exploration, comedy, and high-stakes survival with an ordinary person caught in an extraordinary situation?"
258216,What are some provocative arthouse dramas about a woman recounting her extensive sexual experiences?
258216,"Can you recommend a serious, sexually explicit film centered on a troubled woman's life story?"
258216,"What movies explore sexuality, relationships, and personal trauma through an intimate conversation between two strangers?"
1620,What are some action thrillers about a highly skilled assassin caught in an international conspiracy?
1620,Can you recommend a movie featuring a genetically engineered hitman who is betrayed and hunted by his own organization?
1620,"What movies are similar to a tense assassin story with deadly missions, espionage, and dramatic twists?"
1621,What are some funny movies about a wealthy person and a con artist switching lives?
1621,Can you recommend a classic comedy about rich businessmen making a bet that changes two people's lives?
1621,"What movies are similar to Trading Places, with social class reversals, scams, and witty humor?"
499932,What are some dark crime dramas about troubled families and sinister small-town characters?
499932,Can you recommend a gritty thriller set in rural Ohio or the American backwoods?
499932,"What movies feature a young protagonist confronting violence, corruption, and evil within his community?"
594767,What are some funny superhero movies with lots of action and fantasy elements?
594767,Can you recommend a family-friendly superhero adventure about siblings who have to save the world?
594767,What movies feature young heroes battling powerful villains to stop a world-ending threat?
462,What are some inspiring legal dramas about ordinary people taking on powerful corporations?
462,"Can you recommend a movie based on a true story featuring a strong, determined female lead?"
462,What films involve uncovering a corporate cover-up that harms an entire community?
600354,Can you recommend a moving drama about an aging man struggling with memory loss and confusion?
600354,What are some emotionally intense films about dementia and the changing relationship between a father and daughter?
600354,Could you suggest a psychological drama where the main character begins to question his own reality and the people around him?
9489,What are some charming romantic comedies about people who fall in love online?
9489,Can you recommend a feel-good romance where two rivals unknowingly develop a relationship over the internet?
9489,"What movies feature bookstore owners, witty banter, and a heartwarming love story?"
50348,Can you recommend a crime thriller about a defense attorney who takes on a high-profile murder case?
50348,What are some gripping courtroom dramas with morally complex lawyers and unexpected twists?
50348,I’m looking for a stylish legal thriller set in Los Angeles involving a wealthy client accused of a serious crime.
512196,What are some horror comedies involving time loops or parallel universes?
512196,"Can you recommend a fun, scary sci-fi movie with a masked killer and a college setting?"
512196,"What movies are similar to Happy Death Day, with dark humor, mystery, and repeated attempts to escape a killer?"
212778,What are some funny movies about a chef who starts a food truck after leaving a high-end restaurant?
212778,Can you recommend a feel-good comedy about a father reconnecting with his son through a road trip and cooking?
212778,What movies feature a chef rediscovering his passion for food while working with family and friends?
77016,What are some gritty crime thrillers about police officers facing dangerous cartel criminals?
77016,Can you recommend an intense drama about two young cops whose routine work puts their lives at risk?
77016,"What movies are similar to a realistic, action-packed story about police partners targeted by a notorious gang?"
160588,Can you recommend a drama about a wealthy woman rebuilding her life after a devastating downfall?
160588,"What movies explore anxiety, painful memories, and starting over in a new city?"
160588,Are there any character-driven dramas about a troubled woman moving in with her sister after losing everything?
11674,Can you recommend a funny family movie about puppies?
11674,What are some family-friendly comedies featuring dogs and an over-the-top villain?
11674,I’m looking for a lighthearted adventure where pets outsmart someone trying to harm them.
406759,What are some sci-fi action movies about a catastrophic threat to Earth?
406759,Can you recommend an adventurous space disaster movie with the moon threatening the planet?
406759,What movies are similar to a high-stakes science fiction film about saving Earth from a cosmic collision?
4257,What are some funny horror parody movies about a haunted house and a ghostly child?
4257,Can you recommend a comedy that combines supernatural mysteries with an alien invasion?
4257,What movies are similar to a silly horror comedy featuring Tr-iPod-like aliens and a haunted house?
15121,Can you recommend a family-friendly musical drama with romance and uplifting songs?
15121,What movies are similar to a story about a governess bringing music and joy to a widowed father's seven children?
15121,"I’m looking for a classic movie set in Austria before World War II that combines family, romance, and music—what should I watch?"
1669,What are some action thrillers about submarines and Cold War espionage?
1669,Can you recommend a movie where a CIA analyst tries to stop a Soviet submarine captain from launching an attack?
1669,"What tense military thrillers feature a high-tech submarine, political defection, and a race against time?"
267935,Can you recommend a family-friendly fantasy adventure about a young orphan who befriends a kind giant?
267935,What movies feature a child and a gentle giant working together to stop dangerous giants from invading the human world?
267935,"I’m looking for a magical, heartwarming adventure suitable for kids, with giants and an imaginative world—what do you recommend?"
280092,Can you recommend a supernatural horror movie about a teenage girl and her family being haunted by spirits?
280092,"What are some creepy, suspenseful movies that explore a terrifying otherworldly realm?"
280092,I’m looking for a horror thriller with paranormal mysteries and a family in danger—what should I watch?
62214,Can you recommend an animated family movie about a boy who brings his dog back to life?
62214,What funny but spooky movies are suitable for families?
62214,Are there any movies about a loyal pet returning as a monster?
936075,Can you recommend a music drama about Michael Jackson’s rise from the Jackson Five to becoming a global superstar?
936075,"What movies explore the life and career of an iconic singer, including both their off-stage struggles and creative ambitions?"
936075,I’m looking for a biographical drama about one of the most influential entertainers in music history—what should I watch?
937278,What are some heartfelt comedy-dramas about a grumpy widower who forms an unlikely friendship with his new neighbors?
937278,Can you recommend a movie about a lonely older man whose life changes after a lively young family moves in next door?
937278,"What should I watch if I want a funny and emotional movie about friendship, grief, and finding a new purpose in life?"
27582,What are some action thrillers about elite assassins with strict codes of professionalism?
27582,Can you recommend a crime movie featuring a mentor training someone to seek revenge?
27582,"What movies are similar to The Mechanic, with intense action, calculated hitmen, and revenge?"
7512,"What are some funny sci-fi adventures about people waking up in a bizarre, dumbed-down future?"
7512,Can you recommend a satirical comedy set in a dystopian future where ordinary people become the smartest ones around?
7512,What movies are similar to a comedy about an average person traveling through time and discovering that society has become absurdly unintelligent?
7735,What are some thought-provoking movies about how ordinary people can be drawn into authoritarian movements?
7735,Can you recommend a thriller set in a school where a teacher conducts a social experiment about dictatorship?
7735,"What films explore mass manipulation, groupthink, and the dangers of fascism in modern society?"
314,What are some action-fantasy movies about a woman who gains cat-like powers and becomes a vigilante?
314,Can you recommend a superhero crime movie featuring a female protagonist investigating a corporate conspiracy?
314,"What movies combine a masked vigilante, supernatural abilities, and a romantic pursuit by a detective?"
1078605,What are some horror mystery movies about children mysteriously disappearing from a community?
1078605,Can you recommend a suspenseful horror movie where an entire class vanishes under unexplained circumstances?
1078605,What movies explore unsettling mass disappearances and the mystery of who or what is responsible?
59962,What are some action-comedies about two friends competing for the same woman?
59962,"Can you recommend a fun romantic movie with spies, rivalry, and plenty of action?"
59962,What movies are similar to a romantic comedy where two CIA agents date the same woman?
6795,What are some family-friendly sci-fi adventure movies about kids going on a magical journey in space?
6795,Can you recommend an exciting movie like Jumanji where a board game comes to life and causes unexpected adventures?
6795,"What movies would be fun to watch with children that involve siblings, space travel, and a fantastical adventure?"
87093,What are some drama movies about artists whose work is taken credit for by someone else?
87093,Can you recommend a movie about a woman artist struggling to receive recognition for her paintings?
87093,"What films explore deception, fame, and a troubled marriage in the art world?"
1443,What are some atmospheric coming-of-age dramas about mysterious sisters and strict parents?
1443,Can you recommend a melancholic romance centered on teenage obsession and family repression?
1443,What movies explore the lives of sheltered teenagers and the fascination they inspire in others?
429197,What are some movies about Dick Cheney and the Bush administration?
429197,Can you recommend a political drama with dark comedy about American power and corruption?
429197,What movies explore the rise of a powerful vice president and his influence on U.S. politics?
8367,What are some action-adventure movies about Robin Hood or medieval outlaws fighting corrupt rulers?
8367,"Can you recommend a dramatic historical adventure film with heroic rebels, sword fights, and a quest for justice?"
8367,What movies feature a noble hero returning from war to defend his homeland with the help of a band of outlaws?
796,"What are some dark, seductive teen dramas involving manipulation, romance, and dangerous games?"
796,Can you recommend movies about wealthy teenagers making cruel romantic bets and playing mind games?
796,"What films have a twisted love triangle involving seduction, betrayal, and high-stakes personal challenges?"
8487,What are some action-comedy Westerns with a steampunk or science-fiction twist?
8487,Can you recommend a fun adventure movie featuring two unlikely heroes battling an eccentric inventor?
8487,"What movies combine the Wild West, gadgets, disguises, and over-the-top villains?"
261023,What are some gripping crime dramas based on true stories about notorious gangsters?
261023,Can you recommend a dark historical crime film about an FBI informant with ties to organized crime?
261023,What movies are similar to a gritty Boston-set story about a violent criminal and corrupt law enforcement?
11887,What are some feel-good teen movies about high school seniors facing graduation and the possibility of being separated from their friends?
11887,Can you recommend a family-friendly musical comedy-drama about teenagers preparing for college and performing a school musical?
11887,"What movies feature a high school romance, friendship struggles, and hopes and fears about the future?"
58233,What are some funny spy action movies like Johnny English Reborn?
58233,Can you recommend a comedy about a bumbling secret agent protecting a world leader?
58233,"What movies combine high-tech gadgets, international espionage, and comedy?"
146,Can you recommend an epic martial arts adventure with a romantic storyline and strong female characters?
146,"What movies feature sword fights, a rebellious young noblewoman, and a dramatic love story?"
146,I’m looking for a visually stunning action drama about warriors pursuing a stolen sword—what should I watch?
4995,What are some darkly funny dramas about the rise and fall of the adult film industry in the 1970s?
4995,"Can you recommend a character-driven movie about a young performer finding success in a wild, glamorous world before facing harsh reality?"
4995,"What movies blend comedy and drama with an ensemble cast, changing cultural eras, and an intense behind-the-scenes story?"
1062722,What are some classic horror movies about scientists creating monsters?
1062722,"Can you recommend a dark, dramatic fantasy film featuring a tragic creature?"
1062722,What movies explore the consequences of a scientist's experiment going terribly wrong?
9362,What are some funny horror movies about people fighting giant underground monsters?
9362,"Can you recommend a sci-fi creature feature set in a small, isolated town?"
9362,"What movies are similar to Tremors, with survival, comedy, and man-eating monsters?"
384521,What are some sci-fi horror movies set in space involving mysterious alternate realities?
384521,Can you recommend a suspenseful science fiction movie about scientists experimenting with a device that goes terribly wrong?
384521,"What movies combine cosmic horror, mystery, and an energy crisis or global catastrophe?"
401104,Can you recommend a drama about a young woman struggling with anorexia and trying to recover?
401104,What movies deal with eating disorders and the difficult journey toward healing?
401104,I’m looking for an emotionally powerful film about confronting anorexia with the help of an unconventional doctor.
449563,"What are some funny, self-aware romantic comedies with a fantasy twist?"
449563,Can you recommend a movie about someone who unexpectedly finds themselves living in a romantic comedy?
449563,What lighthearted romance movies poke fun at the clichés of classic rom-coms?
458576,What are some action-fantasy adventure movies about soldiers battling powerful monsters in an unfamiliar world?
458576,"Can you recommend a movie with intense monster fights, portal travel, and a survival-focused military team?"
458576,What should I watch if I enjoyed adventurous fantasy films featuring a mysterious hunter and deadly creatures?
295964,What are some drama movies about a troubled chef trying to rebuild his career?
295964,Can you recommend a movie about a chef pursuing Michelin stars while overcoming a troubled past?
295964,"What films feature intense restaurant competition, culinary ambition, and personal redemption?"
1011985,What are some family-friendly animated action movies with kung fu and comedy?
1011985,Can you recommend an adventurous fantasy movie about a hero training a successor?
1011985,"What animated movies feature talking animals, martial arts, and a funny villain?"
23631,Can you recommend an action movie about a betrayed former assassin seeking revenge?
23631,"What are some gritty, over-the-top thrillers with dark comedy and brutal fight scenes?"
23631,I’m looking for a movie about an ex-lawman going on a violent rampage against the people who betrayed him.
504949,What are some historical dramas about a reluctant prince who becomes king and leads England into war?
504949,Can you recommend a gritty medieval war film about Henry V and his rise to the throne?
504949,"What movies are similar to The King, with political intrigue, royal succession, and battles in 15th-century England?"
458423,What are some fun romantic comedies with catchy ABBA songs?
458423,Can you recommend a musical sequel about a woman reopening her mother's hotel and discovering her past?
458423,"What movies are similar to Mamma Mia! that combine romance, comedy, and family drama?"
258230,Can you recommend a fantasy movie about a child coping with a parent's serious illness?
258230,What are some emotional family adventure movies featuring a young protagonist and a magical creature?
258230,"I’m looking for a heartfelt movie about bullying, grief, and finding strength through an unlikely friend."
9032,What are some funny yet heartfelt movies about an immature man who unexpectedly becomes a father?
9032,Can you recommend a comedy-drama about someone adopting a child and learning to grow up?
9032,What movies are similar to a story where a guy adopts a kid to impress his girlfriend but ends up taking fatherhood seriously?
72331,Can you recommend an action-packed fantasy horror movie featuring vampires and a historical figure?
72331,"What movies combine supernatural creatures, intense vampire hunting, and American history?"
72331,"I'm looking for a dark, over-the-top movie about Abraham Lincoln fighting vampires—what should I watch?"
12222,What are some fun animated family movies with a whimsical adventure and a heartfelt message?
12222,Can you recommend a funny fantasy movie about an unlikely hero trying to protect a tiny community?
12222,"What animated films are suitable for kids and feature imaginative worlds, courage, and helping others?"
8619,What are some gripping historical naval adventure movies with intense ship-to-ship battles and strong character relationships?
8619,Can you recommend a realistic war drama set at sea about a British captain pursuing an enemy ship?
8619,"What movies combine epic ocean voyages, military strategy, and a meaningful friendship between a captain and his ship's doctor?"
399361,What are some action thrillers about former special forces soldiers pulling off a dangerous heist?
399361,Can you recommend a crime adventure movie involving a South American drug lord and a high-stakes robbery?
399361,What movies are similar to a gritty military heist film with an ensemble cast and plenty of suspense?
766,What are some funny horror movies with fantasy elements and lots of undead action?
766,"Can you recommend a campy, over-the-top horror comedy about a modern hero battling the undead in medieval times?"
766,What movies are similar to a darkly comedic fantasy adventure featuring a chainsaw-wielding hero and zombies?
695721,What are some dystopian action movies with political intrigue and a young protagonist’s rise to power?
695721,Can you recommend movies similar to The Hunger Games that focus on deadly competitions and survival?
695721,What science fiction movies explore the origins of a tyrannical leader before he gains power?
572802,What are some action-adventure fantasy movies about underwater kingdoms and superheroes?
572802,Can you recommend a movie where a hero teams up with his imprisoned brother to save a kingdom?
572802,What fantasy superhero movies feature a powerful villain seeking revenge and an epic battle to protect Atlantis?
457799,Can you recommend a crime drama about Ted Bundy told from the perspective of someone close to him?
457799,What are some compelling true-crime movies about notorious serial killers and the people who struggled to see their true nature?
457799,"I’m looking for a dark, psychologically focused biographical crime film about a charming but dangerous criminal—what should I watch?"
419478,What are some romantic dramas about a young couple whose relationship is challenged by a serious illness?
419478,Can you recommend a heartfelt summer romance with a sheltered teenager and an unusual medical condition?
419478,What movies are similar to a tragic young love story where one character cannot be exposed to sunlight?
1103,Can you recommend an action thriller set in a dystopian prison where a lone hero must rescue the president?
1103,"What science-fiction movies feature a dangerous, crime-ridden Manhattan and a high-stakes rescue mission?"
1103,"I’m looking for a gritty 1980s movie with a tough antihero, a ticking-clock mission, and a dystopian setting—what should I watch?"
397837,What are some teen dramas with a fantasy time-loop storyline and a meaningful message?
397837,Can you recommend movies about a popular girl reliving the same day and rethinking her life choices?
397837,What films are similar to a coming-of-age story where a single night changes everything?
46705,What are some realistic romantic dramas about a couple struggling to save their marriage?
46705,Can you recommend a heartbreaking movie about love fading over time?
46705,"What films explore the emotional breakdown of a long-term relationship in an intimate, character-driven way?"
74643,What are some romantic dramas set in Hollywood's golden age that also have comedic moments?
74643,Can you recommend a movie about a silent film star struggling with the rise of talking pictures?
74643,What films would I enjoy if I liked charming romances about aspiring actors and dancers?
277685,What horror movies involve a group of friends being terrorized during a video chat by the ghost of a classmate?
277685,Can you recommend a suspenseful supernatural mystery about teenagers whose darkest secrets are exposed online?
277685,What movies are similar to a terrifying online chat room thriller where a vengeful spirit targets a group of high school friends?
3594,What are some psychological thriller movies about a person becoming obsessed with a mysterious book?
3594,Can you recommend a dark mystery crime drama with themes of obsession and identity?
3594,"What movies are similar to The Number 23, where fiction begins to mirror the protagonist's life?"
765,What are some horror-comedy movies set in a creepy cabin in the woods?
765,Can you recommend a funny supernatural horror movie involving an ancient evil and the Book of the Dead?
765,"What movies are similar to a campy, over-the-top horror film where a man battles demonic forces?"
381289,What are some heartwarming family movies about a dog’s journey through multiple lifetimes?
381289,Can you recommend an emotional adventure movie about a dog discovering its purpose in life?
381289,What fantasy dramas feature a loyal dog and meaningful relationships with several owners?
1234821,What are some action-packed sci-fi adventure movies about dinosaurs and secret missions?
1234821,Can you recommend a movie like Jurassic World with genetically engineered dinosaurs and survival on a mysterious island?
1234821,What recent adventure films feature a team trying to retrieve valuable genetic material from dangerous creatures?
22804,What horror thrillers feature a detective continuing Jigsaw's deadly legacy after his death?
22804,"Can you recommend a tense serial-killer movie involving FBI agents, elaborate traps, and a new game being set in motion?"
22804,"What movies are similar to the Saw series, with psychological suspense and a detective forced to carry on a deadly mastermind's plan?"
872,What are some funny and romantic classic Hollywood musicals I can watch?
872,Can you recommend a movie about the transition from silent films to talking pictures?
872,What movies feature a romance between a famous actor and a chorus girl?
1966,What are some epic historical war movies about legendary kings and military conquests?
1966,Can you recommend an action-adventure movie set in ancient times involving battles against a powerful empire?
1966,"What movies combine sweeping historical drama, romance, and the story of a ruler expanding his kingdom?"
906126,"What are some gripping survival dramas based on true stories, like the Andes plane crash?"
906126,Can you recommend a historical movie about a group of people surviving after a plane crash in the mountains?
906126,"What movies are similar to Society of the Snow, with intense human resilience and real-life events?"
899082,What are some documentaries about the making of the Harry Potter films?
899082,Can you recommend a Harry Potter reunion special featuring interviews with the original cast?
899082,What should I watch to celebrate the 20th anniversary of Harry Potter and learn behind-the-scenes stories?
10948,What are some heartwarming animated adventure movies about unlikely animal friendships?
10948,Can you recommend a family-friendly movie about a fox and a dog who become best friends?
10948,"What emotional Disney movies explore friendship, growing up, and difficult choices?"
392,"What are some warm, charming romantic dramas set in a small town with a touch of comedy?"
392,"Can you recommend a movie about an outsider who shakes up a strict, tradition-bound community?"
392,What films feature a single mother starting a new life and bringing joy to a conservative town?
109431,Can you recommend a comedy about a man whose identity is stolen and who goes after the thief?
109431,What crime comedies involve a businessman chasing a seemingly harmless woman who stole his identity?
109431,I’m looking for a funny road-trip movie about identity theft—what should I watch?
262391,What are some funny French comedies about a traditional family dealing with intercultural marriages?
262391,Can you recommend a comedy about parents struggling to accept their children’s spouses from different religious and cultural backgrounds?
262391,What movies are similar to a lighthearted family comedy where several daughters marry men from different origins?
617126,What are some action-packed superhero movies with a retro-futuristic 1960s setting?
617126,Can you recommend a sci-fi adventure about a superhero family defending Earth from a cosmic threat?
617126,What Marvel movies feature the Fantastic Four battling an enormous space villain and his mysterious herald?
328425,Can you recommend a psychological thriller about a married couple whose lives unravel after reconnecting with someone from the past?
328425,What are some mystery dramas involving a seemingly friendly acquaintance who disrupts a couple's perfect life?
328425,"I’m looking for a tense, twisty movie about high school secrets resurfacing and threatening a young marriage."
263472,What are some psychological thrillers about a married man who gets trapped in a dangerous game with two seductive strangers?
263472,"Can you recommend a dark, suspenseful movie involving a home invasion and a deadly cat-and-mouse game?"
263472,"What horror thrillers feature a seemingly harmless act of kindness that turns into seduction, betrayal, and danger?"
8337,What are some sci-fi action thrillers about aliens secretly controlling humanity?
8337,Can you recommend a movie where a lone hero discovers that aliens are disguising themselves as ordinary people?
8337,"What films have a dystopian conspiracy, hidden extraterrestrials, and a rebellious protagonist?"
443791,Can you recommend a tense underwater sci-fi horror movie about researchers trying to survive a disaster?
443791,What action-adventure movies feature a group of people navigating the dangerous depths of the ocean after their station is destroyed?
443791,I’m looking for a claustrophobic survival thriller set underwater with mysterious creatures and a race against time.
1370,What are some action-packed war movies about a veteran returning to combat to rescue a captured mentor?
1370,Can you recommend an adventure thriller set in Afghanistan involving a soldier on a dangerous rescue mission?
1370,What movies are similar to films where a former commando leaves a peaceful life to save a friend from enemy forces?
1339713,Can you recommend a horror thriller about a man whose wish to win his crush comes true with sinister consequences?
1339713,"What movies explore the dark side of getting exactly what you desire, especially through a supernatural wish?"
1339713,"I'm looking for a creepy romantic thriller involving obsession, a mysterious wish, and a terrible price—what should I watch?"
6075,What are some gritty crime dramas about an ex-con trying to leave his criminal past behind?
6075,Can you recommend a thriller set in the New York underworld with a morally conflicted protagonist?
6075,What movies are similar to Scarface but focus on a former gangster seeking redemption?
173897,What action horror movies feature a lone survivor fighting an undead apocalypse?
173897,Can you recommend a science fiction horror movie about a final battle against a powerful corporation?
173897,What movies continue a post-apocalyptic zombie story with a return to the place where it all began?
140823,What are some movies about the making of a beloved classic film?
140823,Can you recommend a funny and heartfelt historical drama about an author and a creative collaboration?
140823,What movies explore Walt Disney's life and the behind-the-scenes story of adapting Mary Poppins?
531309,What are some horror sci-fi movies about a child with superpowers who becomes dangerous instead of heroic?
531309,"Can you recommend a dark, unsettling superhero origin story with a sinister twist?"
531309,What movies explore the idea of an alien child growing up to threaten the people around him?
109451,What are some funny animated family movies about inventors and unusual food creatures?
109451,Can you recommend a lighthearted animated adventure where friends battle the consequences of a food-related science experiment?
109451,"What movies are similar to Cloudy with a Chance of Meatballs, featuring comedy, imaginative inventions, and mutant food animals?"
40805,What are some action-comedy crime movies about unlikely costumed vigilantes fighting powerful criminals?
40805,Can you recommend a funny superhero movie featuring a wealthy playboy and his highly skilled sidekick?
40805,"What movies combine crime-fighting, over-the-top action, and comedy in a modern urban setting?"
6023,What are some emotional romantic dramas about coping with the loss of a spouse?
6023,Can you recommend a heartfelt movie about a widow moving on after her husband's death?
6023,What romantic movies feature a loved one leaving messages to help someone heal?
1375,What are some boxing dramas about a retired champion who becomes a trainer for an up-and-coming fighter?
1375,Can you recommend a Rocky movie where he faces financial troubles but finds purpose in mentoring a young boxer?
1375,What inspirational sports movies feature a former boxer passing on his skills and honoring the memory of his old trainer?
244267,"What are some thought-provoking sci-fi dramas about science, spirituality, and the origins of human consciousness?"
244267,Can you recommend a movie about a scientist studying the human eye that explores the conflict between scientific evidence and spiritual beliefs?
244267,"What films combine molecular biology, romance, and philosophical questions about life, death, and reincarnation?"
2756,What are some thrilling science fiction adventure movies set deep underwater?
2756,Can you recommend a movie about an oil rig crew searching for a missing submarine?
2756,What suspenseful movies feature mysterious underwater forces and high-stakes rescue missions?
400650,Can you recommend a family-friendly fantasy movie with magical musical adventures?
400650,What movie should I watch if I enjoyed stories about a magical nanny helping a family through difficult times?
400650,"Are there any cheerful, whimsical movies suitable for watching with kids?"
433808,Can you recommend a horror movie about college friends being stalked by a supernatural presence in the woods?
433808,What are some mysterious forest horror movies where a group of friends encounter something menacing?
433808,I’m looking for a scary movie about friends reuniting for a trip that turns into a fight for survival—what do you suggest?
609681,What are some action-packed science fiction movies about superheroes teaming up to save the universe?
609681,Can you recommend an adventurous Marvel movie featuring Captain Marvel and other superpowered heroes?
609681,"What should I watch if I want a fun superhero film involving space travel, an alien threat, and an unlikely team?"
9506,Can you recommend a comedy about a timid man forced to undergo unconventional anger management therapy?
9506,What movies feature a mild-mannered businessman whose life is disrupted by an aggressive therapist?
9506,I’m looking for a funny movie where a small misunderstanding leads to court-ordered therapy and escalating chaos.
220289,What are some mind-bending sci-fi thrillers about ordinary people experiencing strange events during a dinner party?
220289,Can you recommend a suspenseful movie involving parallel realities and a mysterious cosmic event?
220289,"What movies are similar to a low-budget, psychological science-fiction thriller where a group of friends becomes trapped in an unsettling situation?"
714,What are some action-packed spy thrillers about preventing a global crisis?
714,Can you recommend an adventure movie featuring James Bond and an evil media mogul?
714,"What movies involve international power struggles, high-stakes espionage, and plenty of thrills?"
947,What are some epic historical adventure films set during World War I?
947,Can you recommend a war movie about an officer uniting Arab tribes against the Turks?
947,"What classic films feature desert landscapes, military campaigns, and complex historical figures?"
2486,"What fantasy adventure movies feature a young hero, dragons, and an epic battle against an evil king?"
2486,Can you recommend a family-friendly action movie about a farm boy who discovers a dragon and embarks on a heroic journey?
2486,What movies are similar to fantasy stories set in magical kingdoms where an ordinary teenager is destined to save his homeland?
974576,What are some gripping political thrillers set within the Vatican or the Catholic Church?
974576,Can you recommend a suspenseful drama about a secretive election and power struggles among religious leaders?
974576,What movies feature conspiracies and intrigue surrounding the selection of a new pope?
39451,What are some funny family comedies about awkward in-law relationships?
39451,Can you recommend a lighthearted comedy about a married couple dealing with family drama and parenting?
39451,"What movies are similar to Meet the Parents, with chaotic family gatherings and lots of humor?"
2005,What are some funny musical movies about a singer hiding out in an unexpected place?
2005,Can you recommend a lighthearted comedy about a woman who transforms a convent through music?
2005,"What movies combine crime, mistaken identity, and an uplifting choir or musical storyline?"
353616,What are some funny music movies about an a cappella group getting back together for one last adventure?
353616,Can you recommend a lighthearted comedy about a female singing group on an overseas tour?
353616,"What movies are similar to Pitch Perfect, with college friends, a cappella performances, and lots of comedy?"
19959,What are some sci-fi action thrillers about people living through robotic surrogates or avatars?
19959,Can you recommend a futuristic mystery movie where a detective investigates murders involving advanced technology?
19959,What movies explore a world where humans isolate themselves and interact through robotic bodies?
455980,What are some funny action comedies about friends competing in an outrageous game or challenge?
455980,Can you recommend a comedy about a group of longtime friends who turn a childhood game into an intense adult competition?
455980,"What movies should I watch if I enjoy fast-paced comedies involving elaborate chases, rivalries, and friendship?"
10312,What are some uplifting comedy-dramas based on true stories about doctors who use humor to help their patients?
10312,Can you recommend an inspiring movie about a medical student who challenges the traditional healthcare system?
10312,What funny and heartfelt films show how laughter and compassion can help people heal?
980489,What are some inspiring movies about gamers who achieve their dreams in the real world?
980489,Can you recommend an action-packed racing movie based on a true story?
980489,What movies feature an underdog pursuing a career as a professional racecar driver?
644495,"What are some dramatic crime movies about wealthy families, betrayal, and murder?"
644495,Can you recommend a movie based on a true story about ambition and revenge within a powerful family?
644495,"What historical dramas feature lavish lifestyles, family scandals, and a tragic downfall?"
818,What are some funny spy comedies with over-the-top villains and outrageous characters?
818,"Can you recommend a crime comedy featuring a secret agent, a diabolical mastermind, and a 1970s-inspired setting?"
818,"What movies are similar to Austin Powers with absurd humor, world-domination schemes, and a shagadelic spy?"
462919,What are some teen romantic comedies about mistaken identity and unexpected relationships?
462919,Can you recommend a high school romance movie featuring an unlikely couple and a popular girl?
462919,What movies are similar to a heartfelt comedy-drama about a misfit trying to win over her crush?
274167,Can you recommend a funny family comedy about a stepdad competing with his wife's children's irresponsible biological father?
274167,What comedies feature a mild-mannered stepfather trying to win over his stepchildren when their free-spirited dad returns?
274167,I’m looking for a lighthearted movie about parenting rivalry and the challenges of becoming a good stepdad—what should I watch?
9361,What are some historical war dramas set in colonial America?
9361,Can you recommend a movie about British and French conflicts involving Native American tribes?
9361,What films feature a rescue adventure during a bloody frontier war?
15969,"Can you recommend a family-friendly animated adventure with magic, romance, and plenty of action?"
15969,"What movies feature Aladdin, Jasmine, and the Genie battling an evil villain?"
15969,"I’m looking for an exciting animated fantasy sequel with humor, daring escapes, and a romantic storyline."
957,What are some funny science fiction movies that parody Star Wars?
957,Can you recommend a lighthearted space adventure with a goofy hero and ridiculous villains?
957,"What comedy movies feature a rescue mission, outer space, and lots of absurd humor?"
841,Can you recommend an epic science fiction adventure set on a desert planet?
841,"What movies feature a chosen one, political intrigue, and a struggle over a valuable resource?"
841,I’m looking for an action-packed space movie with rich world-building and mysterious prophecies.
157433,What are some horror movies about a family moving to a rural town and encountering a supernatural cemetery?
157433,Can you recommend a scary movie involving a mysterious burial ground and pets that come back to life?
157433,What horror films feature a family facing supernatural events after discovering an ancient cemetery near their home?
6557,What are some romantic comedies about a woman who secretly loves someone who is engaged to another person?
6557,"Can you recommend a lighthearted romance involving weddings, complicated relationships, and unrequited love?"
6557,"What movies are similar to 27 Dresses, with a selfless woman navigating her sister’s engagement to the man she loves?"
100042,What are some silly road trip comedies like Dumb and Dumber?
100042,Can you recommend a funny movie about two clueless friends reuniting for an adventure?
100042,What comedies feature an outrageous quest to find a long-lost family member?
449443,Can you recommend a gritty crime thriller about an elite police unit and a highly skilled bank robbery crew planning an impossible heist?
449443,What action movies feature intense cat-and-mouse games between law enforcement and professional robbers?
449443,I'm looking for a movie with a high-stakes Federal Reserve heist and lots of gritty crime action—what should I watch?
76025,Can you recommend a dark psychological drama about a man struggling with compulsive sex addiction?
76025,What movies explore a troubled adult confronting painful memories when a sibling comes to stay with them?
76025,"I’m looking for an intense, character-driven drama set in New York about emotional isolation and difficulty with intimacy."
12133,What are some funny comedies about immature adult siblings or stepbrothers living together?
12133,Can you recommend a movie about two grown men who become competitive and chaotic after their parents get married?
12133,What comedies have a ridiculous family dynamic and lots of rivalry between reluctant brothers?
18487,What are some intense crime thrillers about hijacked trains or hostages?
18487,Can you recommend action movies featuring a tense battle of wits between a hostage negotiator and a criminal mastermind?
18487,What gritty New York City thrillers involve an ordinary worker facing a high-stakes criminal crisis?
1542,What are some funny workplace comedies about an unhappy office worker who decides to stop following the rules?
1542,"Can you recommend a comedy about corporate life, soul-crushing jobs, and a hapless scheme to get revenge on the company?"
1542,What movies feature a depressed white-collar employee who undergoes a life-changing experience and starts living carelessly?
470,What are some intense dramas about interconnected lives and the aftermath of a tragic accident?
470,"Can you recommend a crime thriller with emotional storytelling, complex characters, and themes of guilt and redemption?"
470,What movies are similar to 21 Grams in their nonlinear structure and deeply tragic tone?
762441,What are some horror sci-fi thrillers about surviving an alien invasion in a city?
762441,Can you recommend a tense movie where creatures hunt people by sound?
762441,What should I watch if I liked suspenseful survival films featuring a woman and her cat?
3034,Can you recommend a funny horror parody about a young scientist who inherits his infamous grandfather's castle?
3034,What comedic classic features a neurosurgeon recreating his grandfather's monster experiment?
3034,"I'm in the mood for a black-and-white comedy with a mad scientist, a hunchback assistant, and a reanimated monster—what should I watch?"
393519,What are some intense horror dramas about a young person losing control of their identity?
393519,Can you recommend a disturbing coming-of-age horror movie set at a veterinary school?
393519,"What films explore taboo food, animal instincts, and the dark side of fitting in?"
11130,What are some family-friendly romantic comedies about a young woman unexpectedly becoming royalty?
11130,"Can you recommend a fun, lighthearted princess movie with romance, comedy, and royal drama?"
11130,What movie should I watch if I enjoyed the first Princess Diaries and want to see Mia continue her journey as a royal?
9476,What are some adventurous medieval movies with romance and action?
9476,Can you recommend a fun movie about an underdog who pretends to be a knight and competes in tournaments?
9476,"What movies combine historical drama, sword fighting, romance, and a heroic journey?"
674324,Can you recommend a dark comedy about two lifelong friends whose friendship suddenly falls apart?
674324,What movies explore the painful consequences of one friend abruptly ending a long-term relationship?
674324,"I’m looking for a character-driven drama with humor, strained friendships, and an unsettling emotional edge—what should I watch?"
8055,What are some emotionally intense dramas about forbidden love and painful secrets?
8055,Can you recommend a thought-provoking romantic movie set against the aftermath of World War II?
8055,What films explore morally complex relationships and the consequences of a hidden past?
1904,What are some historical dramas about a young Japanese woman becoming a geisha before World War II?
1904,Can you recommend a romantic period film set in prewar Japan with a strong female protagonist?
1904,What movies explore the hardships and traditions of geisha life in Japan?
968,What are some gripping crime dramas based on true stories about a bank robbery that turns into a hostage standoff?
968,Can you recommend a tense 1970s thriller about a desperate robber whose heist becomes a media spectacle?
968,"What movies are similar to a realistic, character-driven hostage film involving an improvised bank robbery and police negotiation?"
501929,What are some funny animated adventure movies about a quirky family going on a road trip?
501929,Can you recommend an animated comedy where an ordinary family has to save the world from robots?
501929,"What movies are similar to The Incredibles, with family dynamics, humor, and an action-packed adventure?"
511987,What horror thrillers feature a family trapped by a hurricane and rising floodwaters?
511987,Can you recommend a tense survival horror movie set during a devastating storm?
511987,What movies are similar to a claustrophobic thriller about a daughter trying to rescue her injured father during a flood?
76649,What are some action-adventure movies set in ancient Rome with a romantic storyline?
76649,Can you recommend a movie about a gladiator trying to save his lover during a natural disaster?
76649,"What films feature a historical setting, epic battles, and a city destroyed by a volcanic eruption?"
597208,What are some dark psychological thrillers about a charismatic con artist who manipulates people to get ahead?
597208,"Can you recommend a crime drama with a noir atmosphere, carnival setting, and morally complex characters?"
597208,What movies are similar to a story about an ambitious man whose talent for deception leads him into danger?
149870,What are some animated historical dramas about aviation and the life of an ambitious engineer?
149870,"Can you recommend a romantic animated film set in Japan that explores dreams, love, and wartime history?"
149870,"What movies are similar to The Wind Rises, with beautiful animation and a bittersweet story about pursuing a passion?"
657,What are some classic spy thrillers with James Bond-style action and international intrigue?
657,Can you recommend an adventure movie about a secret agent chasing a decoding device through Istanbul?
657,What should I watch if I enjoy suspenseful 1960s Bond films involving SPECTRE and dangerous undercover missions?
581734,What are some emotionally powerful dramas about older adults starting over after a major loss?
581734,Can you recommend a reflective road movie about someone living on the margins and traveling through the American West?
581734,"What movies explore van life, economic hardship, and finding freedom outside conventional society?"
35690,What are some emotional family dramas about a rebellious teenager reconnecting with her father over the summer?
35690,Can you recommend a romantic movie set in a Southern beach town that features music and family reconciliation?
35690,What movies are similar to a heartfelt coming-of-age story about an estranged father and daughter rebuilding their relationship?
6978,What are some action-comedy fantasy movies with a quirky hero and supernatural martial arts?
6978,"Can you recommend an adventurous 1980s movie that blends comedy, monsters, sorcery, and martial arts?"
6978,"What movies are similar to a fun, over-the-top fantasy adventure involving a truck driver, an ancient curse, and a kidnapped woman?"
9334,What are some action-adventure fantasy movies set in ancient Egypt?
9334,Can you recommend a movie about a warrior seeking revenge against a powerful ruler and sorceress?
9334,"What movies feature epic battles, betrayals, and a heroic peasant rising to fight evil?"
285783,What are some inspiring historical adventure movies based on true stories?
285783,Can you recommend a drama about a daring high-wire or aerial performance?
285783,What movies depict incredible real-life feats and overcoming fear?
11247,What are some fun family-friendly romantic comedies about a modern-day Cinderella?
11247,Can you recommend a lighthearted teen romance with a Halloween dance and an online love story?
11247,What movies feature a kindhearted girl overcoming a wicked stepmother and finding romance?
10585,What are some horror movies about a killer possessing a doll or toy?
10585,Can you recommend a scary movie where a child receives a seemingly innocent toy that turns deadly?
10585,What horror films feature a serial killer transferring their soul into another body?
9792,What are some horror thrillers about a family stranded in a remote wasteland and hunted by mutants?
9792,Can you recommend a terrifying road-trip horror movie set in an abandoned or isolated area?
9792,"What movies are similar to The Hills Have Eyes, with survival horror, a trapped family, and a violent mutant group?"
573435,What action-comedy crime movies feature detectives who go on the run while trying to clear their former captain's name?
573435,"Can you recommend a buddy-cop movie with high-octane action, humor, and a conspiracy involving a framed police captain?"
573435,"What movies are similar to Bad Boys, with two cops uncovering corruption while being pursued themselves?"
10066,What are some horror thrillers about teenagers stranded near a creepy wax museum?
10066,Can you recommend a scary mystery movie where a group of friends must survive and avoid becoming exhibits?
10066,"What movies are similar to House of Wax, with unwitting teens facing danger in a sinister setting?"
556984,What are some historical dramas about political protests and controversial trials?
556984,Can you recommend a movie about activists facing an unjust court case after a protest turns violent?
556984,"What films are similar to The Trial of the Chicago 7 and explore political conflict, civil rights, and courtroom drama?"
555604,What animated fantasy movies explore the bond between a father and son?
555604,"Can you recommend a visually stunning adventure movie with a darker, emotional story?"
555604,What movies are set during the rise of fascism and feature magical or fantastical elements?
4488,What are some classic slasher horror movies set at a summer camp?
4488,Can you recommend a scary movie about camp counselors being stalked by a mysterious killer?
4488,What horror films feature a group of people trying to reopen a campsite with a dark past?
622,Can you recommend a mystery thriller about a rare book dealer investigating a demonic occult text?
622,What horror movies involve paranormal events and a quest to find copies of a book that can summon the Devil?
622,"I’m looking for a dark, atmospheric film combining literary mysteries, occult secrets, and supernatural suspense—what should I watch?"
9614,What are some funny sports movies about an unconventional athlete trying to win a major competition?
9614,Can you recommend a lighthearted comedy about a determined underdog who uses an unusual style to succeed?
9614,"What movies combine golf, outrageous humor, and a protagonist trying to save his family’s home?"
490,"What are some thought-provoking medieval dramas about faith, death, and existential doubt?"
490,Can you recommend a dark fantasy film where a knight plays chess with Death?
490,What movies explore the Black Death through a philosophical and emotionally intense story?
180863,What are some darkly funny crime dramas about old friends reuniting after many years apart?
180863,"Can you recommend a Scottish movie sequel with drama, comedy, and crime elements?"
180863,What films are similar to a story about a man returning home and reconnecting with his troubled childhood friends?
609,What are some scary supernatural horror movies about a family haunted by paranormal activity in their home?
609,Can you recommend a horror movie where parents must rescue their daughter from a portal to the other side?
609,"What movies are similar to Poltergeist, featuring a suburban house, ghostly activity, and a missing child?"
259694,What are some funny romantic comedies about navigating single life in New York City?
259694,Can you recommend a movie about friends learning to embrace being single and finding love?
259694,What should I watch if I want a lighthearted film about modern dating and relationships?
82633,What are some gritty crime dramas set during Prohibition with bootleggers and corrupt lawmen?
82633,Can you recommend a dark Western about brothers running an illegal business and fighting a violent outsider?
82633,"What movies feature a family-run bootlegging operation, intense brotherly loyalty, and brutal gang violence?"
9354,What are some funny family adventure movies where kids get shrunk to a tiny size?
9354,Can you recommend a sci-fi comedy about teenagers facing dangers in their own backyard?
9354,"What movies are similar to Honey, I Shrunk the Kids, with miniature worlds and family-friendly adventure?"
440,What are some action-packed sci-fi horror movies featuring aliens and Predators?
440,Can you recommend a tense creature-feature movie where a small town is overrun by deadly extraterrestrial monsters?
440,"What movie should I watch if I enjoy violent thrillers with humans, aliens, and a lone warrior fighting an infestation?"
915935,What are some gripping courtroom thrillers about a woman accused of killing her husband?
915935,Can you recommend a mystery crime film where a blind child is the key witness to a family tragedy?
915935,What movies explore moral dilemmas and uncertain truth after a husband's suspicious death?
12113,What are some intense action thrillers about CIA agents hunting terrorists in the Middle East?
12113,Can you recommend a suspenseful movie about an undercover operative working in a dangerous international espionage mission?
12113,"What films combine political drama, terrorism, and high-stakes intelligence operations?"
8656,What are some action-packed sci-fi movies about an asteroid or comet threatening Earth?
8656,Can you recommend a dramatic space disaster movie where astronauts try to save the planet?
8656,What movies combine an impending global catastrophe with political leadership and a journalist uncovering the truth?
635744,What are some war movies about military rescue missions in the Middle East?
635744,Can you recommend action-packed films about a fighter pilot who is captured and rescued by an elite squad?
635744,What movies are similar to Jarhead that feature soldiers risking their lives to save a captured comrade?
516486,What are some intense World War II movies about naval battles and convoy escorts?
516486,Can you recommend an action-packed war movie featuring submarine warfare and a courageous captain?
516486,What films are similar to a tense military thriller about protecting an Allied convoy from enemy U-boats?
8967,"Can you recommend an impressionistic drama about a Texas family that explores childhood, faith, and the meaning of life?"
8967,What movies deal with a troubled relationship between a father and son while reflecting on existence and spirituality?
8967,"I’m looking for a visually poetic, philosophical family drama that follows someone from childhood into adulthood."
412117,What are some funny family-friendly animated movies about pets dealing with big changes at home?
412117,Can you recommend an adventurous kids' movie about a nervous dog exploring the countryside?
412117,What animated comedies would be good for a family who enjoys talking animals and heartwarming stories?
43949,What are some sweet coming-of-age romance movies about childhood crushes?
43949,Can you recommend a heartfelt romantic drama about two people whose feelings change over time?
43949,What movies are similar to a charming young love story where the characters see their relationship differently?
818647,What are some romantic movies about longtime crushes between next-door neighbors?
818647,Can you recommend a teen romance drama involving family disapproval?
818647,What movies feature a neighbor romance that develops despite obstacles?
939243,What are some family-friendly action sci-fi movies with comedy and video game characters?
939243,Can you recommend an exciting adventure movie about a team of heroes facing a powerful new villain?
939243,What movies would I enjoy if I liked the previous Sonic the Hedgehog films?
9772,What are some action thrillers about a president fighting to save hostages aboard a hijacked plane?
9772,Can you recommend a tense political action movie involving terrorists taking over Air Force One?
9772,What movies feature a heroic president confronting Russian extremists during a high-stakes aircraft hijacking?
979,What are some intense crime thrillers about revenge after a violent attack?
979,"Can you recommend a dark, disturbing drama about people taking justice into their own hands?"
979,What movies explore the consequences of vengeance and how one irreversible event changes everything?
447277,What are some family-friendly fantasy adventures about a young heroine exploring a world beyond her own?
447277,"Can you recommend a romantic adventure movie with mermaids, magic, and an unlikely love story?"
447277,What movies are similar to a fairy tale about a rebellious princess who makes a dangerous deal to pursue her dreams?
8741,What are some serious and emotional World War II movies about soldiers facing the horrors of battle?
8741,Can you recommend a thoughtful war drama set during the Battle of Guadalcanal?
8741,What movies explore the personal struggles and self-discovery of soldiers during wartime?
378236,Can you recommend an animated family comedy about an emoji who wants to fit in and become normal?
378236,What funny animated movies follow an unusual character on a journey of self-discovery?
378236,I'm looking for a lighthearted family movie set in the world of emojis—what should I watch?
8413,What are some horror sci-fi movies about astronauts investigating a mysterious abandoned spaceship?
8413,Can you recommend a dark space horror movie with supernatural or unexplained events?
8413,What movies are similar to a crew discovering something sinister aboard a lost starship?
46738,What are some emotionally powerful war dramas about twins uncovering their mother's mysterious past?
46738,Can you recommend a thought-provoking mystery set in the Middle East that explores family secrets and the impact of war?
46738,"What films are similar to a tragic, deeply moving story about enduring love, generational trauma, and long-buried secrets?"
192,What are some atmospheric historical mystery films set in a monastery or abbey?
192,"Can you recommend a dark medieval thriller involving murders, religious intrigue, and a clever investigator?"
192,What movies are similar to a suspenseful historical drama about monks solving mysterious crimes?
68730,What are some historical dramas about missionaries facing persecution and moral dilemmas?
68730,Can you recommend a thought-provoking movie set in 17th-century Japan?
68730,"What films explore religious faith, doubt, and cultural conflict?"
913290,What are some horror mystery movies about a woman who discovers a stranger already staying in her Airbnb?
913290,Can you recommend a suspenseful horror movie set in a double-booked rental home?
913290,What scary movies feature a young woman arriving at an Airbnb late at night and uncovering something sinister?
68722,What are some intense dramas about a troubled war veteran who finds a sense of belonging with a charismatic religious leader?
68722,"Can you recommend a psychological drama set after World War II about PTSD, alcoholism, and an unconventional new religion?"
68722,What movies explore the complicated relationship between a volatile follower and a charismatic cult-like leader?
228205,Can you recommend a romantic drama about a young couple whose lives become connected to an elderly man with a lost love story?
228205,What are some emotional romance movies that intertwine a modern love story with memories of a long-lost relationship?
228205,"I’m looking for a heartfelt drama about love, fate, and an older man reflecting on his past while surviving a car accident."
13809,What are some action-packed crime thrillers set in London's criminal underworld?
13809,Can you recommend a stylish British gangster movie with dark humor and a fast-paced plot?
13809,"What movies are similar to a crime caper involving Russian mobsters, shady criminals, and a rock star?"
1242898,What action sci-fi adventure movies feature a lone warrior teaming up with an unlikely android companion?
1242898,Can you recommend a movie about an outcast alien hunter seeking a dangerous ultimate adversary?
1242898,"What are some thrilling futuristic adventure films with intense combat, alien worlds, and an unconventional partnership?"
2758,What are some funny family fantasy movies with dark humor and eccentric characters?
2758,Can you recommend a quirky comedy about the Addams family dealing with a new baby and a dangerous nanny?
2758,"What movies combine gothic humor, mischievous siblings, and a sinister nanny storyline?"
109421,What are some psychological thrillers about a woman coping with anxiety through prescription medication?
109421,Can you recommend a crime drama involving a husband's release from prison and the unexpected consequences of medication?
109421,"What movies explore prescription drug dependence, marital tension, and dark psychological twists?"
9029,What are some funny romantic comedies about two strangers who unexpectedly get married in Las Vegas?
9029,Can you recommend a lighthearted movie where a couple is forced to stay together for money?
9029,What movies feature a drunken wedding that turns into an unlikely romance?
756,What are some classic animated fantasy movies with beautiful music and imaginative visuals?
756,Can you recommend a family-friendly animated movie that brings classical music to life?
756,What Disney movies are similar to Fantasia?
8922,What are some scary horror movies about two siblings being terrorized on a deserted country road?
8922,"Can you recommend a horror movie involving a mysterious driver, a beat-up truck, and a disturbing discovery near a sewer pipe?"
8922,"What horror films would you suggest for a tense, creepy road-trip story with a relentless monster?"
543540,What are some romantic comedies about a high school student who pretends to be someone’s boyfriend for money?
543540,Can you recommend a lighthearted teen romance movie involving a dating app?
543540,What movies are similar to a comedy about a teenager acting as a stand-in date to pay for college?
41439,What horror movies feature a group of survivors confronting the legacy of a brutal killer?
41439,"Can you recommend a crime thriller with gruesome traps, dark secrets, and a deadly revenge plot?"
41439,What movies are similar to the Saw series and focus on survivors facing a new wave of terror?
7214,What are some inspiring sports dramas based on true stories?
7214,Can you recommend a movie about a high school basketball coach who prioritizes academics?
7214,What films feature a coach helping disadvantaged students succeed both on and off the court?
179144,"What are some thought-provoking dramas about aging, regret, and finding meaning in life?"
179144,Can you recommend a visually stunning film set among Rome’s lavish nightlife and high society?
179144,What movies explore a disillusioned man looking back on his extravagant life after a personal shock?
49730,Can you recommend a dark fantasy romance about a young woman caught between forbidden love and a werewolf threat?
49730,"What movies combine mystery, horror, and romance in a gothic village setting?"
49730,"I’m looking for a thriller inspired by Little Red Riding Hood with werewolves, family drama, and an intense love story."
9655,What are some funny romantic movies about mistaken identities and cross-dressing?
9655,Can you recommend a lighthearted teen rom-com involving a love triangle and someone pretending to be their twin?
9655,What movies are similar to a comedy where a girl disguises herself as her brother at boarding school and falls for her roommate?
10439,What are some fun family-friendly fantasy comedies to watch on Halloween?
10439,Can you recommend a funny movie about witches causing trouble in a small town?
10439,"What movies feature kids battling supernatural villains with a magical, comedic tone?"
9471,What are some action-comedy movies with stylish female spy teams and over-the-top stunts?
9471,"Can you recommend an adventurous, lighthearted movie about agents protecting witnesses and stopping a rogue operative?"
9471,"What movies are similar to Charlie's Angels, featuring a fun mix of action, comedy, and espionage?"
3050,What are some funny family fantasy movies about a doctor who can talk to animals?
3050,Can you recommend a lighthearted movie where a successful doctor discovers he can communicate with animals?
3050,What movies are similar to Doctor Dolittle for a fun family movie night?
238615,What are some sci-fi thrillers about a dying wealthy man who transfers his consciousness into a younger body?
238615,Can you recommend an action movie involving a mysterious body-transfer procedure and a secret organization?
238615,"What movies explore the consequences of gaining a new, healthy body while uncovering hidden secrets about its origin?"
249070,What are some action thrillers about a skilled assassin who teams up with a woman to uncover her family’s secrets?
249070,"Can you recommend a crime movie with intense gunfights, a genetically enhanced assassin, and a mystery involving ancestry?"
249070,What movies are similar to a fast-paced thriller about an assassin helping a woman find her father?
9714,What are some family-friendly comedies about a clever child defending their home from criminals?
9714,Can you recommend a funny movie where a kid is left home alone and has to outsmart a group of spies?
9714,"What movies are similar to a lighthearted family adventure featuring a young hero, elaborate traps, and a secret gadget?"
1738,What are some action-packed sci-fi thrillers about a man who can see a few minutes into the future?
1738,Can you recommend a suspenseful movie set in Las Vegas involving a magician with a supernatural ability and a terrorist threat?
1738,What movies are similar to a fast-paced thriller where the protagonist uses his precognition to stop a catastrophic attack?
975,What are some powerful anti-war movies about injustice within the military?
975,Can you recommend a serious World War I drama centered on soldiers facing a corrupt military trial?
975,What movies explore the human cost of war and the abuse of authority by military leaders?
726209,What are some mystery thrillers about a family vacation disrupted by a cyberattack?
726209,Can you recommend a tense movie where strangers arrive at a secluded rental home during a crisis?
726209,What films explore a family’s attempt to survive when technology suddenly stops working?
36643,"What are some action-packed spy thrillers involving terrorism, oil politics, and a race against time?"
36643,Can you recommend an adventure movie where James Bond protects an heiress from a dangerous terrorist?
36643,What high-tech action movies feature world domination plots and an exciting submarine showdown?
3597,What are some horror thrillers about teenagers being stalked by someone who knows their dark secret?
3597,Can you recommend a mystery slasher movie involving a hit-and-run cover-up and a vengeful killer?
3597,"What films have a suspenseful coastal setting, a group of friends hiding a fatal accident, and a masked or mysterious killer?"
38408,What are some funny romantic dramas about two people who dislike each other but must raise a child together?
38408,Can you recommend a feel-good movie about reluctant co-parents who unexpectedly fall in love?
38408,What movies feature a bickering couple forced to live together and care for a child after a tragedy?
843,Can you recommend a visually stunning romantic drama set in 1960s Hong Kong?
843,What movies explore unrequited love and an intimate bond between neighbors?
843,I’m looking for a slow-burn romance about two married people who discover their spouses are having an affair.
62764,What are some funny fantasy adventure movies with a fairy-tale story and a strong female protagonist?
62764,"Can you recommend a family-friendly movie about Snow White, an evil queen, and seven dwarves?"
62764,"What movies combine comedy, fantasy, romance, and an epic battle between good and evil?"
119283,What are some action crime movies about a professional thief seeking revenge after being betrayed by his crew?
119283,Can you recommend a gritty heist movie featuring a morally principled thief and an unlikely female ally?
119283,What movies are similar to a crime thriller where a presumed-dead thief returns to steal the proceeds from his former partners?
9355,What are some action-adventure sci-fi movies set in a post-apocalyptic world?
9355,Can you recommend a movie where a lone hero helps rescue or protect a group of children?
9355,"What movies feature a dystopian society, an exiled protagonist, and thrilling survival action?"
284293,Can you recommend a moving drama about a woman diagnosed with early-onset Alzheimer's disease?
284293,What are some emotional movies about memory loss and how it affects a family?
284293,"I’m looking for a serious, heartfelt film about a successful person whose life changes after a devastating medical diagnosis."
13310,What are some atmospheric horror dramas about a lonely bullied child who befriends a mysterious girl?
13310,Can you recommend a dark coming-of-age movie about an unusual friendship between two young outsiders?
13310,"What horror films combine vampire themes, emotional drama, and a haunting winter setting?"
10022,What are some funny family action movies about a tough military officer protecting children?
10022,"Can you recommend a lighthearted movie with a Navy SEAL, kids, and an exciting secret mission?"
10022,What movies are similar to a comedy about a bodyguard looking after a group of mischievous kids?
943,What are some action-packed crime thrillers about cops taking down a corrupt former officer?
943,Can you recommend a buddy-cop movie involving stolen guns being sold to street gangs?
943,"What movies are similar to Lethal Weapon 3, with intense police action, crime, and thriller elements?"
167073,What are some romantic dramas about immigrants starting a new life in 1950s America?
167073,Can you recommend a historical romance about a woman torn between two countries and two loves?
167073,"What movies explore homesickness, identity, and choosing between an old home and a new life?"
415842,Can you recommend an action thriller about a man who becomes a trained operative after his fiancée is murdered?
415842,What movies feature a covert agent investigating seemingly random attacks with the help of a Cold War veteran?
415842,"I’m looking for an adventure thriller with espionage, revenge, and military-targeted attacks—what should I watch?"
619,What are some action-romance movies about a bodyguard falling in love with the person they protect?
619,Can you recommend a movie where a former Secret Service agent protects a famous singer from a dangerous stalker?
619,"What movies combine drama, romance, and suspense with a bodyguard and a celebrity as the main characters?"
1064213,What are some funny yet emotional romantic dramas about an unexpected marriage and class differences?
1064213,Can you recommend a movie about a Brooklyn sex worker who falls into a chaotic Cinderella-style romance?
1064213,"What films combine comedy, romance, and drama with a wealthy family's attempt to end an impulsive marriage?"
519182,"What animated family comedies feature a supervillain dad, mischievous kids, and lots of action?"
519182,Can you recommend a funny science-fiction movie about Gru and his family facing a new nemesis?
519182,"What movies are similar to Despicable Me with Minions, family adventures, and comedy?"
60935,Can you recommend a horror sci-fi movie set in Antarctica involving a mysterious alien creature?
60935,What are some suspenseful movies about an isolated research team being hunted by a creature that can imitate humans?
60935,"I’m looking for a terrifying mystery movie with paranoia, survival, and a shape-shifting monster—what should I watch?"
10494,Can you recommend an animated psychological thriller about a pop star whose career change causes reality and fantasy to blur?
10494,"What are some intense anime movies about identity, paranoia, and a performer being haunted by her former self?"
10494,"I’m looking for a dark, suspenseful film where a celebrity’s collaborators are murdered and she begins questioning what’s real."
940721,What are some intense science fiction horror movies set in postwar Japan?
940721,Can you recommend an action-packed monster movie about survivors fighting back after a devastating catastrophe?
940721,What films feature a desperate group of civilians battling an unstoppable creature without help from the government or military?
934433,What horror thrillers feature survivors of a masked killer leaving their small town to start over in a bigger city?
934433,Can you recommend a crime horror movie with Ghostface-style killings and returning survivors facing a new murderer?
934433,What should I watch if I want a tense slasher sequel about survivors trying to escape their violent past?
491418,What are some funny and heartfelt movies about foster care adoption?
491418,Can you recommend a comedy-drama about a couple who unexpectedly becomes parents to several siblings?
491418,What movies explore the challenges and joys of adopting children as a family?
61979,What are some romantic dramas about a sheltered rich girl who falls for a rebellious bad boy?
61979,"Can you recommend movies featuring forbidden love, motorcycle racing, and passionate young romance?"
61979,What films are similar to a dramatic love story between an upper-class girl and a reckless rebel?
15472,What are some dark Swedish crime thrillers about solving a cold case?
15472,Can you recommend a mystery thriller featuring a journalist and a brilliant female hacker?
15472,"What movies are similar to a gritty investigative drama involving corruption, family secrets, and a missing person?"
2666,"What are some dark sci-fi mystery movies about a man uncovering forgotten memories in a surreal, oppressive world?"
2666,"Can you recommend movies with a noir atmosphere, strange supernatural beings, and a protagonist trying to find his missing identity?"
2666,What films are similar to a nightmarish science-fiction mystery where reality is controlled by powerful telekinetic beings?
9470,What are some funny action movies with martial arts and crime elements?
9470,Can you recommend a movie set in 1940s Shanghai involving gangsters and hidden kung fu masters?
9470,What films feature unlikely heroes taking on a powerful criminal organization with a mix of comedy and fantasy?
11283,Can you recommend a funny family fantasy movie about a magical nanny helping a widowed father manage his unruly children?
11283,What movies are similar to a heartwarming comedy where mischievous kids learn discipline from a nanny with mystical powers?
11283,I’m looking for a family-friendly movie about a large group of troublesome siblings who come together with the help of a magical caregiver.
882569,Can you recommend a gritty war thriller about an American soldier returning to Afghanistan to rescue the interpreter who saved his life?
882569,What action movies focus on the bond between a U.S. serviceman and an Afghan interpreter after a dangerous ambush?
882569,I’m looking for a tense military movie about repaying a debt and rescuing an ally left behind—what should I watch?
11836,Can you recommend a funny animated adventure movie for the whole family?
11836,What are some family-friendly fantasy movies featuring SpongeBob or other cartoon characters?
11836,I'm looking for a lighthearted animated movie about best friends going on a dangerous quest—what should I watch?
1934,What are some romantic historical comedies about forbidden love and theater?
1934,"Can you recommend a witty period drama featuring Shakespeare, romance, and tragic elements?"
1934,What movies should I watch if I enjoy stories about artists falling in love while creating a masterpiece?
525661,What are some dramas about women exposing sexual harassment and abuse of power in a major media organization?
525661,Can you recommend a movie about the women who challenged a powerful media mogul and sparked a public scandal?
525661,What films portray the downfall of a controversial media executive through the stories of the women who worked for him?
157547,Can you recommend a horror movie about a woman trying to prove that her brother was wrongly convicted of murder by a supernatural force?
157547,What horror films feature a haunted object or supernatural phenomenon causing people to commit violent acts?
157547,Are there any scary movies about siblings confronting a supernatural entity connected to a past family tragedy?
1970,What are some scary supernatural horror movies involving a mysterious curse?
1970,Can you recommend a horror thriller set in Japan with ghosts and a creepy atmosphere?
1970,"What movies are similar to The Grudge, with a supernatural mystery and a spreading curse?"
429351,What are some action-packed war movies about special forces missions in Afghanistan?
429351,Can you recommend a movie based on true events after the September 11 attacks?
429351,What historical military dramas feature a team taking on the Taliban?
3175,What are some historical dramas about an ambitious outsider rising through 18th-century English society?
3175,"Can you recommend a visually stunning period film about war, deception, and social ambition?"
3175,"What movies are similar to Barry Lyndon, with a cunning protagonist who reinvents himself to climb the social ladder?"
249397,"What are some dark, psychologically intense dramas about a woman confronting the consequences of her sexual past?"
249397,"Can you recommend a mature, provocative mystery-drama that explores trauma, sexuality, and complicated relationships?"
249397,What movies continue a character's deeply personal story by delving into the darker aspects of her adult life?
51739,Can you recommend a heartwarming fantasy animated movie about tiny people living secretly alongside humans?
51739,What family-friendly animated films feature a young protagonist and a magical hidden world?
51739,I’m looking for a gentle adventure movie where a human discovers a secret miniature family—what should I watch?
10734,What are some gripping prison escape thrillers based on true events?
10734,Can you recommend a tense drama about inmates planning an impossible escape from a maximum-security prison?
10734,What movies are similar to a suspenseful story set in Alcatraz?
758323,What are some horror movies about a Vatican exorcist investigating a terrifying possession?
758323,Can you recommend a thriller involving demonic possession and a dark conspiracy within the Catholic Church?
758323,What scary movies feature a young boy's possession and an exorcist uncovering an ancient secret?
11906,What are some atmospheric horror movies about sinister secrets at elite schools?
11906,Can you recommend a horror film involving a ballet academy and grisly murders?
11906,"What movies have a supernatural, unsettling atmosphere similar to Suspiria?"
10521,What are some funny romantic movies about best friends who become rivals?
10521,Can you recommend a lighthearted movie about two weddings competing for the same date?
10521,"What romantic comedies feature friendship, wedding chaos, and unexpected rivalry?"
503314,What action-packed animated sci-fi movies feature powerful warriors and epic battles?
503314,"Can you recommend a Dragon Ball movie with Goku, Vegeta, and a new Saiyan villain?"
503314,What anime movies should I watch if I enjoyed the Dragon Ball Super series?
59108,What are some funny action movies about a group of ordinary workers planning a heist against a wealthy criminal?
59108,Can you recommend a comedy about amateur thieves seeking revenge on a Wall Street scammer?
59108,What movies feature an unlikely team trying to steal money from a corrupt billionaire?
7840,What are some epic prehistoric adventure movies with action and fantasy elements?
7840,Can you recommend a movie about a young hunter journeying through uncharted lands to save his tribe?
7840,"What movies are similar to 10,000 BC, with mammoths, ancient civilizations, and a heroic quest?"
25,What are some intense war dramas about soldiers' psychological struggles during the Gulf War?
25,"Can you recommend a movie about a young Marine enduring boot camp and deployment while struggling with boredom, fear, and the urge to fight?"
25,What films explore the emotional toll of war on soldiers who are eager for combat but kept away from the action?
46838,What are some funny horror movies about misunderstood hillbillies and college students in the woods?
46838,"Can you recommend a horror comedy with chaotic misunderstandings, dark humor, and lots of accidental deaths?"
46838,What movies are similar to a comedic slasher where campers mistake innocent people for killers?
421,What are some quirky adventure comedies about eccentric ocean explorers?
421,"Can you recommend a visually unique movie with a dysfunctional crew, high-seas adventures, and dry humor?"
421,"What films combine an unusual revenge quest, family revelations, and an offbeat ensemble cast?"
205,What are some powerful historical dramas about genocide and human courage?
205,Can you recommend a war movie based on true events that highlights ordinary people helping others survive?
205,What films are similar to Hotel Rwanda and deal with humanitarian crises or overlooked conflicts?
9889,Can you recommend a romantic comedy about a shallow man who learns to value inner beauty?
9889,What movies explore the idea that true love is about personality rather than physical appearance?
9889,"I’m looking for a funny, heartfelt fantasy romance involving hypnosis and a change in perspective—what should I watch?"
58224,Can you recommend a funny family movie about someone whose life changes after adopting unusual pets?
58224,What are some lighthearted movies suitable for kids that feature penguins and lots of comedy?
58224,I’m looking for a feel-good family comedy set partly in New York with an overwhelmed but lovable main character.
7220,What are some action crime dramas about a grieving family man who becomes a vigilante for revenge?
7220,Can you recommend movies featuring an undercover agent who seeks brutal revenge after his family is murdered?
7220,"What films are similar to The Punisher, with intense action, crime, and a ruthless protagonist fighting for justice?"
822119,What are some action thrillers with a science-fiction twist and an international conspiracy plot?
822119,Can you recommend a superhero movie about Captain America navigating a global crisis and political intrigue?
822119,"What movies feature a newly elected president, a dangerous international incident, and a hidden mastermind?"
917496,What are some funny fantasy horror movies about a family encountering ghosts or the afterlife?
917496,"Can you recommend a darkly comedic supernatural movie involving a teenage girl, her family, and a portal to the afterlife?"
917496,"What movies have a quirky haunted-house atmosphere, eccentric characters, and a blend of comedy and horror?"
32856,What are some romantic comedies about multiple couples navigating love and breakups in Los Angeles?
32856,Can you recommend a lighthearted ensemble romance centered around Valentine's Day?
32856,What movies explore the pressures and expectations of Valentine's Day through interconnected relationships?
15092,What are some over-the-top action thrillers with nonstop violence and dark humor?
15092,"Can you recommend a crime movie with an outrageous, high-energy plot and a nearly indestructible protagonist?"
15092,"What action movies are similar to Crank, with a frantic pace and a hero who has to keep himself alive through extreme measures?"
665,Can you recommend an epic historical drama set in ancient Rome or Judea with themes of betrayal and revenge?
665,What movies feature an oppressed hero seeking justice while exploring themes of faith and redemption?
665,"I’m looking for an adventurous historical film with sweeping battles, personal tragedy, and a powerful story of friendship."
10999,What are some action thrillers about a former commando rescuing his kidnapped daughter?
10999,Can you recommend an intense 1980s action movie with a one-man army fighting through a private force?
10999,What movies feature a tough ex-soldier going on a nonstop mission to save his child?
406563,What are some good horror movies about paranormal investigators returning to a haunted family home?
406563,Can you recommend a creepy supernatural thriller with ghosts and a terrifying connection to the protagonist's past?
406563,What horror movies should I watch if I enjoyed the Insidious series and want another haunted-house mystery?
1226863,What are some fun family-friendly animated adventure movies with Mario and Luigi traveling through space?
1226863,Can you recommend a lighthearted fantasy comedy about siblings battling Bowser Jr. to save the Mushroom Kingdom?
1226863,"What animated movies are similar to a colorful, action-packed video game adventure with familiar Nintendo characters?"
11430,What are some funny animated family adventure movies featuring memorable animal characters?
11430,Can you recommend a lighthearted Disney movie about Timon and Pumbaa?
11430,What should I watch if I enjoyed The Lion King and want a comedic prequel with more of the supporting characters?
1267,Can you recommend an animated family movie about a young inventor who travels through time to find his mother?
1267,What funny and adventurous sci-fi movies are suitable for the whole family?
1267,"Are there any movies about an orphaned child, time travel, and a quirky family?"
8068,Can you recommend an action-packed crime thriller set in Mexico with lots of gunfights and revenge?
8068,"What movies are similar to El Mariachi, featuring a lone musician caught in a violent drug underworld?"
8068,"I’m looking for a gritty, fast-paced thriller about taking down a powerful drug lord—what should I watch?"
375588,What are some action-packed adventure movies about Robin Hood and his fight against a corrupt crown?
375588,"Can you recommend a thrilling fantasy movie featuring a war-hardened hero, medieval battles, and rebellion?"
375588,What movies are similar to a gritty medieval adventure about a Crusader teaming up with a Moorish commander?
1255,What are some horror movies about a family searching for a loved one after a monster emerges from a polluted river?
1255,"Can you recommend a science-fiction horror film with a giant mutated creature, environmental themes, and emotional family drama?"
1255,"What movies combine monster attacks, social commentary about toxic waste, and a frantic rescue mission?"
72113,Can you recommend a dark comedy about parents whose meeting over their children’s fight descends into chaos?
72113,What movies feature adults behaving childishly during a tense but initially cordial confrontation?
72113,I'm looking for a comedy-drama about two sets of parents trying to resolve a conflict between their sons.
567748,What are some tense thrillers about a police officer trying to save a kidnapped person over the phone?
567748,Can you recommend a gripping drama set mostly in an emergency dispatch center?
567748,What movies feature a morally conflicted police officer handling a high-stakes kidnapping call?
551332,What are some historical dramas about the relationship between Pope Benedict and Cardinal Bergoglio?
551332,Can you recommend a thoughtful movie about two Catholic leaders debating the future of the Church?
551332,What films explore the personal doubts and conflicts behind the selection of a new pope?
458897,What are some fun action-comedy movies about a team of female spies protecting dangerous technology?
458897,"Can you recommend an adventure movie with strong women, high-tech gadgets, and a lighthearted tone?"
458897,"What movies are similar to a modern spy thriller featuring a scientist, an unstoppable team, and plenty of comedy?"
1241982,What are some family-friendly animated adventure movies with fantasy elements and ocean exploration?
1241982,Can you recommend a fun animated movie about a brave heroine embarking on a dangerous journey with a legendary companion?
1241982,"What movies are similar to Moana, with comedy, music, mythology, and an exciting adventure across the sea?"
303858,What are some thrillers about a financial TV host caught in a hostage situation?
303858,Can you recommend a tense drama involving a disgruntled investor taking over a television studio?
303858,"What movies combine financial scandals, media pressure, and high-stakes hostage situations?"
438799,What are some horror sci-fi war movies set during World War II?
438799,Can you recommend a movie about American soldiers fighting a secret Nazi experiment?
438799,What should I watch if I want a tense D-Day action movie with supernatural elements?
565770,What are some action-packed superhero movies about a young person who discovers powerful alien technology?
565770,Can you recommend a sci-fi adventure movie featuring a reluctant hero and an ancient alien artifact?
565770,"What movies combine family, coming-of-age themes, and superhero action?"
69,What are some good biographical dramas about famous musicians?
69,Can you recommend a romantic music movie based on a true story?
69,What movies depict the rise of a country singer from humble beginnings to fame?
753342,What are some epic historical dramas about powerful leaders and their rise and fall?
753342,Can you recommend a war movie that combines grand battles with a turbulent romantic relationship?
753342,"What films explore Napoleon Bonaparte’s life, ambitions, and relationship with Josephine?"
36685,What are some campy horror-comedies with catchy rock music and eccentric characters?
36685,Can you recommend a quirky science-fiction musical about a strange mansion and a flamboyant mad scientist?
36685,"What movies have a similar over-the-top, theatrical vibe to a cult classic featuring a newly engaged couple and a mysterious experiment?"
96936,What are some crime dramas about teenagers robbing celebrities for fame?
96936,Can you recommend movies based on true stories involving young people breaking into celebrity homes?
96936,What films explore fame-obsessed teens committing high-profile burglaries?
1268,What are some family-friendly comedy movies about a funny character going on an adventure in France?
1268,Can you recommend a lighthearted movie where a man accidentally separates a child from his father and helps reunite them?
1268,"What movies are similar to Mr. Bean's Holiday, with slapstick humor, travel, and a heartwarming story?"
13027,What are some action thrillers about strangers being manipulated by mysterious technology?
13027,Can you recommend a suspenseful movie where an unseen caller controls the characters' lives and puts them in danger?
13027,What movies are similar to a high-stakes thriller about fugitives uncovering a powerful conspiracy?
429200,What are some gritty crime thrillers about a desperate man trying to rescue his brother from prison?
429200,"Can you recommend a fast-paced, darkly funny thriller set in New York City's criminal underworld?"
429200,"What movies are similar to a tense, chaotic bank robbery story that unfolds over one night?"
9598,Can you recommend a family-friendly movie about an unlikely animal hero?
9598,What are some heartwarming comedy-dramas featuring farm animals?
9598,I’d like a fantasy movie about a pig who proves that he can do anything—what should I watch?
23398,What are some fun family-friendly animated movies about musical animals?
23398,Can you recommend a lighthearted comedy where a singing group competes in a battle of the bands?
23398,"What movies are similar to Alvin and the Chipmunks, with humor, music, and school adventures?"
6537,What are some atmospheric horror movies about a mother returning to a former orphanage or haunted childhood home?
6537,Can you recommend a psychological thriller about a child communicating with an invisible friend in a creepy old house?
6537,What dramatic supernatural horror films involve a family uncovering dark secrets in an abandoned orphanage?
9327,Can you recommend a funny sci-fi romance about a professor who invents a serum to transform his body and win someone’s heart?
9327,"What comedies feature an awkward, overweight scientist who becomes a confident alter ego after taking an experimental potion?"
9327,"I’m looking for a lighthearted romantic comedy with a university professor, a weight-loss experiment, and a hilarious transformation—what should I watch?"
978,What are some adventure dramas about mountaineering and personal transformation?
978,Can you recommend a historical film set in Tibet involving the Dalai Lama?
978,What movies follow a foreign explorer whose life changes through an unexpected friendship during wartime?
1084242,What animated family movies feature a funny mystery and a buddy-cop adventure?
1084242,"Can you recommend a fun, adventurous animated movie about animal characters solving a strange case?"
1084242,"What movies are similar to Zootopia, with comedy, mystery, and an unlikely partnership between two detectives?"
786,What are some coming-of-age dramas set in the world of rock music?
786,Can you recommend a heartfelt movie about a young journalist touring with a band?
786,What movies capture the excitement and darker side of 1970s rock stardom?
1072790,Can you recommend a funny romantic comedy about two people who pretend to be a couple at a destination wedding?
1072790,What movies are similar to a lighthearted romance where an initial spark turns into a fake relationship?
1072790,I’m looking for a feel-good romantic comedy set around a wedding in Australia—what should I watch?
112205,What are some funny crime movies about a Mafia family in witness protection?
112205,Can you recommend an action comedy about mobsters trying to start a new life in France?
112205,What movies feature a dysfunctional Mafia family whose old habits get them into trouble?
43539,What are some gripping crime thrillers about a husband trying to prove his wife is innocent and break her out of prison?
43539,Can you recommend emotional dramas with romance and suspense where a family fights against an unjust conviction?
43539,What movies are similar to a story about an ordinary man planning an escape to reunite with his imprisoned wife?
1381,"What are some thought-provoking sci-fi dramas about love, death, and spirituality?"
1381,Can you recommend a visually ambitious movie that weaves together multiple timelines and explores the fragility of life?
1381,"What films blend romance, adventure, and science fiction in an emotional story about immortality and loss?"
71859,Can you recommend a psychological drama about a mother dealing with her troubled son's horrific actions?
71859,"What are some intense, unsettling films about a complicated relationship between a mother and her son?"
71859,I'm looking for a dark thriller exploring family trauma and the aftermath of a violent act—what should I watch?
44040,What horror thrillers feature a group of strangers trapped in an elevator with a supernatural twist?
44040,Can you recommend a mystery horror movie set in an elevator where one of the passengers may be the devil?
44040,What suspenseful movies involve people trapped high above a city and trying to discover which one of them is evil?
19,Can you recommend a classic science fiction movie about a futuristic city divided between the wealthy and the working class?
19,What are some influential dystopian films featuring social inequality and a prophesied savior?
19,Which dramatic sci-fi movies explore the conflict between industrial rulers and oppressed workers?
631842,What are some horror thrillers about a family trapped in a remote cabin facing an apocalyptic threat?
631842,Can you recommend a mystery movie where strangers force a family to make an impossible choice to save the world?
631842,What suspenseful films feature a young child and her parents being held hostage by armed intruders?
950387,What are some family-friendly fantasy adventure movies with a lot of comedy and imagination?
950387,Can you recommend a fun movie about misfits entering a magical world and going on an exciting quest?
950387,What movies would you suggest for Minecraft fans who enjoy lighthearted fantasy adventures?
394117,"What are some heartfelt dramas about childhood, friendship, and growing up despite difficult circumstances?"
394117,Can you recommend movies that show the wonder of childhood alongside the struggles of poverty and adulthood?
394117,What films are similar to a coming-of-age story about kids having adventures while their parents face hard times?
137094,What are some action thrillers about CIA agents uncovering terrorist plots?
137094,Can you recommend a suspenseful movie involving espionage and an attempt to crash the U.S. economy?
137094,What movies feature a young intelligence analyst caught in a dangerous international conspiracy?
402431,What fantasy dramas feature an unlikely friendship between two very different women?
402431,Can you recommend a romantic fantasy movie set in a magical world with themes of prejudice and identity?
402431,What movies are similar to a musical story about two friends whose destinies lead them in opposite directions?
1656,What are some action-adventure Westerns featuring a masked hero and plenty of swashbuckling?
1656,Can you recommend a fun historical adventure movie about Zorro protecting California?
1656,"What movies are similar to The Mask of Zorro, with romance, heroic action, and a Western setting?"
364689,What are some funny and heartwarming animated movies for the whole family?
364689,Can you recommend an adventure movie about a gentle animal who doesn’t want to fight?
364689,What family-friendly animated films have a misunderstood hero and a positive message?
533,What are some funny family-friendly animated adventure movies featuring eccentric characters and a lovable animal sidekick?
533,Can you recommend a lighthearted animated movie about solving a mystery involving a mischievous monster?
533,"What movies would you suggest for kids and adults who enjoy quirky British humor, inventive inventions, and garden-themed adventures?"
359410,What are some action thrillers about a former fighter who becomes a bouncer and gets caught up in trouble?
359410,Can you recommend movies set in a tropical location where an outsider takes on a dangerous local establishment?
359410,What gritty action dramas are similar to a story about an ex-UFC fighter protecting a bar from criminals?
314095,What are some adventure movies based on true stories about explorers?
314095,Can you recommend a historical drama set in the Amazon jungle?
314095,What movies are similar to Indiana Jones but focus on a real-life expedition?
1278,"What are some sensual, provocative dramas about young people exploring desire and relationships?"
1278,Can you recommend a romantic film set in Paris that explores unconventional relationships and emotional intimacy?
1278,"What movies are similar to The Dreamers, with themes of friendship, sexual awakening, and artistic discovery?"
540901,What are some funny crime dramas about women teaming up to outsmart wealthy Wall Street clients?
540901,Can you recommend movies about former strippers who band together to take revenge on their wealthy customers?
540901,"What films combine comedy, crime, and drama with a crew of women pulling off schemes against rich men?"
319,What are some action-packed crime romances about a couple on the run with stolen drugs?
319,"Can you recommend a gritty romantic thriller involving criminals, cocaine, and a dangerous escape to Hollywood?"
319,"What movies combine violent crime, passionate romance, and a wild road-trip-style plot?"
4513,What are some horror movies about vampires attacking an isolated town?
4513,Can you recommend a tense thriller set in a remote place where people must survive a prolonged night?
4513,What movies feature a small group of survivors defending their town from a brutal supernatural threat?
77930,What are some entertaining movies about male strippers and nightlife?
77930,Can you recommend a comedy-drama about an experienced performer mentoring a younger newcomer?
77930,"What movies are similar to a story about partying, picking up women, and making easy money?"
95610,What are some funny romantic movies about a single woman whose life takes an unexpected turn when she becomes pregnant?
95610,Can you recommend a lighthearted romantic comedy featuring a fortysomething woman caught between two love interests?
95610,"What movies are similar to Bridget Jones's Baby, with humor, romance, and a complicated pregnancy storyline?"
4258,What are some funny horror parodies about a family dealing with paranormal activity?
4258,"Can you recommend a comedy movie featuring haunted houses, evil spirits, and over-the-top scares?"
4258,What movies are similar to a lighthearted supernatural comedy where a family is stalked by a demon?
605116,What are some action-packed sci-fi crime movies about temporary superpowers?
605116,"Can you recommend a movie where a cop, a teenager, and an ex-soldier team up to stop a dangerous drug?"
605116,What movies are similar to Project Power?
2310,What are some animated adventure movies about legendary warriors battling monsters?
2310,Can you recommend an action-packed fantasy movie set in ancient Scandinavia?
2310,What movies feature a hero fighting a terrifying ogre or other mythical creature?
152742,What are some romantic dramas about a lonely older man who falls for a mysterious woman?
152742,"Can you recommend a sophisticated crime drama involving art, auctions, and deception?"
152742,What movies feature an eccentric art expert whose carefully controlled life is disrupted by a complicated romance?
398173,Can you recommend a dark psychological thriller about a serial killer who views his murders as works of art?
398173,What horror crime movies follow a disturbed murderer recounting his carefully orchestrated crimes?
398173,"I’m looking for an unsettling, provocative film about a failed architect who becomes a serial killer—what would you suggest?"
158011,What are some intense crime thrillers about a 911 operator trying to save an abducted teenager?
158011,Can you recommend a suspenseful movie involving a kidnapping and a race against time to rescue the victim?
158011,What thrillers feature a brave woman using quick thinking to help someone escape a dangerous situation?
65057,What are some emotionally moving family dramas set in Hawaii?
65057,Can you recommend a movie about a father dealing with his wife's coma and family secrets?
65057,"What are some dramedies about complicated family relationships, grief, and infidelity?"
35056,What are some funny action-adventure movies about an ordinary couple getting caught up in a dangerous mix-up?
35056,Can you recommend a comedy about a married couple whose date night turns into a chaotic adventure?
35056,"What movies combine relationship humor, mistaken identity, and criminals chasing the main characters?"
103731,Can you recommend a coming-of-age drama about two teenagers who help a fugitive in hiding?
103731,"What movies have a Southern setting, a dangerous outlaw, and themes of friendship and loyalty?"
103731,I’m looking for a gritty but heartfelt drama about young boys helping a man reunite with his lost love—what should I watch?
845781,Can you recommend an action-comedy fantasy movie about saving Santa Claus?
845781,What Christmas movies feature a globe-trotting mission and a kidnapped Santa?
845781,"I’m looking for a funny, action-packed holiday adventure with magical elements—what should I watch?"
8643,What are some horror movies about an exorcism that lead to a courtroom trial?
8643,Can you recommend a dark supernatural thriller involving a priest accused of murder?
8643,What movies combine legal drama with demonic possession and a potentially true supernatural case?
27573,Can you recommend an action-comedy romance about a bounty hunter chasing his ex-wife?
27573,"What movies feature divorced couples getting caught up in a dangerous, funny chase together?"
27573,"I’m looking for a lighthearted romantic action movie involving a reporter, a murder investigation, and an ex-couple on the run."
829280,What adventure mystery movies feature a young female detective solving a missing-person case?
829280,"Can you recommend a crime mystery movie with clever sleuthing, family teamwork, and a strong female lead?"
829280,"What movies are similar to Enola Holmes, with Victorian-era adventures and intriguing investigations?"
26388,What are some intense thriller movies set in a confined space with a race against time?
26388,Can you recommend a suspenseful movie about someone trapped underground with limited oxygen and a phone?
26388,What movies have a claustrophobic survival story involving a kidnapped person trying to escape?
49797,What are some dark Korean revenge thrillers about a relentless pursuit of a psychopathic killer?
49797,"Can you recommend a brutal, suspenseful horror movie where an agent hunts down a murderer and loses his humanity?"
49797,What movies have a disturbing cat-and-mouse story between a serial killer and someone seeking revenge?
9992,What are some family-friendly animated fantasy adventure movies about a child discovering a hidden miniature world?
9992,"Can you recommend a magical adventure movie for kids involving tiny people, nature, and a quest to save a family home?"
9992,What animated films are similar to a story about a young hero searching for hidden treasure in a fantastical world?
398181,What are some gritty crime thrillers about a traumatized veteran who rescues missing girls?
398181,"Can you recommend a dark, violent thriller involving a conspiracy and a troubled protagonist?"
398181,What movies are similar to intense psychological crime dramas about an unconventional vigilante?
353070,What are some funny crime movies about lifelong friends pulling off a daring bank robbery?
353070,Can you recommend a comedy about three older men who decide to rob a bank after being cheated out of their money?
353070,"What movies combine heartfelt friendship, financial desperation, and an unlikely heist?"
382591,Can you recommend a heartfelt comedy-drama about a carefree man who unexpectedly becomes a father?
382591,What movies feature a single father raising a daughter after being left with an abandoned baby?
382591,I’m looking for an emotional family film where a mother returns after years away—what do you suggest?
9539,What are some disturbing French horror films about revenge and childhood trauma?
9539,Can you recommend a psychologically intense horror movie involving a woman seeking revenge on her former captors?
9539,"What films are similar to Martyrs, with extreme violence, dark themes, and a terrifying journey into depravity?"
718821,What are some action thrillers about storm chasers and extreme weather?
718821,Can you recommend an intense disaster movie set during a tornado outbreak?
718821,What movies feature thrilling survival stories with competing teams facing dangerous storms?
585083,What are some fun animated family adventure movies about monsters and magical transformations?
585083,"Can you recommend a funny, lighthearted movie where unlikely characters team up to find a cure after a strange experiment goes wrong?"
585083,"What family-friendly fantasy comedies feature monsters, body-swapping or transformations, and lots of adventure?"
132363,What are some powerful historical dramas about a Black man who serves as a White House butler across several presidencies?
132363,Can you recommend a moving movie about someone witnessing major moments in American history from behind the scenes?
132363,"What films explore racism, social change, and the civil rights movement through the life of a domestic servant?"
9801,What are some funny romantic comedies about a woman caught between her dependable new boyfriend and her charming but unreliable ex?
9801,"Can you recommend a lighthearted romance with relationship drama, travel mishaps, and a love triangle?"
9801,What movies are similar to Bridget Jones's Diary and feature an awkward woman navigating love and dating?
5966,Can you recommend a funny romantic comedy about a cautious man whose life changes after meeting a free-spirited woman?
5966,What movies are similar to a story about two mismatched people falling in love and stepping outside their comfort zones?
5966,I’m looking for a lighthearted romance with lots of awkward comedy and a couple who have completely opposite personalities.
610150,Can you recommend an animated sci-fi action movie featuring powerful androids and a villainous organization seeking revenge on Goku's family?
610150,What action-packed anime movies involve the Red Ribbon Army and new androids battling Earth's heroes?
610150,"I’m looking for a fun Dragon Ball movie with superheroes, intense battles, and a science-fiction storyline—what should I watch?"
26466,"What are some horror movies set on a yacht or out at sea with a mysterious, unsettling atmosphere?"
26466,Can you recommend a psychological horror film about a group of friends whose boat trip takes a terrifying turn?
26466,What horror movies feature strange time loops or repeated events during a seemingly normal sailing trip?
9902,What are some horror movies about a group of young people being hunted in the woods?
9902,Can you recommend a thriller featuring stranded travelers facing cannibalistic mountain men?
9902,"What movies are similar to Wrong Turn, with remote wilderness danger and disfigured killers?"
5236,What are some funny crime mysteries with witty dialogue and unexpected twists?
5236,Can you recommend a movie about a con artist who gets involved in a murder investigation in Los Angeles?
5236,"What movies combine comedy, detective work, and a complicated relationship with a former high school crush?"
169917,What are some dark crime thrillers about a private investigator hunting the people responsible for a kidnapping and murder?
169917,"Can you recommend a gritty mystery movie involving a former cop, a drug kingpin, and a brutal investigation?"
169917,"What suspenseful movies have a bleak atmosphere, complex murders, and an investigator seeking justice for a victim?"
768,What are some dark horror mystery thrillers about Jack the Ripper or similar Victorian-era murders?
768,Can you recommend a suspenseful historical thriller with a detective investigating gruesome serial killings?
768,What movies feature a troubled investigator who becomes romantically involved with one of a serial killer's targets?
157386,"What are some coming-of-age romantic dramas about unexpected relationships between an outgoing partygoer and a shy, thoughtful student?"
157386,"Can you recommend a heartfelt teen movie that blends comedy, romance, and realistic struggles with growing up?"
157386,What movies are similar to a story about a popular but troubled teenager whose life changes after meeting an introverted girl?
59965,Can you recommend a thriller about someone who discovers his family is hiding a secret and is forced to flee from assassins?
59965,What action mystery movies feature a young man uncovering the truth about his identity while on the run with someone he trusts?
59965,"I’m looking for a suspenseful movie like Abduction, with conspiracies, assassins, and a protagonist trying to uncover the truth."
342470,Can you recommend a romantic drama about two troubled teens who find hope and healing together?
342470,"What movies are similar to All the Bright Places, with an emotional coming-of-age story and a journey through meaningful places?"
342470,I’m looking for a heartfelt teen romance that deals with personal struggles and mental health—what should I watch?
9593,Can you recommend a funny action movie with a fantasy twist and an indestructible hero?
9593,What movies are about someone entering the world of an action film and teaming up with its main character?
9593,"I’m looking for a family-friendly action comedy involving a magic ticket, a young boy, and a larger-than-life cop."
1580,What are some suspenseful crime thrillers about a seemingly perfect murder?
1580,Can you recommend a tense movie set mostly during a dinner party where the hosts are hiding a dark secret?
1580,What films explore two young men committing a murder and trying to prove they can get away with it?
801,What are some comedy-drama war movies about a military radio DJ in Vietnam?
801,Can you recommend a humorous yet heartfelt film set during the Vietnam War?
801,What movies feature a rebellious entertainer whose comedy boosts soldiers' morale but upsets his superiors?
7484,What are some funny animated adventure movies about unlikely animal friendships?
7484,Can you recommend a family-friendly movie where forest animals work together to outsmart hunters?
7484,"What animated films are similar to Open Season, with comedy, adventure, and talking animals?"
484641,Can you recommend an action thriller about a highly skilled female assassin?
484641,What movies feature a beautiful but deadly government operative with a secret past?
484641,"I'm looking for an intense spy movie with action, adventure, and a formidable female lead."
37056,What are some romantic comedies set in Italy?
37056,Can you recommend a heartfelt movie about finding lost love?
37056,What movies feature a woman going on a journey to help reunite former lovers?
612,What are some gripping historical thrillers about political revenge and international terrorism?
612,Can you recommend a serious drama based on the aftermath of the 1972 Munich Olympics massacre?
612,What movies explore Mossad agents tracking down those responsible for a terrorist attack?
9336,What are some funny crime comedies about misfit recruits joining the police force?
9336,Can you recommend a lighthearted comedy about an unconventional group of people training to become police officers?
9336,What movies are similar to a comedy where a troublemaker is forced to attend the police academy instead of going to jail?
9277,What are some clever crime comedies about con artists teaming up to take down a powerful gangster?
9277,"Can you recommend a movie with a masterful scam, a revenge plot, and a mix of comedy and drama?"
9277,What films are similar to a classic caper where two grifters pull off an elaborate con against a mobster?
712,Can you recommend a romantic comedy about a committed bachelor who starts questioning his views on love?
712,"What are some witty, heartfelt movies that take place around weddings and other social gatherings?"
712,"I’m looking for a funny but emotional romance about friendship, love, and life’s major occasions—what should I watch?"
803796,Can you recommend an animated fantasy comedy about K-pop stars who secretly fight supernatural threats?
803796,"What movies combine catchy music, girl-group idols, comedy, and demon hunting?"
803796,"I’m looking for a fun, family-friendly animated movie where pop stars use magical powers to protect their fans—what should I watch?"
601666,What are some darkly funny crime thrillers about con artists exploiting vulnerable people?
601666,Can you recommend a suspenseful movie about a corrupt legal guardian who takes advantage of her elderly clients?
601666,"What movies blend crime, drama, and comedy with a ruthless protagonist and unexpected twists?"
76640,What action thrillers feature a small-town sheriff facing off against a fleeing drug lord and his gang?
76640,Can you recommend a crime movie about an ex-LAPD officer defending a U.S. border town from dangerous criminals?
76640,What movies involve a high-stakes showdown between police and a drug cartel near the border?
1645,What are some intense courtroom dramas about racial injustice and moral dilemmas?
1645,Can you recommend a gripping crime thriller involving a lawyer defending someone accused of murder?
1645,What movies explore the aftermath of a violent crime and the tensions it creates in a community?
542178,"Can you recommend a quirky, visually stylish comedy-drama set in France with an ensemble cast?"
542178,"What movies have an anthology-style structure featuring journalists, artists, student protests, and eccentric characters?"
542178,"Are there any films like a Wes Anderson movie that combine whimsical storytelling, dark humor, and multiple interconnected stories?"
420634,What are some scary clown horror movies to watch on Halloween?
420634,Can you recommend a slasher movie about a murderous clown terrorizing young women?
420634,What horror films feature a maniacal killer stalking people on Halloween night?
9352,Can you recommend a funny movie about friends traveling across Europe?
9352,What comedies feature a young man going on an exciting European adventure?
9352,I’m looking for a raunchy travel comedy involving mistaken online identities—what should I watch?
2044,What are some romantic fantasy movies about two people who fall in love through letters despite living in different times?
2044,Can you recommend a heartfelt drama about a mysterious connection between a man and a woman who communicate through a magical mailbox?
2044,"What movies are similar to a slow-burn romance involving an unusual house, time-crossed lovers, and a touch of fantasy?"
431693,What are some funny animated action-adventure movies for the whole family?
431693,Can you recommend a movie about an unlikely pair of spies who have to work together?
431693,"What movies feature secret agents, inventive gadgets, and plenty of comedy?"
49520,What are some funny body-swap comedies about friends who wish they could trade lives?
49520,Can you recommend a comedy like The Change-Up where two friends experience each other’s very different lifestyles?
49520,What movies feature lifelong friends switching lives and learning to appreciate what they have?
930564,"What are some darkly funny psychological dramas about a student getting pulled into the world of a wealthy, eccentric family?"
930564,"Can you recommend a stylish thriller with class tensions, lavish settings, and twisted family dynamics?"
930564,"What movies combine drama, comedy, and suspense in a story about an outsider spending a memorable summer with an aristocratic family?"
400160,Can you recommend a family-friendly animated adventure about SpongeBob and Patrick going on a mission to rescue Gary?
400160,What funny animated movies feature a colorful underwater adventure and best friends on a rescue quest?
400160,I’m looking for a lighthearted fantasy comedy for kids involving a missing pet and a wild journey—what should I watch?
9315,Can you recommend a suspenseful mystery thriller set on an airplane involving a missing child?
9315,What are some intense psychological thrillers about a mother searching for her missing daughter?
9315,"I’m looking for a tense, twisty movie with a woman uncovering a mystery aboard a plane—what should I watch?"
10202,What are some funny family fantasy movies where bedtime stories come to life?
10202,Can you recommend a lighthearted movie about a man whose imaginary stories become real?
10202,What family-friendly romantic comedies feature magical adventures and storytelling?
531219,What are some family-friendly fantasy movies with a spooky Halloween feel?
531219,Can you recommend a darkly funny adventure movie about witches that kids and adults can enjoy?
531219,What movies feature a young child and their grandmother battling supernatural villains?
241554,What are some action thrillers about a retired hitman protecting his estranged son from the mob?
241554,"Can you recommend a gritty crime movie with Liam Neeson, family conflict, and an all-night chase?"
241554,What movies are similar to a Brooklyn mobster thriller where a father fights to save his son from his former crime family?
9374,What are some dark comedies with supernatural elements and a story about two rival women fighting over the same man?
9374,"Can you recommend a funny fantasy horror movie involving a magical potion, immortality, and a complicated murder plot?"
9374,What movies are similar to a darkly humorous story about an ex-fiancée seeking revenge and two women discovering that death isn’t the end?
193893,What are some funny buddy comedies about two friends pretending to be cops?
193893,Can you recommend a lighthearted comedy about friends who get into trouble while impersonating police officers?
193893,"What movies are similar to Let's Be Cops, with fake authority, mistaken identity, and lots of laughs?"
4442,Can you recommend an adventurous fantasy movie about the Brothers Grimm or folklore collectors facing real magical creatures?
4442,"What movies combine action, comedy, and dark fairy-tale elements with con artists battling a genuine supernatural curse?"
4442,I’d like a thrilling fantasy adventure set in a haunted forest with enchanted beings and exorcisms—what should I watch?
10637,What are some inspiring sports dramas about overcoming racial tensions and building teamwork?
10637,Can you recommend a football movie about rival coaches who learn to work together?
10637,What movies feature a divided high school team coming together to become champions?
309809,What are some family-friendly animated adventure movies with a magical story?
309809,Can you recommend a fantasy movie based on a beloved children's book?
309809,What movies feature a young girl discovering a magical world and learning about friendship?
944,What are some action crime thrillers featuring a veteran buddy-cop duo and a dangerous international criminal?
944,Can you recommend a fast-paced movie about aging police officers tackling a deadly crime lord?
944,"What movies are similar to Lethal Weapon, with police partners, personal drama, and high-stakes action?"
619730,What are some mystery thrillers with a retro-futuristic setting and a sinister secret beneath an idyllic community?
619730,Can you recommend a sci-fi thriller about a woman who starts questioning her seemingly perfect life?
619730,"What movies are similar to films featuring experimental company towns, psychological suspense, and hidden conspiracies?"
9705,What are some action thrillers about a hacker recruited to steal money from a government account?
9705,"Can you recommend a crime movie involving a rogue agent, cybercrime, and a high-stakes heist?"
9705,What movies are similar to a fast-paced thriller about hacking into a government mainframe to fund a terrorist mission?
261392,Can you recommend an action comedy about a laid-back stoner who discovers he’s actually a highly trained government assassin?
261392,"What movies are similar to a funny, fast-paced thriller where an ordinary small-town guy is forced to use his secret combat skills to survive?"
261392,"I’m looking for an action-comedy with a romantic subplot, an unmotivated protagonist, and a secret-agent conspiracy—what should I watch?"
9473,What are some irreverent animated comedies with outrageous adult humor and satire?
9473,"Can you recommend a funny animated movie about censorship, scandal, and a conflict between the United States and Canada?"
9473,What movie should I watch if I enjoy South Park-style humor and politically incorrect comedy?
600583,"What are some dark, slow-burn Western dramas about family conflict and hidden secrets?"
600583,Can you recommend a movie about a rancher who intimidates his brother's wife and her teenage son?
600583,"What psychological Westerns feature complex characters, simmering tension, and long-buried secrets coming to light?"
9279,What are some funny family adventure movies about parents scrambling to find a popular Christmas toy?
9279,Can you recommend a lighthearted Christmas comedy about a dad trying to make up for disappointing his son?
9279,What movies are similar to a holiday adventure where a parent races around town searching for a sold-out toy?
638,"What are some surreal psychological thrillers involving murder, identity confusion, and mysterious transformations?"
638,"Can you recommend a dark, atmospheric mystery with jazz, gangsters, surveillance, and an unreliable protagonist?"
638,"What movies are similar to a complex, dreamlike thriller about doppelgängers and a man trapped in an impossible situation?"
1887,Can you recommend a historical drama about a young woman who becomes queen of France and faces the fall of Versailles?
1887,"What are some movies about Marie Antoinette, royal life, and the French Revolution?"
1887,I’d like to watch a period drama about a teenage bride whose life in the French court leads to tragedy—what do you recommend?
11007,Can you recommend a funny family movie about parents struggling to manage a large household?
11007,What are some feel-good comedies about a family adjusting to a big move and new challenges?
11007,"I’m looking for a family-friendly movie with sibling chaos, mischievous kids, and heartfelt moments."
889737,What are some dark psychological crime dramas about a troubled man struggling with his identity and finding love?
889737,"Can you recommend a thriller with musical elements, romance, and a morally complex protagonist?"
889737,"What movies explore mental illness, obsession, and fame through a gritty character-driven story?"
1087192,What are some family-friendly fantasy adventure movies about dragons and friendship?
1087192,Can you recommend an action-packed animated movie where a young hero befriends a misunderstood creature?
1087192,"What movies are similar to How to Train Your Dragon, with Vikings, dragons, and an inspiring coming-of-age story?"
228326,Can you recommend an animated fantasy movie about a young man torn between family expectations and following his heart?
228326,What family-friendly animated films take place in fantastical worlds and involve an adventure about facing one's fears?
228326,"I'm looking for a heartfelt fantasy animation with themes of family, love, and choosing your own path—what should I watch?"
210479,"What are some intense, character-driven thrillers that unfold over a single night?"
210479,Can you recommend a gripping drama about a man whose personal and professional life unravels after one unexpected phone call?
210479,What movies focus on a tense moral crisis and rely heavily on phone conversations and a single lead performance?
599,What are some classic Hollywood dramas about faded movie stars?
599,"Can you recommend a dark, character-driven film about a struggling screenwriter in Hollywood?"
599,What movies explore the decline of silent film stars and the darker side of show business?
313922,What are some intense horror thrillers about people fighting for survival in a dangerous situation?
313922,Can you recommend a gritty crime thriller involving a punk band trapped in a hostile venue?
313922,"What movies are similar to a violent, suspenseful survival story set in a skinhead bar?"
74465,What are some heartfelt family dramas about starting over after a loss?
74465,Can you recommend a feel-good movie about a father and his children rebuilding their lives together?
74465,"What movies combine comedy, family themes, and the challenge of renovating or saving an unusual place?"
531428,Can you recommend a romantic period drama set in eighteenth-century France with a strong female-led story?
531428,What are some visually beautiful films about a forbidden romance between two women?
531428,"I’m looking for a slow-burn romance with an isolated setting, emotional depth, and an artistic theme—what should I watch?"
116711,What are some animated fantasy adventure movies about a teenager entering a magical forest world?
116711,Can you recommend a family-friendly movie featuring a battle between good and evil in an enchanted forest?
116711,What movies are similar to a fantastical adventure where a young person teams up with quirky characters to save two worlds?
575265,What action thrillers feature a team racing against an all-powerful AI to save the world?
575265,"Can you recommend an adventure movie with espionage, global stakes, and a mysterious enemy from the hero's past?"
575265,"What movies are similar to Mission: Impossible, with intense spy missions, new allies, and a race against time?"
697843,What are some action thrillers about a highly skilled commando rescuing a gangster's family?
697843,"Can you recommend a crime movie with intense combat, dangerous missions, and a nearly unstoppable protagonist?"
697843,What should I watch if I enjoyed action movies about rescuing hostages from ruthless criminals?
379149,What are some action thrillers about a grieving father seeking revenge after his daughter is killed in a terrorist attack?
379149,Can you recommend a crime thriller involving an ex-special forces man hunting down IRA bombers?
379149,What movies feature a cat-and-mouse struggle between a relentless vigilante and a British government official with a hidden past?
9373,What are some horror movies about friends being hunted by a masked or chainsaw-wielding killer?
9373,Can you recommend a disturbing slasher movie set in a remote rural location?
9373,What horror films feature a group of young people encountering a murderous family?
574475,What horror movies feature a college student trying to stop a recurring nightmare from causing her family's deaths?
574475,Can you recommend a mystery-horror film about escaping a supernatural cycle of gruesome fatalities?
574475,"What movies are similar to Final Destination, with a family fighting to survive an inevitable series of deadly events?"
13363,What are some thought-provoking science fiction movies with mostly dialogue and philosophical discussions?
13363,"Can you recommend an intimate, character-driven movie about a professor revealing a life-changing secret?"
13363,"What movies explore questions about history, belief, immortality, and human identity?"
86829,What are some thoughtful dramas about struggling musicians and uncertain futures?
86829,Can you recommend a film set in the 1960s Greenwich Village folk music scene?
86829,What movies explore the hardships of pursuing a career in music?
49517,What are some slow-burn Cold War spy thrillers with intricate plots and a mysterious mole investigation?
49517,Can you recommend a serious espionage movie about an aging intelligence agent uncovering a traitor within his own organization?
49517,"What films are similar to Tinker Tailor Soldier Spy, with political intrigue, psychological drama, and complex spy characters?"
55,What are some intense dramas centered around a life-changing car accident and interconnected characters?
55,"Can you recommend a gritty Mexican thriller about forbidden love, crime, and complicated family relationships?"
55,What movies feature multiple strangers whose lives become connected through a tragic event?
109491,Can you recommend a fantasy romance about two teenagers whose relationship is threatened by supernatural powers?
109491,What movies are similar to a dramatic love story involving a young woman who must choose between good and evil?
109491,"I’m looking for a supernatural coming-of-age film with romance, family secrets, and magical abilities—what do you suggest?"
445651,What are some dystopian movies about teenagers with superpowers who are being hunted by the government?
445651,Can you recommend an action-adventure movie where young survivors escape from an oppressive internment camp?
445651,What movies are similar to stories about a deadly pandemic leaving a small group of children with extraordinary abilities?
9477,What are some historical action movies about the Arthurian legend or ancient Britain?
9477,"Can you recommend an epic adventure movie featuring Roman soldiers, warfare, and a legendary hero?"
9477,"What movies blend history, drama, and action with a gritty, realistic take on King Arthur?"
8009,What are some action-fantasy movies about an immortal warrior with battles spanning centuries?
8009,Can you recommend an adventure movie set partly in medieval Scotland and partly in modern New York City?
8009,"What movies feature sword fights, immortality, and an epic battle between supernatural warriors?"
11024,What are some funny adventure movies about a group of friends solving a mystery involving monsters?
11024,Can you recommend a family-friendly mystery comedy featuring Scooby-Doo and the gang?
11024,What movies have a masked villain unleashing classic monsters on a city?
23437,What horror movies feature teenagers being stalked by a supernatural killer in their dreams?
23437,Can you recommend a scary supernatural slasher movie involving recurring nightmares and a group of friends?
23437,What thriller should I watch if I like films where the line between dreams and reality becomes deadly?
610253,What horror movies feature Michael Myers returning to terrorize Haddonfield on Halloween night?
610253,Can you recommend a slasher movie about Laurie Strode and her family fighting Michael Myers?
610253,What movies are similar to Halloween (2018) and continue the story of Michael Myers and the Strode family?
568091,What are some psychological thrillers about a father searching for his wife and daughter after they mysteriously disappear from a hospital?
568091,Can you recommend suspenseful movies involving an unreliable narrator and a family emergency at a roadside stop?
568091,What films are similar to a tense thriller where a man suspects a hospital is hiding the truth about his missing family?
928,What are some funny horror movies with mischievous creatures and a lot of chaos?
928,Can you recommend a fantasy comedy sequel featuring Gizmo and the Gremlins?
928,"What movies combine 1980s humor, high-tech settings, and monsters that are difficult to destroy?"
452507,What are some horror movies about a farmer who conspires with his son to murder his wife?
452507,"Can you recommend a dark crime drama involving family betrayal, murder, and guilt?"
452507,What movies are similar to a slow-burn psychological horror story set on a rural farm?
420814,What are some family-friendly fantasy movies about childhood friends and rediscovering your imagination?
420814,Can you recommend an adventure comedy with Winnie-the-Pooh characters that both kids and adults can enjoy?
420814,"What movies have a nostalgic, heartwarming story about a grown-up reconnecting with the magic of childhood?"
1574,What are some darkly funny crime dramas set in 1920s Chicago?
1574,Can you recommend a movie about two women on death row competing for fame and survival?
1574,"What movies combine murder, courtroom drama, and musical-style entertainment?"
823219,Can you recommend an animated adventure movie about a cat surviving a great flood?
823219,What family-friendly fantasy films feature animals working together to navigate a changed world?
823219,"I’m looking for a visually imaginative, emotional movie about a solitary animal finding companionship after a disaster—what should I watch?"
257091,What are some comedies about a wealthy man preparing for prison with help from an unlikely friend?
257091,Can you recommend a funny movie about a privileged businessman who has to toughen up before serving a prison sentence?
257091,What comedy movies feature an odd-couple friendship and outrageous prison-preparation antics?
546121,Can you recommend a tense thriller about a homeschooled teenager in a wheelchair who suspects her mother is hiding something?
546121,What are some psychological horror movies about a controlling parent and a child uncovering a dark family secret?
546121,"I’m looking for a suspenseful drama with a disabled teenage protagonist, an isolated home setting, and lots of twists—what should I watch?"
497828,What are some darkly funny movies that satirize wealthy people on a luxury cruise?
497828,Can you recommend a comedy-drama about a glamorous vacation that turns into a disastrous fight for survival?
497828,What movies explore social hierarchy and power struggles among survivors stranded on a desert island?
1607,What are some coming-of-age crime dramas set in 1960s New York?
1607,Can you recommend movies about a young boy torn between his hardworking father and a charismatic gangster?
1607,What films explore forbidden interracial romance and life in a tough neighborhood?
4977,What are some visually stunning animated sci-fi thrillers involving dreams and the subconscious?
4977,Can you recommend a mind-bending anime movie about a psychologist who enters people’s dreams?
4977,"What movies explore the merging of dreams and reality with a dark, surreal atmosphere?"
1032823,What crime thrillers about a father and daughter caught in a sinister situation would you recommend?
1032823,Can you recommend a horror thriller set at a concert where something dark unfolds?
1032823,What suspenseful movies feature an ordinary family outing turning into a dangerous event?
677179,Can you recommend an action drama about a champion boxer facing a former childhood friend in the ring?
677179,What movies are similar to a boxing story where an old friend returns from prison seeking a shot at redemption?
677179,"I’m looking for an emotional sports film with intense fights, family stakes, and a former boxing prodigy as the rival."
459992,What are some funny romantic comedies about an ordinary journalist falling for a powerful political figure?
459992,Can you recommend a witty rom-com featuring childhood sweethearts reconnecting as adults?
459992,"What movies combine political satire, celebrity-level romance, and an unlikely couple?"
8874,Can you recommend a funny romantic movie about someone realizing they’re in love with their best friend too late?
8874,What are some romantic comedies where a character tries to stop their best friend’s wedding?
8874,"I’m looking for a witty, feel-good rom-com involving unrequited love and a complicated wedding—what should I watch?"
9003,What are some horror movies about a mysterious object that unleashes terrifying supernatural beings?
9003,"Can you recommend a dark, gruesome thriller where pain and pleasure are intertwined?"
9003,What horror films feature otherworldly creatures summoned through an ancient puzzle or ritual?
8054,What fantasy adventure movies feature a mysterious traveling carnival and a deal with the devil?
8054,Can you recommend imaginative movies about an immortal character who must collect souls to win a supernatural bet?
8054,"What visually fantastical mystery films have a dark, surreal story involving a carnival troupe?"
22894,What are some action-horror movies about an angel-led apocalypse?
22894,Can you recommend a dark fantasy movie where strangers must survive together against supernatural forces?
22894,What movies are similar to a supernatural apocalyptic thriller set mostly in an isolated diner?
762975,Can you recommend a romantic drama about a fake marriage between an aspiring musician and a Marine?
762975,What movies feature a marriage of convenience that unexpectedly becomes a real love story?
762975,Are there any emotional romance films about a musician and a soldier falling in love during a difficult deployment?
62835,What are some action thrillers about a female assassin seeking revenge for her family?
62835,"Can you recommend movies similar to Colombiana with crime, revenge, and a strong female lead?"
62835,What movies feature a trained killer hunting down the mobster responsible for her parents' deaths?
451915,What are some emotional dramas about a father trying to help his son overcome meth addiction?
451915,Can you recommend a movie about the devastating impact of drug addiction on a family?
451915,What films explore a parent’s struggle to support a teenager battling substance abuse?
306947,What are some psychological horror thrillers about a dinner party that takes a disturbing turn?
306947,Can you recommend a suspenseful movie where an ex-couple reunites and one guest suspects the host has sinister intentions?
306947,"What horror films feature an unsettling gathering with old friends, hidden motives, and a creepy atmosphere?"
25376,What are some mystery thrillers about a retired investigator revisiting an unsolved murder from the past?
25376,"Can you recommend a dramatic crime film involving a rape and murder case, unresolved emotions, and an investigation that spans many years?"
25376,"What movies combine a gripping murder mystery with romance, regret, and a former investigator seeking closure?"
8204,What are some family-friendly fantasy adventure movies about siblings discovering a magical world?
8204,"Can you recommend a movie like Harry Potter with faeries, magical creatures, and an exciting family adventure?"
8204,What fantasy movies would be good for watching with kids that also have a bit of drama and mystery?
11005,What are some emotional dramas about a doctor using an experimental treatment to help catatonic patients regain consciousness?
11005,Can you recommend a moving movie about a medical breakthrough that transforms both the patients and the doctor who treats them?
11005,What films explore the bond between a physician and a patient who unexpectedly awakens after years of catatonia?
595,What are some powerful dramas about racism and injustice in the American South?
595,Can you recommend a courtroom movie about a principled lawyer defending someone against false accusations?
595,"What films explore childhood innocence, moral courage, and prejudice?"
740985,What are some hilarious political satires I can watch?
740985,Can you recommend a comedy about an outrageous father-daughter road trip in America?
740985,What movies humorously explore American culture and politics during the COVID-19 pandemic?
417384,What are some horror mystery movies set on Halloween with a group of teenagers uncovering a haunted family secret?
417384,Can you recommend a creepy supernatural movie about friends exploring a supposedly haunted house and unleashing dark forces?
417384,"What scary movies are similar to a dark teen adventure involving an old cursed house, local legends, and mysterious disappearances?"
13207,What are some classic horror movies about a group of teenagers being stalked at a summer camp?
13207,Can you recommend a suspenseful slasher movie set at an abandoned campsite?
13207,What scary movies feature a mysterious masked killer targeting young adults?
700391,What are some sci-fi action movies about astronauts surviving on a dangerous alien planet?
700391,"Can you recommend an adventure movie featuring dinosaurs, survival, and an impending asteroid disaster?"
700391,What movies are similar to a thrilling space-crash survival story set 65 million years ago?
4476,What are some epic romantic dramas set in the American West?
4476,Can you recommend a movie about brothers whose lives are changed by war and love?
4476,"What emotional, sweeping family sagas take place in early 20th-century Montana?"
227719,What are some thrilling sci-fi movies about teenagers who build a time machine?
227719,Can you recommend a movie about a group of friends experimenting with time travel and facing dangerous consequences?
227719,"What movies are similar to Project Almanac, with found technology, teenage inventors, and out-of-control adventures?"
865,What are some action thrillers set in a dystopian future with a totalitarian government?
865,Can you recommend movies where contestants fight for survival on a televised game show?
865,What science fiction films feature an ordinary person being hunted by ruthless government-backed pursuers?
945729,What are some atmospheric mystery thrillers set in haunted or eerie locations?
945729,"Can you recommend a crime mystery involving a séance, a murder, and a brilliant detective?"
945729,What movies should I watch if I enjoy Hercule Poirot stories with supernatural elements and dark secrets?
521,Can you recommend a classic thriller about a jealous husband plotting to murder his wealthy wife for her inheritance?
521,What crime dramas feature a woman in danger after her American lover visits London?
521,"I’m looking for a suspenseful movie involving a carefully planned murder, marital jealousy, and a fortune at stake."
840326,Can you recommend a gritty action-war movie about a lone ex-soldier fighting Nazis in the wilderness?
840326,"What are some intense, over-the-top thrillers featuring a nearly unstoppable protagonist and brutal combat?"
840326,"I’m looking for a tense World War II movie with survival, revenge, and a fight over stolen gold—what should I watch?"
1832,What are some funny fantasy adventure movies about angels and religious mythology?
1832,Can you recommend movies where an unlikely hero has to save humanity from supernatural forces?
1832,"What movies combine irreverent comedy, biblical themes, and a high-stakes adventure?"
614917,What are some inspiring sports dramas based on true stories about athletes and their families?
614917,Can you recommend a movie about the journey of Venus and Serena Williams and their father's role in their success?
614917,What historical dramas feature determined parents helping their children overcome obstacles to achieve greatness?
38117,What are some modern-day Beauty and the Beast movies with a romantic storyline?
38117,Can you recommend a fantasy romance about a teenager who is transformed and must find true love?
38117,What dramatic young adult romance movies feature a cursed or monstrous protagonist?
535581,What are some comedy-horror movies about zombies disrupting a small town?
535581,"Can you recommend a quirky, darkly funny zombie movie with an ensemble cast?"
535581,What horror comedies feature everyday people dealing with the undead in a sleepy town?
800158,What are some crime thrillers about an assassin who becomes the target after a job goes wrong?
800158,Can you recommend a tense international thriller featuring a professional hitman on the run from his employers?
800158,"What movies are similar to a dark, methodical assassin story involving revenge and an intense manhunt?"
5925,What are some gripping World War II movies about Allied prisoners planning a daring escape from a Nazi prison camp?
5925,Can you recommend an adventure drama based on a true story about an ambitious prison escape during the war?
5925,What movies feature a group of prisoners working together on an elaborate escape from a high-security camp?
403119,What are some intense shark survival movies with people trapped underwater?
403119,Can you recommend a claustrophobic horror thriller about divers running out of oxygen?
403119,What movies feature a vacation gone wrong with great white sharks and high-stakes survival?
388399,"What are some intense crime thrillers based on true events, like the Boston Marathon bombing?"
388399,Can you recommend a suspenseful movie about first responders and investigators chasing terrorists?
388399,What historical action dramas portray a real-life terrorist attack and its aftermath?
502033,What are some emotional dramas about musicians facing life-changing challenges?
502033,Can you recommend a music-focused movie about adapting to hearing loss?
502033,"What films explore addiction, relationships, and rebuilding your life after a major personal setback?"
505600,What are some funny coming-of-age movies about high school friends having one unforgettable night?
505600,Can you recommend a comedy about academically ambitious teenagers who decide to finally have some fun before graduation?
505600,What movies are similar to a hilarious teen comedy about best friends trying to make up for missing out on high school experiences?
266647,What fantasy adventure movies are suitable for families and feature a young orphan discovering a magical world?
266647,"Can you recommend a family-friendly action movie with pirates, magic, and a heroic boy protagonist?"
266647,What movies explore the origin story of a famous fantasy character in a colorful world like Neverland?
5,What are some quirky comedies set in a hotel with outrageous guests and unpredictable situations?
5,"Can you recommend a funny, offbeat movie made up of several interconnected stories?"
5,What comedy should I watch about a bellhop having a bizarre first night on the job?
17609,What are some disturbing psychological horror movies about a grieving couple isolated in the woods?
17609,"Can you recommend an intense, unsettling drama-thriller that explores grief, marriage, and the darker side of nature?"
17609,"What arthouse horror films have a bleak atmosphere, extreme themes, and a couple retreating to a remote cabin?"
9767,What are some funny romantic comedies about a couple who breaks up but still has to live together?
9767,Can you recommend a movie about exes using petty tricks and relationship advice to win each other back?
9767,"What romance comedies are similar to The Break-Up and focus on the messy, humorous side of a failing relationship?"
6466,What horror movies feature iconic villains battling each other?
6466,Can you recommend a scary slasher movie with both Freddy Krueger and Jason Voorhees?
6466,What are some fun crossover horror films involving classic movie monsters?
265177,What are some emotional dramas about a struggling single mother raising a troubled teenager?
265177,Can you recommend a character-driven movie about an unpredictable and sometimes violent teen and his mother?
265177,"What films explore grief, difficult family relationships, and finding unexpected hope through a neighbor?"
705861,What are some inspiring sports dramas about an underdog trying to make it in professional basketball?
705861,Can you recommend a funny and heartfelt basketball movie about a scout discovering a talented player?
705861,"What movies are similar to Hustle, with themes of perseverance, mentorship, and pursuing an NBA dream?"
602269,Can you recommend a gritty crime thriller about detectives hunting a serial killer in Los Angeles?
602269,"What are some dark, suspenseful movies about a police investigation that uncovers disturbing secrets from the past?"
602269,I’m looking for a crime drama with a tense cat-and-mouse investigation and morally complicated detectives—what should I watch?
505948,What are some good sci-fi thrillers about a girl raised by a robot after an apocalypse?
505948,"Can you recommend movies about artificial intelligence, underground survival, and the future of humanity?"
505948,What suspenseful post-apocalyptic movies feature a mysterious stranger challenging a robot caretaker?
482373,Can you recommend a horror thriller about a blind man rescuing a kidnapped girl?
482373,"What movies are similar to Don't Breathe, with a tense survival story and a vulnerable protagonist fighting criminals?"
482373,I’m looking for a suspenseful horror movie set around an isolated home where a family is threatened—what should I watch?
96,What are some funny action-comedy crime movies like Beverly Hills Cop?
96,Can you recommend a movie with a wisecracking cop investigating a major criminal conspiracy?
96,What movies feature Eddie Murphy in an action-packed police adventure?
9360,Can you recommend an adventure horror thriller about a film crew hunted by a ruthless man and a giant snake?
9360,What movies feature a documentary crew trapped in the jungle while searching for a massive deadly creature?
9360,"I’m looking for a tense creature thriller with an insane hunter, a hostage-taking expedition, and a giant snake—what should I watch?"
5123,Can you recommend a heartfelt family drama about a musically gifted orphan searching for his birth parents?
5123,"What movies combine emotional reunions, musical talent, and a young protagonist finding his place in the world?"
5123,I’m looking for an uplifting music-focused film with a child overcoming hardship and discovering his family—what should I watch?
763215,What fantasy adventure movies feature a woman fighting for survival against a fire-breathing dragon?
763215,Can you recommend an action-packed fantasy movie about a young woman betrayed by a charming prince?
763215,What movies involve a royal marriage that turns into a dangerous sacrifice and battle for survival?
109443,What are some funny movies about a news anchor making a comeback?
109443,Can you recommend a comedy sequel set in the world of television news?
109443,What movies feature an over-the-top journalist taking on a new challenge in New York?
37958,What are some fantasy action movies about a mortal hero fighting a ruthless king to save humanity?
37958,Can you recommend a dramatic Greek mythology-inspired movie with epic battles and gods?
37958,"What movies are similar to 300, featuring intense action, ancient Greece, and a heroic quest?"
9387,What are some gritty fantasy action movies about a warrior seeking revenge for his murdered family?
9387,Can you recommend an epic sword-and-sorcery adventure with brutal battles and a powerful hero’s journey?
9387,"What movies are similar to a dark, mythic adventure about a former slave becoming a formidable warrior?"
9383,What are some sci-fi thrillers about a scientist who becomes invisible and dangerous?
9383,Can you recommend an action movie involving an experiment that gives someone the power of invisibility?
9383,What movies feature a brilliant but arrogant researcher who turns into a threat after a scientific breakthrough?
339397,What are some romantic comedy-dramas set in 1930s Hollywood?
339397,Can you recommend a movie about a young man trying to break into the film industry and falling in love?
339397,What films capture the glamour and excitement of Hollywood's café society era?
49527,What are some action thrillers about a man threatening to jump from a rooftop while secretly planning a heist?
49527,"Can you recommend a crime movie involving a former cop, a police psychologist, and a diamond robbery?"
49527,What movies combine a tense hostage-style rooftop standoff with an elaborate heist plot?
951,What are some funny action-comedies about a tough cop going undercover in an unexpected role?
951,Can you recommend a comedy where an undercover police officer has to deal with a chaotic group of children?
951,What movies are similar to a lighthearted action comedy about protecting a criminal’s child while posing as a teacher?
346648,What are some heartwarming family adventure movies with a lovable bear protagonist?
346648,"Can you recommend a funny, feel-good movie about a character trying to find the perfect gift for a loved one?"
346648,What family-friendly adventure comedies have a charming mystery involving a stolen present?
395990,What are some action thrillers about an ordinary man seeking revenge after his family is attacked?
395990,Can you recommend crime dramas where a peaceful father becomes a vigilante after a violent tragedy?
395990,"What movies are similar to Death Wish, with intense revenge, family loss, and brutal action?"
393457,What are some powerful family dramas about African-American life and racial inequality in 1950s America?
393457,"Can you recommend a serious, emotional movie about a father struggling with poverty, racism, and family responsibilities?"
393457,What are some acclaimed dramas set in Pittsburgh that explore family conflict and the challenges faced by Black Americans?
384677,Can you recommend a funny romantic movie about assistants who try to set up their demanding bosses?
384677,What are some lighthearted rom-coms where coworkers scheme to get two people together?
384677,I’m looking for a workplace romance with humor and an overworked assistant storyline—what should I watch?
